gn_code;douanerecht;type_duty
0102211000;0.000 %;DUT 3TH
0102219000;0.000 %;DUT 3TH
0102291090;10.200 % + 93.100 EUR DTN;DUT 3TH
0102909900;0.000 %;DUT 3TH
0104209000;80.500 EUR DTN;DUT 3TH
0105130000;52.000 EUR MIL;DUT 3TH
0105940000;20.900 EUR DTN;DUT 3TH
0105991000;32.300 EUR DTN;DUT 3TH
0105992000;31.600 EUR DTN;DUT 3TH
0106141000;3.800 %;DUT 3TH
0106149000;0.000 %;DUT 3TH
0106190000;0.000 %;DUT 3TH
0106310000;0.000 %;DUT 3TH
0106320000;0.000 %;DUT 3TH
0106391000;6.400 %;DUT 3TH
0106398000;0.000 %;DUT 3TH
0106490000;0.000 %;DUT 3TH
0106900000;0.000 %;DUT 3TH
0201100000;12.800 % + 176.800 EUR DTN;DUT 3TH
0201209015;12.800 % + 265.200 EUR DTN;DUT 3TH
0201300000;12.800 % + 303.400 EUR DTN;DUT 3TH
0201300039;12.800 % + 303.400 EUR DTN;DUT 3TH
0202201000;12.800 % + 176.800 EUR DTN;DUT 3TH
0202209000;12.800 % + 265.300 EUR DTN;DUT 3TH
0202305000;12.800 % + 221.100 EUR DTN;DUT 3TH
0202309000;12.800 % + 304.100 EUR DTN;DUT 3TH
0202309090;12.800 % + 304.100 EUR DTN;DUT 3TH
0203111000;53.600 EUR DTN;DUT 3TH
0203121100;77.800 EUR DTN;DUT 3TH
0203219000;0.000 %;DUT 3TH
0203291300;86.900 EUR DTN;DUT 3TH
0203299000;0.000 %;DUT 3TH
0204223000;12.800 % + 188.500 EUR DTN;DUT 3TH
0204225010;12.800 % + 222.700 EUR DTN;DUT 3TH
0204225090;12.800 % + 222.700 EUR DTN;DUT 3TH
0204229010;12.800 % + 222.700 EUR DTN;DUT 3TH
0204421010;12.800 % + 90.200 EUR DTN;DUT 3TH
0204421090;12.800 % + 90.200 EUR DTN;DUT 3TH
0204423010;12.800 % + 141.700 EUR DTN;DUT 3TH
0204423090;12.800 % + 141.700 EUR DTN;DUT 3TH
0204425010;12.800 % + 167.500 EUR DTN;DUT 3TH
0204425090;12.800 % + 167.500 EUR DTN;DUT 3TH
0204429010;12.800 % + 167.500 EUR DTN;DUT 3TH
0204429090;12.800 % + 167.500 EUR DTN;DUT 3TH
0204431000;12.800 % + 234.500 EUR DTN;DUT 3TH
0204431010;12.800 % + 234.500 EUR DTN;DUT 3TH
0206220000;0.000 %;DUT 3TH
0206299900;0.000 %;DUT 3TH
0206490000;0.000 %;DUT 3TH
0206909900;0.000 %;DUT 3TH
0207119000;32.500 EUR DTN;DUT 3TH
0207129000;32.500 EUR DTN;DUT 3TH
0207131000;102.400 EUR DTN;DUT 3TH
0207132000;35.800 EUR DTN;DUT 3TH
0207145000;60.200 EUR DTN;DUT 3TH
0207446100;46.300 EUR DTN;DUT 3TH
0207451000;128.300 EUR DTN;DUT 3TH
0207459300;0.000 %;DUT 3TH
0208101000;6.400 %;DUT 3TH
0208109000;0.000 %;DUT 3TH
0208903000;0.000 %;DUT 3TH
0208907000;6.400 %;DUT 3TH
0209109000;12.900 EUR DTN;DUT 3TH
0210993990;130.000 EUR DTN;DUT 3TH
0303120080;2.000 %;DUT 3TH
0303130000;2.000 %;DUT 3TH
0303230000;8.000 %;DUT 3TH
0303240000;8.000 %;DUT 3TH
0303260000;0.000 %;DUT 3TH
0303290000;8.000 %;DUT 3TH
0303398590;15.000 %;DUT 3TH
0303498500;22.000 %;DUT 3TH
0303533000;15.000 %;DUT 3TH
0303541090;20.000 %;DUT 3TH
0303541098;20.000 %;DUT 3TH
0303551000;15.000 %;DUT 3TH
0303553000;15.000 %;DUT 3TH
0303553090;15.000 %;DUT 3TH
0303592900;22.000 %;DUT 3TH
0303599000;15.000 %;DUT 3TH
0303661999;15.000 %;DUT 3TH
0303669000;15.000 %;DUT 3TH
0303811500;6.000 %;DUT 3TH
0303811590;6.000 %;DUT 3TH
0303819000;8.000 %;DUT 3TH
0303820000;15.000 %;DUT 3TH
0303820090;15.000 %;DUT 3TH
0303891000;8.000 %;DUT 3TH
0303895000;15.000 %;DUT 3TH
0303896000;15.000 %;DUT 3TH
0303896500;15.000 %;DUT 3TH
0303899090;15.000 %;DUT 3TH
0303899092;15.000 %;DUT 3TH
0303899095;15.000 %;DUT 3TH
0303990000;10.000 %;DUT 3TH
0304421000;12.000 %;DUT 3TH
0304610000;9.000 %;DUT 3TH
0304620000;9.000 %;DUT 3TH
0304630000;9.000 %;DUT 3TH
0304711090;7.500 %;DUT 3TH
0304719000;7.500 %;DUT 3TH
0304719030;7.500 %;DUT 3TH
0304720000;7.500 %;DUT 3TH
0304750000;13.700 %;DUT 3TH
0304750090;13.700 %;DUT 3TH
0304795090;7.500 %;DUT 3TH
0304810090;2.000 %;DUT 3TH
0304831000;7.500 %;DUT 3TH
0304833000;7.500 %;DUT 3TH
0304839011;15.000 %;DUT 3TH
0304839021;15.000 %;DUT 3TH
0304839029;15.000 %;DUT 3TH
0304839090;15.000 %;DUT 3TH
0304860000;15.000 %;DUT 3TH
0304870090;18.000 %;DUT 3TH
0304889000;15.000 %;DUT 3TH
0304891000;9.000 %;DUT 3TH
0304892910;7.500 %;DUT 3TH
0304896000;15.000 %;DUT 3TH
0304899090;15.000 %;DUT 3TH
0304959000;7.500 %;DUT 3TH
0304992113;8.000 %;DUT 3TH
0304992190;8.000 %;DUT 3TH
0305100090;13.000 %;DUT 3TH
0305200000;11.000 %;DUT 3TH
0305399090;16.000 %;DUT 3TH
0305598590;12.000 %;DUT 3TH
0305698090;12.000 %;DUT 3TH
0306119080;0.000 %;DUT 3TH
0306121010;0.000 %;DUT 3TH
0306121099;6.000 %;DUT 3TH
0306129099;0.000 %;DUT 3TH
0306129099;16.000 %;DUT 3TH
0306143000;7.500 %;DUT 3TH
0306149090;7.500 %;DUT 3TH
0306179220;12.000 %;DUT 3TH
0306179290;12.000 %;DUT 3TH
0306179300;12.000 %;DUT 3TH
0306179400;12.000 %;DUT 3TH
0306179990;12.000 %;DUT 3TH
0306199000;12.000 %;DUT 3TH
0306959090;12.000 %;DUT 3TH
0307221000;8.000 %;DUT 3TH
0307229000;8.000 %;DUT 3TH
0307229500;11.000 %;DUT 3TH
0307290000;8.000 %;DUT 3TH
0307290090;8.000 %;DUT 3TH
0307321000;10.000 %;DUT 3TH
0307329000;8.000 %;DUT 3TH
0307432900;8.000 %;DUT 3TH
0307433100;6.000 %;DUT 3TH
0307433800;6.000 %;DUT 3TH
0307439290;8.000 %;DUT 3TH
0307439931;11.000 %;DUT 3TH
0307439990;11.000 %;DUT 3TH
0307492000;8.000 %;DUT 3TH
0307494090;6.000 %;DUT 3TH
0307520000;8.000 %;DUT 3TH
0307590090;8.000 %;DUT 3TH
0307600000;0.000 %;DUT 3TH
0307920000;11.000 %;DUT 3TH
0307920090;11.000 %;DUT 3TH
0307990000;11.000 %;DUT 3TH
0308905000;11.000 %;DUT 3TH
0309900000;11.000 %;DUT 3TH
0401109000;12.900 EUR DTN;DUT 3TH
0401201100;18.800 EUR DTN;DUT 3TH
0401503100;110.000 EUR DTN;DUT 3TH
0401503900;109.100 EUR DTN;DUT 3TH
0401509900;182.800 EUR DTN;DUT 3TH
0402109100;1.190 EUR KGM P + 27.500 EUR DTN;DUT 3TH
0402109900;1.190 EUR KGM P + 21.000 EUR DTN;DUT 3TH
0402211800;130.400 EUR DTN;DUT 3TH
0402219900;161.900 EUR DTN;DUT 3TH
0402291500;1.310 EUR KGM P + 22.000 EUR DTN;DUT 3TH
0402911000;34.700 EUR DTN;DUT 3TH
0403201100;20.500 EUR DTN;DUT 3TH
0403209100;8.300 % + 12.400 EUR DTN;DUT 3TH
0403209300;8.300 % + 17.100 EUR DTN;DUT 3TH
0404100200;7.000 EUR DTN;DUT 3TH
0404100400;135.700 EUR DTN;DUT 3TH
0404101200;100.400 EUR DTN;DUT 3TH
0404108400;1.620 EUR KGM P + 22.000 EUR DTN;DUT 3TH
0404908390;1.310 EUR KGM P + 22.000 EUR DTN;DUT 3TH
0404908900;1.620 EUR KGM P + 22.000 EUR DTN;DUT 3TH
0405101100;189.600 EUR DTN;DUT 3TH
0405101900;189.600 EUR DTN;DUT 3TH
0405103000;189.600 EUR DTN;DUT 3TH
0405109000;231.300 EUR DTN;DUT 3TH
0405201000;9.000 % + EA;DUT 3TH
0405203000;9.000 % + EA;DUT 3TH
0405901000;231.300 EUR DTN;DUT 3TH
0405909000;231.300 EUR DTN;DUT 3TH
0406103010;185.200 EUR DTN;DUT 3TH
0406105000;185.200 EUR DTN;DUT 3TH
0406108000;221.200 EUR DTN;DUT 3TH
0406200000;188.200 EUR DTN;DUT 3TH
0406303100;139.100 EUR DTN;DUT 3TH
0406309000;215.000 EUR DTN;DUT 3TH
0406401000;140.900 EUR DTN;DUT 3TH
0406409000;140.900 EUR DTN;DUT 3TH
0406900100;167.100 EUR DTN;DUT 3TH
0406901500;171.700 EUR DTN;DUT 3TH
0406902900;151.000 EUR DTN;DUT 3TH
0406903200;151.000 EUR DTN;DUT 3TH
0406906100;188.200 EUR DTN;DUT 3TH
0406907900;151.000 EUR DTN;DUT 3TH
0406908100;151.000 EUR DTN;DUT 3TH
0406908600;151.000 EUR DTN;DUT 3TH
0406908900;151.000 EUR DTN;DUT 3TH
0406909200;151.000 EUR DTN;DUT 3TH
0406909300;185.200 EUR DTN;DUT 3TH
0406909900;221.200 EUR DTN;DUT 3TH
0407191900;35.000 EUR MIL;DUT 3TH
0408198100;62.000 EUR DTN;DUT 3TH
0409000000;17.300 %;DUT 3TH
0410000000;7.700 %;DUT 3TH
0504000010;0.000 %;DUT 3TH
0504000090;0.000 %;DUT 3TH
0506100000;0.000 %;DUT 3TH
0506900000;0.000 %;DUT 3TH
0507900000;0.000 %;DUT 3TH
0508000090;0.000 %;DUT 3TH
0508009000;0.000 %;DUT 3TH
0508009090;0.000 %;DUT 3TH
0510000000;0.000 %;DUT 3TH
0511911000;0.000 %;DUT 3TH
0511919000;0.000 %;DUT 3TH
0511993100;0.000 %;DUT 3TH
0511993900;5.100 %;DUT 3TH
0511998500;0.000 %;DUT 3TH
0511998520;0.000 %;DUT 3TH
0511998590;0.000 %;DUT 3TH
0601104000;5.100 %;DUT 3TH
0601109000;5.100 %;DUT 3TH
0601209000;6.400 %;DUT 3TH
0601209010;6.400 %;DUT 3TH
0601209090;6.400 %;DUT 3TH
0602202000;8.300 %;DUT 3TH
0602203000;8.300 %;DUT 3TH
0602208000;8.300 %;DUT 3TH
0602903000;8.300 %;DUT 3TH
0602904500;6.500 %;DUT 3TH
0602907000;6.500 %;DUT 3TH
0602909100;6.500 %;DUT 3TH
0602909900;6.500 %;DUT 3TH
0602909990;6.500 %;DUT 3TH
0603900000;10.000 %;DUT 3TH
0604202000;2.500 %;DUT 3TH
0604209000;2.000 %;DUT 3TH
0604901100;0.000 %;DUT 3TH
0604901900;5.000 %;DUT 3TH
0604909100;0.000 %;DUT 3TH
0604909900;10.900 %;DUT 3TH
0701100000;4.500 %;DUT 3TH
0701901000;5.800 %;DUT 3TH
0701905000;9.600 %;DUT 3TH
0701909000;11.500 %;DUT 3TH
0701909090;11.500 %;DUT 3TH
0702000000;"Cond: V 62.600 EUR/DTN(01):8.800 % ; V 61.300 EUR/DTN(01):8.800 % + 1.300 EUR DTN ; V 60.100 EUR/DTN(01):8.800 % + 2.500 EUR DTN ; V 58.800 EUR/DTN(01):8.800 % + 3.800 EUR DTN ; V 57.600 EUR/DTN(01):8.800 % + 5.000 EUR DTN ; V 0.000 EUR/DTN(01):8.800 % + 29.800 EUR DTN";DUT 3TH
0702000000;"Cond: V 84.600 EUR/DTN(01):8.800 % ; V 82.900 EUR/DTN(01):8.800 % + 1.700 EUR DTN ; V 81.200 EUR/DTN(01):8.800 % + 3.400 EUR DTN ; V 79.500 EUR/DTN(01):8.800 % + 5.100 EUR DTN ; V 77.800 EUR/DTN(01):8.800 % + 6.800 EUR DTN ; V 0.000 EUR/DTN(01):8.800 % + 29.800 EUR DTN";DUT 3TH
0702000099;"Cond: V 84.600 EUR/DTN(01):8.800 % ; V 82.900 EUR/DTN(01):8.800 % + 1.700 EUR DTN ; V 81.200 EUR/DTN(01):8.800 % + 3.400 EUR DTN ; V 79.500 EUR/DTN(01):8.800 % + 5.100 EUR DTN ; V 77.800 EUR/DTN(01):8.800 % + 6.800 EUR DTN ; V 0.000 EUR/DTN(01):8.800 % + 29.800 EUR DTN";DUT 3TH
0702009900;"Cond: V 84.600 EUR/DTN(01):8.800 % ; V 82.900 EUR/DTN(01):8.800 % + 1.700 EUR DTN ; V 81.200 EUR/DTN(01):8.800 % + 3.400 EUR DTN ; V 79.500 EUR/DTN(01):8.800 % + 5.100 EUR DTN ; V 77.800 EUR/DTN(01):8.800 % + 6.800 EUR DTN ; V 0.000 EUR/DTN(01):8.800 % + 29.800 EUR DTN";DUT 3TH
0703101100;9.600 %;DUT 3TH
0703101900;9.600 %;DUT 3TH
0703109000;9.600 %;DUT 3TH
0703200000;9.600 % + 120.000 EUR DTN;DUT 3TH
0703900000;10.400 %;DUT 3TH
0704100000;13.600 % MIN 1.600 EUR DTN;DUT 3TH
0704101000;13.600 % MIN 1.600 EUR DTN;DUT 3TH
0704101000;9.600 % MIN 1.100 EUR DTN;DUT 3TH
0704101000;9.600 % MIN 1.100 EUR DTN;DUT 3TH
0704101000;9.600 % MIN 1.100 EUR DTN;DUT 3TH
0704109000;12.000 %;DUT 3TH
0704901000;12.000 % MIN 0.400 EUR DTN;DUT 3TH
0704909000;12.000 %;DUT 3TH
0705110000;12.000 % MIN 2.000 EUR DTN G;DUT 3TH
0705190000;10.400 %;DUT 3TH
0705210000;10.400 %;DUT 3TH
0705290000;10.400 %;DUT 3TH
0706100000;13.600 %;DUT 3TH
0706901000;10.400 %;DUT 3TH
0706901000;10.400 %;DUT 3TH
0706901000;10.400 %;DUT 3TH
0706901000;13.600 %;DUT 3TH
0706901000;13.600 %;DUT 3TH
0706901000;13.600 %;DUT 3TH
0706901000;13.600 %;DUT 3TH
0706901000;13.600 %;DUT 3TH
0706901000;13.600 %;DUT 3TH
0706909000;13.600 %;DUT 3TH
0707000599;"Cond: V 48.100 EUR/DTN(01):16.000 % ; V 47.100 EUR/DTN(01):16.000 % + 1.000 EUR DTN ; V 46.200 EUR/DTN(01):16.000 % + 1.900 EUR DTN ; V 45.200 EUR/DTN(01):16.000 % + 2.900 EUR DTN ; V 44.300 EUR/DTN(01):16.000 % + 3.800 EUR DTN ; V 0.000 EUR/DTN(01):16.000 % + 37.800 EUR DTN";DUT 3TH
0708200000;10.400 % MIN 1.600 EUR DTN;DUT 3TH
0708900010;11.200 %;DUT 3TH
0708900090;11.200 %;DUT 3TH
0709300000;12.800 %;DUT 3TH
0709300090;12.800 %;DUT 3TH
0709400000;12.800 %;DUT 3TH
0709510000;12.800 %;DUT 3TH
0709601000;7.200 %;DUT 3TH
0709609900;6.400 %;DUT 3TH
0709910000;10.400 %;DUT 3TH
0709931000;"Cond: V 41.300 EUR/DTN(01):12.800 % ; V 40.500 EUR/DTN(01):12.800 % + 0.800 EUR DTN ; V 39.600 EUR/DTN(01):12.800 % + 1.700 EUR DTN ; V 38.800 EUR/DTN(01):12.800 % + 2.500 EUR DTN ; V 38.000 EUR/DTN(01):12.800 % + 3.300 EUR DTN ; V 0.000 EUR/DTN(01):12.800 % + 15.200 EUR DTN";DUT 3TH
0709939000;12.800 %;DUT 3TH
0709991000;10.400 %;DUT 3TH
0709994000;5.600 %;DUT 3TH
0709995000;8.000 %;DUT 3TH
0709999000;12.800 %;DUT 3TH
0709999020;12.800 %;DUT 3TH
0709999072;12.800 %;DUT 3TH
0709999090;12.800 %;DUT 3TH
0710210000;14.400 %;DUT 3TH
0710210090;14.400 %;DUT 3TH
0710220000;14.400 %;DUT 3TH
0710220020;14.400 %;DUT 3TH
0710220090;14.400 %;DUT 3TH
0710290000;14.400 %;DUT 3TH
0710300000;14.400 %;DUT 3TH
0710400090;5.100 % + 9.400 EUR DTN E;DUT 3TH
0710400099;5.100 % + 9.400 EUR DTN E;DUT 3TH
0710801000;15.200 %;DUT 3TH
0710805100;14.400 %;DUT 3TH
0710805900;6.400 %;DUT 3TH
0710805920;6.400 %;DUT 3TH
0710805990;6.400 %;DUT 3TH
0710806990;14.400 %;DUT 3TH
0710808000;14.400 %;DUT 3TH
0710808500;14.400 %;DUT 3TH
0710809530;14.400 %;DUT 3TH
0710809550;14.400 %;DUT 3TH
0710809560;14.400 %;DUT 3TH
0710809578;14.400 %;DUT 3TH
0710809580;14.400 %;DUT 3TH
0710900000;14.400 %;DUT 3TH
0711400000;12.000 %;DUT 3TH
0711905000;7.200 %;DUT 3TH
0711909000;12.000 %;DUT 3TH
0712310000;12.800 %;DUT 3TH
0712390000;12.800 %;DUT 3TH
0712390031;12.800 %;DUT 3TH
0712390039;12.800 %;DUT 3TH
0712900500;10.200 %;DUT 3TH
0712903000;12.800 %;DUT 3TH
0712905000;12.800 %;DUT 3TH
0712909000;12.800 %;DUT 3TH
0712909010;12.800 %;DUT 3TH
0712909090;12.800 %;DUT 3TH
0713101000;0.000 %;DUT 3TH
0713109000;0.000 %;DUT 3TH
0713200000;0.000 %;DUT 3TH
0713200000;"Cond: B cert: Y-155 (01):50.000 % ; B (01):0.000 %";DUT 3TH
0713310000;0.000 %;DUT 3TH
0713331000;0.000 %;DUT 3TH
0713339000;0.000 %;DUT 3TH
0713350000;0.000 %;DUT 3TH
0713390000;0.000 %;DUT 3TH
0713400000;0.000 %;DUT 3TH
0713500090;3.200 %;DUT 3TH
0713600000;3.200 %;DUT 3TH
0713900000;3.200 %;DUT 3TH
0713900010;3.200 %;DUT 3TH
0713900090;3.200 %;DUT 3TH
0714100010;9.500 EUR DTN;DUT 3TH
0714100099;9.500 EUR DTN;DUT 3TH
0714201000;3.000 %;DUT 3TH
0714209000;6.400 EUR DTN;DUT 3TH
0714300010;9.500 EUR DTN;DUT 3TH
0714300099;9.500 EUR DTN;DUT 3TH
0714400010;9.500 EUR DTN;DUT 3TH
0714500099;9.500 EUR DTN;DUT 3TH
0714909000;3.000 %;DUT 3TH
0801110000;0.000 %;DUT 3TH
0801120000;0.000 %;DUT 3TH
0801190000;0.000 %;DUT 3TH
0801190000;0.000 %;DUT 3TH
0801220000;0.000 %;DUT 3TH
0801310000;0.000 %;DUT 3TH
0801320000;0.000 %;DUT 3TH
0802119000;5.600 %;DUT 3TH
0802121000;0.000 %;DUT 3TH
0802129000;3.500 %;DUT 3TH
0802210000;3.200 %;DUT 3TH
0802220000;3.200 %;DUT 3TH
0802310000;4.000 %;DUT 3TH
0802320000;5.100 %;DUT 3TH
0802410000;5.600 %;DUT 3TH
0802420000;5.600 %;DUT 3TH
0802510000;1.600 %;DUT 3TH
0802520000;1.600 %;DUT 3TH
0802620000;2.000 %;DUT 3TH
0802901000;0.000 %;DUT 3TH
0802910000;2.000 %;DUT 3TH
0802920000;2.000 %;DUT 3TH
0802991000;0.000 %;DUT 3TH
0802999000;2.000 %;DUT 3TH
0803109000;16.000 %;DUT 3TH
0803909000;16.000 %;DUT 3TH
0804100000;7.700 %;DUT 3TH
0804100030;7.700 %;DUT 3TH
0804100091;7.700 %;DUT 3TH
0804100099;7.700 %;DUT 3TH
0804209000;8.000 %;DUT 3TH
0804300000;5.800 %;DUT 3TH
0804300010;5.800 %;DUT 3TH
0804300090;5.800 %;DUT 3TH
0804500000;0.000 %;DUT 3TH
0804500040;0.000 %;DUT 3TH
0804500089;0.000 %;DUT 3TH
0805102200;"Cond: V 35.400 EUR/DTN(01):10.400 % ; V 34.700 EUR/DTN(01):10.400 % + 0.700 EUR DTN ; V 34.000 EUR/DTN(01):10.400 % + 1.400 EUR DTN ; V 33.300 EUR/DTN(01):10.400 % + 2.100 EUR DTN ; V 32.600 EUR/DTN(01):10.400 % + 2.800 EUR DTN ; V 0.000 EUR/DTN(01):10.400 % + 7.100 EUR DTN";DUT 3TH
0805102200;"Cond: V 35.400 EUR/DTN(01):10.400 % ; V 34.700 EUR/DTN(01):10.400 % + 0.700 EUR DTN ; V 34.000 EUR/DTN(01):10.400 % + 1.400 EUR DTN ; V 33.300 EUR/DTN(01):10.400 % + 2.100 EUR DTN ; V 32.600 EUR/DTN(01):10.400 % + 2.800 EUR DTN ; V 0.000 EUR/DTN(01):10.400 % + 7.100 EUR DTN";DUT 3TH
0805102200;"Cond: V 35.400 EUR/DTN(01):16.000 % ; V 34.700 EUR/DTN(01):16.000 % + 0.700 EUR DTN ; V 34.000 EUR/DTN(01):16.000 % + 1.400 EUR DTN ; V 33.300 EUR/DTN(01):16.000 % + 2.100 EUR DTN ; V 32.600 EUR/DTN(01):16.000 % + 2.800 EUR DTN ; V 0.000 EUR/DTN(01):16.000 % + 7.100 EUR DTN";DUT 3TH
0805102400;"Cond: V 35.400 EUR/DTN(01):10.400 % ; V 34.700 EUR/DTN(01):10.400 % + 0.700 EUR DTN ; V 34.000 EUR/DTN(01):10.400 % + 1.400 EUR DTN ; V 33.300 EUR/DTN(01):10.400 % + 2.100 EUR DTN ; V 32.600 EUR/DTN(01):10.400 % + 2.800 EUR DTN ; V 0.000 EUR/DTN(01):10.400 % + 7.100 EUR DTN";DUT 3TH
0805102400;"Cond: V 35.400 EUR/DTN(01):10.400 % ; V 34.700 EUR/DTN(01):10.400 % + 0.700 EUR DTN ; V 34.000 EUR/DTN(01):10.400 % + 1.400 EUR DTN ; V 33.300 EUR/DTN(01):10.400 % + 2.100 EUR DTN ; V 32.600 EUR/DTN(01):10.400 % + 2.800 EUR DTN ; V 0.000 EUR/DTN(01):10.400 % + 7.100 EUR DTN";DUT 3TH
0805102400;"Cond: V 35.400 EUR/DTN(01):16.000 % ; V 34.700 EUR/DTN(01):16.000 % + 0.700 EUR DTN ; V 34.000 EUR/DTN(01):16.000 % + 1.400 EUR DTN ; V 33.300 EUR/DTN(01):16.000 % + 2.100 EUR DTN ; V 32.600 EUR/DTN(01):16.000 % + 2.800 EUR DTN ; V 0.000 EUR/DTN(01):16.000 % + 7.100 EUR DTN";DUT 3TH
0805102400;"Cond: V 35.400 EUR/DTN(01):16.000 % ; V 34.700 EUR/DTN(01):16.000 % + 0.700 EUR DTN ; V 34.000 EUR/DTN(01):16.000 % + 1.400 EUR DTN ; V 33.300 EUR/DTN(01):16.000 % + 2.100 EUR DTN ; V 32.600 EUR/DTN(01):16.000 % + 2.800 EUR DTN ; V 0.000 EUR/DTN(01):16.000 % + 7.100 EUR DTN";DUT 3TH
0805102400;"Cond: V 35.400 EUR/DTN(01):16.000 % ; V 34.700 EUR/DTN(01):16.000 % + 0.700 EUR DTN ; V 34.000 EUR/DTN(01):16.000 % + 1.400 EUR DTN ; V 33.300 EUR/DTN(01):16.000 % + 2.100 EUR DTN ; V 32.600 EUR/DTN(01):16.000 % + 2.800 EUR DTN ; V 0.000 EUR/DTN(01):16.000 % + 7.100 EUR DTN";DUT 3TH
0805102400;"Cond: V 35.400 EUR/DTN(01):16.000 % ; V 34.700 EUR/DTN(01):16.000 % + 0.700 EUR DTN ; V 34.000 EUR/DTN(01):16.000 % + 1.400 EUR DTN ; V 33.300 EUR/DTN(01):16.000 % + 2.100 EUR DTN ; V 32.600 EUR/DTN(01):16.000 % + 2.800 EUR DTN ; V 0.000 EUR/DTN(01):16.000 % + 7.100 EUR DTN";DUT 3TH
0805102800;3.200 %;DUT 3TH
0805102890;3.200 %;DUT 3TH
0805102890;3.200 %;DUT 3TH
0805108000;12.000 %;DUT 3TH
0805108000;12.000 %;DUT 3TH
0805108000;16.000 %;DUT 3TH
0805108010;12.000 %;DUT 3TH
0805219000;"Cond: V 28.600 EUR/DTN(01):16.000 % ; V 28.000 EUR/DTN(01):16.000 % + 0.600 EUR DTN ; V 27.500 EUR/DTN(01):16.000 % + 1.100 EUR DTN ; V 26.900 EUR/DTN(01):16.000 % + 1.700 EUR DTN ; V 26.300 EUR/DTN(01):16.000 % + 2.300 EUR DTN ; V 0.000 EUR/DTN(01):16.000 % + 10.600 EUR DTN";DUT 3TH
0805290000;16.000 %;DUT 3TH
0805290000;16.000 %;DUT 3TH
0805290099;16.000 %;DUT 3TH
0805400000;1.500 %;DUT 3TH
0805400000;1.500 %;DUT 3TH
0805400000;2.400 %;DUT 3TH
0805400000;2.400 %;DUT 3TH
0805501000;"Cond: V 46.200 EUR/DTN(01):6.400 % ; V 45.300 EUR/DTN(01):6.400 % + 0.900 EUR DTN ; V 44.400 EUR/DTN(01):6.400 % + 1.800 EUR DTN ; V 43.400 EUR/DTN(01):6.400 % + 2.800 EUR DTN ; V 42.500 EUR/DTN(01):6.400 % + 3.700 EUR DTN ; V 0.000 EUR/DTN(01):6.400 % + 25.600 EUR DTN";DUT 3TH
0805501000;"Cond: V 46.200 EUR/DTN(01):6.400 % ; V 45.300 EUR/DTN(01):6.400 % + 0.900 EUR DTN ; V 44.400 EUR/DTN(01):6.400 % + 1.800 EUR DTN ; V 43.400 EUR/DTN(01):6.400 % + 2.800 EUR DTN ; V 42.500 EUR/DTN(01):6.400 % + 3.700 EUR DTN ; V 0.000 EUR/DTN(01):6.400 % + 25.600 EUR DTN";DUT 3TH
0805501000;"Cond: V 46.200 EUR/DTN(01):6.400 % ; V 45.300 EUR/DTN(01):6.400 % + 0.900 EUR DTN ; V 44.400 EUR/DTN(01):6.400 % + 1.800 EUR DTN ; V 43.400 EUR/DTN(01):6.400 % + 2.800 EUR DTN ; V 42.500 EUR/DTN(01):6.400 % + 3.700 EUR DTN ; V 0.000 EUR/DTN(01):6.400 % + 25.600 EUR DTN";DUT 3TH
0805501000;"Cond: V 55.800 EUR/DTN(01):6.400 % ; V 54.700 EUR/DTN(01):6.400 % + 1.100 EUR DTN ; V 53.600 EUR/DTN(01):6.400 % + 2.200 EUR DTN ; V 52.500 EUR/DTN(01):6.400 % + 3.300 EUR DTN ; V 51.300 EUR/DTN(01):6.400 % + 4.500 EUR DTN ; V 50.200 EUR/DTN(01):6.400 % + 5.600 EUR DTN ; V 49.100 EUR/DTN(01):6.400 % + 6.700 EUR DTN ; V 48.000 EUR/DTN(01):6.400 % + 7.800 EUR DTN ; V 46.900 EUR/DTN(01):6.400 % + 8.900 EUR DTN ; V 0.000 EUR/DTN(01):6.400 % + 25.600 EUR DTN";DUT 3TH
0805501090;"Cond: V 46.200 EUR/DTN(01):6.400 % ; V 45.300 EUR/DTN(01):6.400 % + 0.900 EUR DTN ; V 44.400 EUR/DTN(01):6.400 % + 1.800 EUR DTN ; V 43.400 EUR/DTN(01):6.400 % + 2.800 EUR DTN ; V 42.500 EUR/DTN(01):6.400 % + 3.700 EUR DTN ; V 0.000 EUR/DTN(01):6.400 % + 25.600 EUR DTN";DUT 3TH
0805501090;"Cond: V 46.200 EUR/DTN(01):6.400 % ; V 45.300 EUR/DTN(01):6.400 % + 0.900 EUR DTN ; V 44.400 EUR/DTN(01):6.400 % + 1.800 EUR DTN ; V 43.400 EUR/DTN(01):6.400 % + 2.800 EUR DTN ; V 42.500 EUR/DTN(01):6.400 % + 3.700 EUR DTN ; V 0.000 EUR/DTN(01):6.400 % + 25.600 EUR DTN";DUT 3TH
0805501090;"Cond: V 55.800 EUR/DTN(01):6.400 % ; V 54.700 EUR/DTN(01):6.400 % + 1.100 EUR DTN ; V 53.600 EUR/DTN(01):6.400 % + 2.200 EUR DTN ; V 52.500 EUR/DTN(01):6.400 % + 3.300 EUR DTN ; V 51.300 EUR/DTN(01):6.400 % + 4.500 EUR DTN ; V 0.000 EUR/DTN(01):6.400 % + 25.600 EUR DTN";DUT 3TH
0805501090;"Cond: V 55.800 EUR/DTN(01):6.400 % ; V 54.700 EUR/DTN(01):6.400 % + 1.100 EUR DTN ; V 53.600 EUR/DTN(01):6.400 % + 2.200 EUR DTN ; V 52.500 EUR/DTN(01):6.400 % + 3.300 EUR DTN ; V 51.300 EUR/DTN(01):6.400 % + 4.500 EUR DTN ; V 50.200 EUR/DTN(01):6.400 % + 5.600 EUR DTN ; V 49.100 EUR/DTN(01):6.400 % + 6.700 EUR DTN ; V 48.000 EUR/DTN(01):6.400 % + 7.800 EUR DTN ; V 46.900 EUR/DTN(01):6.400 % + 8.900 EUR DTN ; V 0.000 EUR/DTN(01):6.400 % + 25.600 EUR DTN";DUT 3TH
0805509000;12.800 %;DUT 3TH
0805900000;12.800 %;DUT 3TH
0806109000;14.400 %;DUT 3TH
0806109000;17.600 %;DUT 3TH
0806201000;2.400 %;DUT 3TH
0806203010;2.400 %;DUT 3TH
0806203090;2.400 %;DUT 3TH
0806209000;2.400 %;DUT 3TH
0807190000;8.800 %;DUT 3TH
0807190090;8.800 %;DUT 3TH
0808101000;7.200 % MIN 0.360 EUR DTN;DUT 3TH
0808108000;"Cond: V 45.700 EUR/DTN(01):0.000 % ; V 44.800 EUR/DTN(01):4.800 % + 0.900 EUR DTN ; V 43.900 EUR/DTN(01):4.800 % + 1.800 EUR DTN ; V 43.000 EUR/DTN(01):4.800 % + 2.700 EUR DTN ; V 42.000 EUR/DTN(01):4.800 % + 3.700 EUR DTN ; V 0.000 EUR/DTN(01):4.800 % + 23.800 EUR DTN";DUT 3TH
0808108000;"Cond: V 45.700 EUR/DTN(01):9.000 % ; V 44.800 EUR/DTN(01):11.200 % + 0.900 EUR DTN ; V 43.900 EUR/DTN(01):11.200 % + 1.800 EUR DTN ; V 43.000 EUR/DTN(01):11.200 % + 2.700 EUR DTN ; V 42.000 EUR/DTN(01):11.200 % + 3.700 EUR DTN ; V 0.000 EUR/DTN(01):11.200 % + 23.800 EUR DTN";DUT 3TH
0808108000;"Cond: V 45.700 EUR/DTN(01):9.000 % ; V 44.800 EUR/DTN(01):11.200 % + 0.900 EUR DTN ; V 43.900 EUR/DTN(01):11.200 % + 1.800 EUR DTN ; V 43.000 EUR/DTN(01):11.200 % + 2.700 EUR DTN ; V 42.000 EUR/DTN(01):11.200 % + 3.700 EUR DTN ; V 0.000 EUR/DTN(01):11.200 % + 23.800 EUR DTN";DUT 3TH
0808108000;"Cond: V 45.700 EUR/DTN(01):9.000 % ; V 44.800 EUR/DTN(01):11.200 % + 0.900 EUR DTN ; V 43.900 EUR/DTN(01):11.200 % + 1.800 EUR DTN ; V 43.000 EUR/DTN(01):11.200 % + 2.700 EUR DTN ; V 42.000 EUR/DTN(01):11.200 % + 3.700 EUR DTN ; V 0.000 EUR/DTN(01):11.200 % + 23.800 EUR DTN";DUT 3TH
0808108000;"Cond: V 45.700 EUR/DTN(01):9.000 % ; V 44.800 EUR/DTN(01):11.200 % + 0.900 EUR DTN ; V 43.900 EUR/DTN(01):11.200 % + 1.800 EUR DTN ; V 43.000 EUR/DTN(01):11.200 % + 2.700 EUR DTN ; V 42.000 EUR/DTN(01):11.200 % + 3.700 EUR DTN ; V 0.000 EUR/DTN(01):11.200 % + 23.800 EUR DTN";DUT 3TH
0808108000;"Cond: V 45.700 EUR/DTN(01):9.000 % ; V 44.800 EUR/DTN(01):11.200 % + 0.900 EUR DTN ; V 43.900 EUR/DTN(01):11.200 % + 1.800 EUR DTN ; V 43.000 EUR/DTN(01):11.200 % + 2.700 EUR DTN ; V 42.000 EUR/DTN(01):11.200 % + 3.700 EUR DTN ; V 0.000 EUR/DTN(01):11.200 % + 23.800 EUR DTN";DUT 3TH
0808108000;"Cond: V 56.800 EUR/DTN(01):0.000 % ; V 55.700 EUR/DTN(01):3.000 % + 1.100 EUR DTN ; V 54.500 EUR/DTN(01):3.000 % + 2.300 EUR DTN ; V 53.400 EUR/DTN(01):3.000 % + 3.400 EUR DTN ; V 52.300 EUR/DTN(01):3.000 % + 4.500 EUR DTN ; V 51.100 EUR/DTN(01):3.000 % + 5.700 EUR DTN ; V 50.000 EUR/DTN(01):3.000 % + 6.800 EUR DTN ; V 48.800 EUR/DTN(01):3.000 % + 8.000 EUR DTN ; V 0.000 EUR/DTN(01):3.000 % + 23.800 EUR DTN";DUT 3TH
0808108000;"Cond: V 56.800 EUR/DTN(01):0.000 % ; V 55.700 EUR/DTN(01):3.000 % + 1.100 EUR DTN ; V 54.500 EUR/DTN(01):3.000 % + 2.300 EUR DTN ; V 53.400 EUR/DTN(01):3.000 % + 3.400 EUR DTN ; V 52.300 EUR/DTN(01):3.000 % + 4.500 EUR DTN ; V 51.100 EUR/DTN(01):3.000 % + 5.700 EUR DTN ; V 50.000 EUR/DTN(01):3.000 % + 6.800 EUR DTN ; V 48.800 EUR/DTN(01):3.000 % + 8.000 EUR DTN ; V 0.000 EUR/DTN(01):3.000 % + 23.800 EUR DTN";DUT 3TH
0808108000;"Cond: V 56.800 EUR/DTN(01):0.000 % ; V 55.700 EUR/DTN(01):3.000 % + 1.100 EUR DTN ; V 54.500 EUR/DTN(01):3.000 % + 2.300 EUR DTN ; V 53.400 EUR/DTN(01):3.000 % + 3.400 EUR DTN ; V 52.300 EUR/DTN(01):3.000 % + 4.500 EUR DTN ; V 51.100 EUR/DTN(01):3.000 % + 5.700 EUR DTN ; V 50.000 EUR/DTN(01):3.000 % + 6.800 EUR DTN ; V 48.800 EUR/DTN(01):3.000 % + 8.000 EUR DTN ; V 0.000 EUR/DTN(01):3.000 % + 23.800 EUR DTN";DUT 3TH
0808108000;"Cond: V 56.800 EUR/DTN(01):0.000 % ; V 55.700 EUR/DTN(01):3.000 % + 1.100 EUR DTN ; V 54.500 EUR/DTN(01):3.000 % + 2.300 EUR DTN ; V 53.400 EUR/DTN(01):3.000 % + 3.400 EUR DTN ; V 52.300 EUR/DTN(01):3.000 % + 4.500 EUR DTN ; V 51.100 EUR/DTN(01):3.000 % + 5.700 EUR DTN ; V 50.000 EUR/DTN(01):3.000 % + 6.800 EUR DTN ; V 48.800 EUR/DTN(01):3.000 % + 8.000 EUR DTN ; V 0.000 EUR/DTN(01):3.000 % + 23.800 EUR DTN";DUT 3TH
0808108000;"Cond: V 56.800 EUR/DTN(01):4.000 % ; V 55.700 EUR/DTN(01):6.400 % + 1.100 EUR DTN ; V 54.500 EUR/DTN(01):6.400 % + 2.300 EUR DTN ; V 53.400 EUR/DTN(01):6.400 % + 3.400 EUR DTN ; V 52.300 EUR/DTN(01):6.400 % + 4.500 EUR DTN ; V 0.000 EUR/DTN(01):6.400 % + 23.800 EUR DTN";DUT 3TH
0808108000;"Cond: V 56.800 EUR/DTN(01):4.000 % ; V 55.700 EUR/DTN(01):6.400 % + 1.100 EUR DTN ; V 54.500 EUR/DTN(01):6.400 % + 2.300 EUR DTN ; V 53.400 EUR/DTN(01):6.400 % + 3.400 EUR DTN ; V 52.300 EUR/DTN(01):6.400 % + 4.500 EUR DTN ; V 0.000 EUR/DTN(01):6.400 % + 23.800 EUR DTN";DUT 3TH
0808108000;"Cond: V 56.800 EUR/DTN(01):4.000 % ; V 55.700 EUR/DTN(01):6.400 % + 1.100 EUR DTN ; V 54.500 EUR/DTN(01):6.400 % + 2.300 EUR DTN ; V 53.400 EUR/DTN(01):6.400 % + 3.400 EUR DTN ; V 52.300 EUR/DTN(01):6.400 % + 4.500 EUR DTN ; V 0.000 EUR/DTN(01):6.400 % + 23.800 EUR DTN";DUT 3TH
0808108000;"Cond: V 56.800 EUR/DTN(01):4.000 % ; V 55.700 EUR/DTN(01):6.400 % + 1.100 EUR DTN ; V 54.500 EUR/DTN(01):6.400 % + 2.300 EUR DTN ; V 53.400 EUR/DTN(01):6.400 % + 3.400 EUR DTN ; V 52.300 EUR/DTN(01):6.400 % + 4.500 EUR DTN ; V 51.100 EUR/DTN(01):6.400 % + 5.700 EUR DTN ; V 50.000 EUR/DTN(01):6.400 % + 6.800 EUR DTN ; V 0.000 EUR/DTN(01):6.400 % + 23.800 EUR DTN";DUT 3TH
0808108000;"Cond: V 56.800 EUR/DTN(01):4.000 % ; V 55.700 EUR/DTN(01):6.400 % + 1.100 EUR DTN ; V 54.500 EUR/DTN(01):6.400 % + 2.300 EUR DTN ; V 53.400 EUR/DTN(01):6.400 % + 3.400 EUR DTN ; V 52.300 EUR/DTN(01):6.400 % + 4.500 EUR DTN ; V 51.100 EUR/DTN(01):6.400 % + 5.700 EUR DTN ; V 50.000 EUR/DTN(01):6.400 % + 6.800 EUR DTN ; V 0.000 EUR/DTN(01):6.400 % + 23.800 EUR DTN";DUT 3TH
0808108000;"Cond: V 56.800 EUR/DTN(01):4.000 % ; V 55.700 EUR/DTN(01):6.400 % + 1.100 EUR DTN ; V 54.500 EUR/DTN(01):6.400 % + 2.300 EUR DTN ; V 53.400 EUR/DTN(01):6.400 % + 3.400 EUR DTN ; V 52.300 EUR/DTN(01):6.400 % + 4.500 EUR DTN ; V 51.100 EUR/DTN(01):6.400 % + 5.700 EUR DTN ; V 50.000 EUR/DTN(01):6.400 % + 6.800 EUR DTN ; V 0.000 EUR/DTN(01):6.400 % + 23.800 EUR DTN";DUT 3TH
0808108010;"Cond: V 45.700 EUR/DTN(01):9.000 % ; V 44.800 EUR/DTN(01):11.200 % + 0.900 EUR DTN ; V 43.900 EUR/DTN(01):11.200 % + 1.800 EUR DTN ; V 43.000 EUR/DTN(01):11.200 % + 2.700 EUR DTN ; V 42.000 EUR/DTN(01):11.200 % + 3.700 EUR DTN ; V 0.000 EUR/DTN(01):11.200 % + 23.800 EUR DTN";DUT 3TH
0808309000;"Cond: V 38.800 EUR/DTN(01):10.400 % ; V 38.000 EUR/DTN(01):10.400 % + 0.800 EUR DTN ; V 37.200 EUR/DTN(01):10.400 % + 1.600 EUR DTN ; V 36.500 EUR/DTN(01):10.400 % + 2.300 EUR DTN ; V 35.700 EUR/DTN(01):10.400 % + 3.100 EUR DTN ; V 0.000 EUR/DTN(01):10.400 % + 23.800 EUR DTN";DUT 3TH
0808309000;"Cond: V 38.800 EUR/DTN(01):10.400 % ; V 38.000 EUR/DTN(01):10.400 % + 0.800 EUR DTN ; V 37.200 EUR/DTN(01):10.400 % + 1.600 EUR DTN ; V 36.500 EUR/DTN(01):10.400 % + 2.300 EUR DTN ; V 35.700 EUR/DTN(01):10.400 % + 3.100 EUR DTN ; V 0.000 EUR/DTN(01):10.400 % + 23.800 EUR DTN";DUT 3TH
0808309000;"Cond: V 38.800 EUR/DTN(01):10.400 % ; V 38.000 EUR/DTN(01):10.400 % + 0.800 EUR DTN ; V 37.200 EUR/DTN(01):10.400 % + 1.600 EUR DTN ; V 36.500 EUR/DTN(01):10.400 % + 2.300 EUR DTN ; V 35.700 EUR/DTN(01):10.400 % + 3.100 EUR DTN ; V 0.000 EUR/DTN(01):10.400 % + 23.800 EUR DTN";DUT 3TH
0808309000;"Cond: V 46.500 EUR/DTN(01):0.000 % ; V 45.600 EUR/DTN(01):4.000 % + 0.900 EUR DTN ; V 44.600 EUR/DTN(01):4.000 % + 1.900 EUR DTN ; V 43.700 EUR/DTN(01):4.000 % + 2.800 EUR DTN ; V 42.800 EUR/DTN(01):4.000 % + 3.700 EUR DTN ; V 41.900 EUR/DTN(01):4.000 % + 4.600 EUR DTN ; V 40.900 EUR/DTN(01):4.000 % + 5.600 EUR DTN ; V 40.000 EUR/DTN(01):4.000 % + 6.500 EUR DTN ; V 0.000 EUR/DTN(01):4.000 % + 23.800 EUR DTN";DUT 3TH
0808309000;"Cond: V 46.500 EUR/DTN(01):5.000 % ; V 45.600 EUR/DTN(01):8.000 % + 0.900 EUR DTN ; V 44.600 EUR/DTN(01):8.000 % + 1.900 EUR DTN ; V 43.700 EUR/DTN(01):8.000 % + 2.800 EUR DTN ; V 42.800 EUR/DTN(01):8.000 % + 3.700 EUR DTN ; V 0.000 EUR/DTN(01):8.000 % + 23.800 EUR DTN";DUT 3TH
0808309000;"Cond: V 51.000 EUR/DTN(01):0.000 % ; V 50.000 EUR/DTN(01):2.500 % + 1.000 EUR DTN ; V 49.000 EUR/DTN(01):2.500 % + 2.000 EUR DTN ; V 47.900 EUR/DTN(01):2.500 % + 3.100 EUR DTN ; V 46.900 EUR/DTN(01):2.500 % + 4.100 EUR DTN ; V 45.900 EUR/DTN(01):2.500 % + 5.100 EUR DTN ; V 44.900 EUR/DTN(01):2.500 % + 6.100 EUR DTN ; V 43.900 EUR/DTN(01):2.500 % + 7.100 EUR DTN ; V 0.000 EUR/DTN(01):2.500 % + 23.800 EUR DTN";DUT 3TH
0808309000;"Cond: V 51.000 EUR/DTN(01):0.000 % ; V 50.000 EUR/DTN(01):2.500 % + 1.000 EUR DTN ; V 49.000 EUR/DTN(01):2.500 % + 2.000 EUR DTN ; V 47.900 EUR/DTN(01):2.500 % + 3.100 EUR DTN ; V 46.900 EUR/DTN(01):2.500 % + 4.100 EUR DTN ; V 45.900 EUR/DTN(01):2.500 % + 5.100 EUR DTN ; V 44.900 EUR/DTN(01):2.500 % + 6.100 EUR DTN ; V 43.900 EUR/DTN(01):2.500 % + 7.100 EUR DTN ; V 0.000 EUR/DTN(01):2.500 % + 23.800 EUR DTN";DUT 3TH
0808309000;"Cond: V 51.000 EUR/DTN(01):0.000 % ; V 50.000 EUR/DTN(01):2.500 % + 1.000 EUR DTN ; V 49.000 EUR/DTN(01):2.500 % + 2.000 EUR DTN ; V 47.900 EUR/DTN(01):2.500 % + 3.100 EUR DTN ; V 46.900 EUR/DTN(01):2.500 % + 4.100 EUR DTN ; V 45.900 EUR/DTN(01):2.500 % + 5.100 EUR DTN ; V 44.900 EUR/DTN(01):2.500 % + 6.100 EUR DTN ; V 43.900 EUR/DTN(01):2.500 % + 7.100 EUR DTN ; V 0.000 EUR/DTN(01):2.500 % + 23.800 EUR DTN";DUT 3TH
0808309000;"Cond: V 51.000 EUR/DTN(01):10.400 % ; V 50.000 EUR/DTN(01):10.400 % + 1.000 EUR DTN ; V 49.000 EUR/DTN(01):10.400 % + 2.000 EUR DTN ; V 47.900 EUR/DTN(01):10.400 % + 3.100 EUR DTN ; V 46.900 EUR/DTN(01):10.400 % + 4.100 EUR DTN ; V 0.000 EUR/DTN(01):10.400 % + 23.800 EUR DTN";DUT 3TH
0808309000;"Cond: V 51.000 EUR/DTN(01):10.400 % ; V 50.000 EUR/DTN(01):10.400 % + 1.000 EUR DTN ; V 49.000 EUR/DTN(01):10.400 % + 2.000 EUR DTN ; V 47.900 EUR/DTN(01):10.400 % + 3.100 EUR DTN ; V 46.900 EUR/DTN(01):10.400 % + 4.100 EUR DTN ; V 0.000 EUR/DTN(01):10.400 % + 23.800 EUR DTN";DUT 3TH
0808309000;"Cond: V 51.000 EUR/DTN(01):5.000 % ; V 50.000 EUR/DTN(01):8.000 % + 1.000 EUR DTN ; V 49.000 EUR/DTN(01):8.000 % + 2.000 EUR DTN ; V 47.900 EUR/DTN(01):8.000 % + 3.100 EUR DTN ; V 46.900 EUR/DTN(01):8.000 % + 4.100 EUR DTN ; V 0.000 EUR/DTN(01):8.000 % + 23.800 EUR DTN";DUT 3TH
0808309000;"Cond: V 51.000 EUR/DTN(01):5.000 % ; V 50.000 EUR/DTN(01):8.000 % + 1.000 EUR DTN ; V 49.000 EUR/DTN(01):8.000 % + 2.000 EUR DTN ; V 47.900 EUR/DTN(01):8.000 % + 3.100 EUR DTN ; V 46.900 EUR/DTN(01):8.000 % + 4.100 EUR DTN ; V 0.000 EUR/DTN(01):8.000 % + 23.800 EUR DTN";DUT 3TH
0808309000;"Cond: V 51.000 EUR/DTN(01):8.000 % ; V 50.000 EUR/DTN(01):8.000 % + 1.000 EUR DTN ; V 49.000 EUR/DTN(01):8.000 % + 2.000 EUR DTN ; V 47.900 EUR/DTN(01):8.000 % + 3.100 EUR DTN ; V 46.900 EUR/DTN(01):8.000 % + 4.100 EUR DTN ; V 0.000 EUR/DTN(01):8.000 % + 23.800 EUR DTN";DUT 3TH
0808309000;"Cond: V 51.000 EUR/DTN(01):8.000 % ; V 50.000 EUR/DTN(01):8.000 % + 1.000 EUR DTN ; V 49.000 EUR/DTN(01):8.000 % + 2.000 EUR DTN ; V 47.900 EUR/DTN(01):8.000 % + 3.100 EUR DTN ; V 46.900 EUR/DTN(01):8.000 % + 4.100 EUR DTN ; V 0.000 EUR/DTN(01):8.000 % + 23.800 EUR DTN";DUT 3TH
0808309000;"Cond: V 51.000 EUR/DTN(01):8.000 % ; V 50.000 EUR/DTN(01):8.000 % + 1.000 EUR DTN ; V 49.000 EUR/DTN(01):8.000 % + 2.000 EUR DTN ; V 47.900 EUR/DTN(01):8.000 % + 3.100 EUR DTN ; V 46.900 EUR/DTN(01):8.000 % + 4.100 EUR DTN ; V 0.000 EUR/DTN(01):8.000 % + 23.800 EUR DTN";DUT 3TH
0808309090;"Cond: V 51.000 EUR/DTN(01):5.000 % ; V 50.000 EUR/DTN(01):8.000 % + 1.000 EUR DTN ; V 49.000 EUR/DTN(01):8.000 % + 2.000 EUR DTN ; V 47.900 EUR/DTN(01):8.000 % + 3.100 EUR DTN ; V 46.900 EUR/DTN(01):8.000 % + 4.100 EUR DTN ; V 0.000 EUR/DTN(01):8.000 % + 23.800 EUR DTN";DUT 3TH
0808400000;7.200 %;DUT 3TH
0809100000;20.000 %;DUT 3TH
0809100000;"Cond: V 107.100 EUR/DTN(01):20.000 % ; V 105.000 EUR/DTN(01):20.000 % + 2.100 EUR DTN ; V 102.800 EUR/DTN(01):20.000 % + 4.300 EUR DTN ; V 100.700 EUR/DTN(01):20.000 % + 6.400 EUR DTN ; V 98.500 EUR/DTN(01):20.000 % + 8.600 EUR DTN ; V 0.000 EUR/DTN(01):20.000 % + 22.700 EUR DTN";DUT 3TH
0809100000;"Cond: V 77.100 EUR/DTN(01):20.000 % ; V 75.600 EUR/DTN(01):20.000 % + 1.500 EUR DTN ; V 74.000 EUR/DTN(01):20.000 % + 3.100 EUR DTN ; V 72.500 EUR/DTN(01):20.000 % + 4.600 EUR DTN ; V 70.900 EUR/DTN(01):20.000 % + 6.200 EUR DTN ; V 0.000 EUR/DTN(01):20.000 % + 22.700 EUR DTN";DUT 3TH
0809301000;17.600 %;DUT 3TH
0809301000;"Cond: V 60.000 EUR/DTN(01):17.600 % ; V 58.800 EUR/DTN(01):17.600 % + 1.200 EUR DTN ; V 57.600 EUR/DTN(01):17.600 % + 2.400 EUR DTN ; V 56.400 EUR/DTN(01):17.600 % + 3.600 EUR DTN ; V 55.200 EUR/DTN(01):17.600 % + 4.800 EUR DTN ; V 0.000 EUR/DTN(01):17.600 % + 13.000 EUR DTN";DUT 3TH
0809302000;"Cond: V 77.600 EUR/DTN(01):17.600 % ; V 76.000 EUR/DTN(01):17.600 % + 1.600 EUR DTN ; V 74.500 EUR/DTN(01):17.600 % + 3.100 EUR DTN ; V 72.900 EUR/DTN(01):17.600 % + 4.700 EUR DTN ; V 71.400 EUR/DTN(01):17.600 % + 6.200 EUR DTN ; V 0.000 EUR/DTN(01):17.600 % + 13.000 EUR DTN";DUT 3TH
0809308000;17.600 %;DUT 3TH
0809308000;"Cond: V 77.600 EUR/DTN(01):17.600 % ; V 76.000 EUR/DTN(01):17.600 % + 1.600 EUR DTN ; V 74.500 EUR/DTN(01):17.600 % + 3.100 EUR DTN ; V 72.900 EUR/DTN(01):17.600 % + 4.700 EUR DTN ; V 71.400 EUR/DTN(01):17.600 % + 6.200 EUR DTN ; V 0.000 EUR/DTN(01):17.600 % + 13.000 EUR DTN";DUT 3TH
0809308000;"Cond: V 77.600 EUR/DTN(01):17.600 % ; V 76.000 EUR/DTN(01):17.600 % + 1.600 EUR DTN ; V 74.500 EUR/DTN(01):17.600 % + 3.100 EUR DTN ; V 72.900 EUR/DTN(01):17.600 % + 4.700 EUR DTN ; V 71.400 EUR/DTN(01):17.600 % + 6.200 EUR DTN ; V 0.000 EUR/DTN(01):17.600 % + 13.000 EUR DTN";DUT 3TH
0809308000;"Cond: V 77.600 EUR/DTN(01):17.600 % ; V 76.000 EUR/DTN(01):17.600 % + 1.600 EUR DTN ; V 74.500 EUR/DTN(01):17.600 % + 3.100 EUR DTN ; V 72.900 EUR/DTN(01):17.600 % + 4.700 EUR DTN ; V 71.400 EUR/DTN(01):17.600 % + 6.200 EUR DTN ; V 0.000 EUR/DTN(01):17.600 % + 13.000 EUR DTN";DUT 3TH
0809309000;17.600 %;DUT 3TH
0809309000;"Cond: V 60.000 EUR/DTN(01):17.600 % ; V 58.800 EUR/DTN(01):17.600 % + 1.200 EUR DTN ; V 57.600 EUR/DTN(01):17.600 % + 2.400 EUR DTN ; V 56.400 EUR/DTN(01):17.600 % + 3.600 EUR DTN ; V 55.200 EUR/DTN(01):17.600 % + 4.800 EUR DTN ; V 0.000 EUR/DTN(01):17.600 % + 13.000 EUR DTN";DUT 3TH
0809400500;6.400 %;DUT 3TH
0809400500;6.400 %;DUT 3TH
0809400500;"Cond: V 69.600 EUR/DTN(01):12.000 % ; V 68.200 EUR/DTN(01):12.000 % + 1.400 EUR DTN ; V 66.800 EUR/DTN(01):12.000 % + 2.800 EUR DTN ; V 65.400 EUR/DTN(01):12.000 % + 4.200 EUR DTN ; V 64.000 EUR/DTN(01):12.000 % + 5.600 EUR DTN ; V 0.000 EUR/DTN(01):12.000 % + 10.300 EUR DTN";DUT 3TH
0809400500;"Cond: V 69.600 EUR/DTN(01):12.000 % ; V 68.200 EUR/DTN(01):12.000 % + 1.400 EUR DTN ; V 66.800 EUR/DTN(01):12.000 % + 2.800 EUR DTN ; V 65.400 EUR/DTN(01):12.000 % + 4.200 EUR DTN ; V 64.000 EUR/DTN(01):12.000 % + 5.600 EUR DTN ; V 0.000 EUR/DTN(01):12.000 % + 10.300 EUR DTN";DUT 3TH
0809400500;"Cond: V 69.600 EUR/DTN(01):12.000 % ; V 68.200 EUR/DTN(01):12.000 % + 1.400 EUR DTN ; V 66.800 EUR/DTN(01):12.000 % + 2.800 EUR DTN ; V 65.400 EUR/DTN(01):12.000 % + 4.200 EUR DTN ; V 64.000 EUR/DTN(01):12.000 % + 5.600 EUR DTN ; V 0.000 EUR/DTN(01):12.000 % + 10.300 EUR DTN";DUT 3TH
0810409000;9.600 %;DUT 3TH
0810500000;8.000 %;DUT 3TH
0810500000;8.000 %;DUT 3TH
0810500000;8.800 %;DUT 3TH
0810500000;8.800 %;DUT 3TH
0810500000;8.800 %;DUT 3TH
0810700000;8.800 %;DUT 3TH
0810907500;8.800 %;DUT 3TH
0811109000;14.400 %;DUT 3TH
0811203100;14.400 %;DUT 3TH
0811205900;12.000 %;DUT 3TH
0811209000;14.400 %;DUT 3TH
0811903100;13.000 %;DUT 3TH
0811905000;12.000 %;DUT 3TH
0811907000;3.200 %;DUT 3TH
0811907500;14.400 %;DUT 3TH
0811908000;14.400 %;DUT 3TH
0811908500;9.000 %;DUT 3TH
0811909500;14.400 %;DUT 3TH
0811909520;14.400 %;DUT 3TH
0811909530;14.400 %;DUT 3TH
0811909590;14.400 %;DUT 3TH
0812902500;12.800 %;DUT 3TH
0813100000;5.600 %;DUT 3TH
0813200000;9.600 %;DUT 3TH
0813300000;3.200 %;DUT 3TH
0813401000;5.600 %;DUT 3TH
0813405000;2.000 %;DUT 3TH
0813406500;0.000 %;DUT 3TH
0813409500;2.400 %;DUT 3TH
0813409510;2.400 %;DUT 3TH
0813409580;2.400 %;DUT 3TH
0813501500;6.400 %;DUT 3TH
0813501900;9.600 %;DUT 3TH
0813503900;6.400 %;DUT 3TH
0813503960;6.400 %;DUT 3TH
0813509980;9.600 %;DUT 3TH
0814000000;1.600 %;DUT 3TH
0901110000;0.000 %;DUT 3TH
0901120000;8.300 %;DUT 3TH
0901210000;7.500 %;DUT 3TH
0901220000;9.000 %;DUT 3TH
0901909000;11.500 %;DUT 3TH
0902100000;3.200 %;DUT 3TH
0902200000;0.000 %;DUT 3TH
0902300000;0.000 %;DUT 3TH
0902400000;0.000 %;DUT 3TH
0903000000;0.000 %;DUT 3TH
0904110000;0.000 %;DUT 3TH
0904110010;0.000 %;DUT 3TH
0904110090;0.000 %;DUT 3TH
0904120000;4.000 %;DUT 3TH
0904211000;9.600 %;DUT 3TH
0904219000;0.000 %;DUT 3TH
0904219020;0.000 %;DUT 3TH
0904219080;0.000 %;DUT 3TH
0904220011;5.000 %;DUT 3TH
0904220019;5.000 %;DUT 3TH
0904220090;5.000 %;DUT 3TH
0905200000;6.000 %;DUT 3TH
0906110000;0.000 %;DUT 3TH
0906190000;0.000 %;DUT 3TH
0906200000;0.000 %;DUT 3TH
0907100000;8.000 %;DUT 3TH
0907200000;8.000 %;DUT 3TH
0908110000;0.000 %;DUT 3TH
0908120000;0.000 %;DUT 3TH
0908220000;0.000 %;DUT 3TH
0908310000;0.000 %;DUT 3TH
0908320000;0.000 %;DUT 3TH
0909210000;0.000 %;DUT 3TH
0909220000;0.000 %;DUT 3TH
0909310000;0.000 %;DUT 3TH
0909320000;0.000 %;DUT 3TH
0909610000;0.000 %;DUT 3TH
0909620000;0.000 %;DUT 3TH
0910110000;0.000 %;DUT 3TH
0910120000;0.000 %;DUT 3TH
0910201000;0.000 %;DUT 3TH
0910209000;8.500 %;DUT 3TH
0910300000;0.000 %;DUT 3TH
0910910500;0.000 %;DUT 3TH
0910911000;0.000 %;DUT 3TH
0910919000;12.500 %;DUT 3TH
0910991000;0.000 %;DUT 3TH
0910993100;0.000 %;DUT 3TH
0910993300;7.000 %;DUT 3TH
0910993900;8.500 %;DUT 3TH
0910995000;7.000 %;DUT 3TH
0910999100;0.000 %;DUT 3TH
0910999900;12.500 %;DUT 3TH
0910999900;12.500 %;DUT 3TH
1001110000;"Cond: B cert: Y-155 (01):148.000 EUR TNE ; B (01):0.000 EUR TNE";DUT 3TH
1001190030;0.000 EUR TNE;DUT 3TH
1001911000;"Cond: B cert: Y-155 (01):95.000 EUR TNE ; B (01):12.800 %";DUT 3TH
1001912020;0.000 EUR TNE;DUT 3TH
1001912020;"Cond: B cert: Y-155 (01):95.000 EUR TNE ; B (01):0.000 EUR TNE";DUT 3TH
1001919000;95.000 EUR TNE;DUT 3TH
1003100000;93.000 EUR TNE;DUT 3TH
1003900000;93.000 EUR TNE;DUT 3TH
1003900020;93.000 EUR TNE;DUT 3TH
1003900090;93.000 EUR TNE;DUT 3TH
1004100000;89.000 EUR TNE;DUT 3TH
1004900000;89.000 EUR TNE;DUT 3TH
1005109000;0.000 EUR TNE;DUT 3TH
1005109000;0.000 EUR TNE;DUT 3TH
1005109000;0.000 EUR TNE;DUT 3TH
1005900090;0.000 EUR TNE;DUT 3TH
1005900090;0.000 EUR TNE;DUT 3TH
1005900090;0.000 EUR TNE;DUT 3TH
1005900090;0.000 EUR TNE;DUT 3TH
1005900090;0.000 EUR TNE;DUT 3TH
1005900090;0.000 EUR TNE;DUT 3TH
1006101000;7.700 %;DUT 3TH
1006103000;211.000 EUR TNE;DUT 3TH
1006209200;30.000 EUR TNE;DUT 3TH
1006209200;42.500 EUR TNE;DUT 3TH
1006302100;175.000 EUR TNE;DUT 3TH
1006302120;175.000 EUR TNE;DUT 3TH
1006302510;175.000 EUR TNE;DUT 3TH
1006302590;175.000 EUR TNE;DUT 3TH
1006302716;175.000 EUR TNE;DUT 3TH
1006302722;175.000 EUR TNE;DUT 3TH
1006304420;175.000 EUR TNE;DUT 3TH
1006304490;175.000 EUR TNE;DUT 3TH
1006304620;175.000 EUR TNE;DUT 3TH
1006304812;175.000 EUR TNE;DUT 3TH
1006306320;175.000 EUR TNE;DUT 3TH
1006306390;175.000 EUR TNE;DUT 3TH
1006306712;175.000 EUR TNE;DUT 3TH
1006306722;175.000 EUR TNE;DUT 3TH
1006306796;175.000 EUR TNE;DUT 3TH
1006309410;175.000 EUR TNE;DUT 3TH
1006309490;175.000 EUR TNE;DUT 3TH
1006309610;175.000 EUR TNE;DUT 3TH
1006309896;175.000 EUR TNE;DUT 3TH
1006400000;65.000 EUR TNE;DUT 3TH
1006400090;65.000 EUR TNE;DUT 3TH
1007109000;0.000 EUR TNE;DUT 3TH
1007109000;0.000 EUR TNE;DUT 3TH
1007109000;0.000 EUR TNE;DUT 3TH
1008210000;56.000 EUR TNE;DUT 3TH
1008210000;"Cond: B cert: Y-155 (01):95.000 EUR TNE ; B (01):56.000 EUR TNE";DUT 3TH
1008290000;56.000 EUR TNE;DUT 3TH
1008290000;"Cond: B cert: Y-155 (01):95.000 EUR TNE ; B (01):56.000 EUR TNE";DUT 3TH
1008300000;"Cond: B cert: Y-155 (01):95.000 EUR TNE ; B (01):0.000 EUR TNE";DUT 3TH
1008900000;37.000 EUR TNE;DUT 3TH
1101001100;172.000 EUR TNE;DUT 3TH
1101001500;172.000 EUR TNE;DUT 3TH
1101009000;172.000 EUR TNE;DUT 3TH
1102209000;98.000 EUR TNE;DUT 3TH
1102901000;171.000 EUR TNE;DUT 3TH
1102903000;164.000 EUR TNE;DUT 3TH
1102905000;138.000 EUR TNE;DUT 3TH
1102909000;98.000 EUR TNE;DUT 3TH
1103111000;267.000 EUR TNE;DUT 3TH
1103119000;186.000 EUR TNE;DUT 3TH
1103139000;98.000 EUR TNE;DUT 3TH
1103192000;171.000 EUR TNE;DUT 3TH
1103192010;171.000 EUR TNE;DUT 3TH
1103194000;164.000 EUR TNE;DUT 3TH
1103195000;138.000 EUR TNE;DUT 3TH
1103199000;98.000 EUR TNE;DUT 3TH
1103204000;173.000 EUR TNE;DUT 3TH
1103205000;138.000 EUR TNE;DUT 3TH
1103209000;98.000 EUR TNE;DUT 3TH
1104121000;93.000 EUR TNE;DUT 3TH
1104129000;182.000 EUR TNE;DUT 3TH
1104191000;175.000 EUR TNE;DUT 3TH
1104195000;173.000 EUR TNE;DUT 3TH
1104199100;234.000 EUR TNE;DUT 3TH
1104199900;173.000 EUR TNE;DUT 3TH
1104234000;152.000 EUR TNE;DUT 3TH
1104239800;98.000 EUR TNE;DUT 3TH
1104293000;154.000 EUR TNE;DUT 3TH
1104295100;99.000 EUR TNE;DUT 3TH
1104298900;98.000 EUR TNE;DUT 3TH
1104298900;98.000 EUR TNE;DUT 3TH
1104298900;98.000 EUR TNE;DUT 3TH
1104298900;98.000 EUR TNE;DUT 3TH
1104301000;76.000 EUR TNE;DUT 3TH
1104309000;75.000 EUR TNE;DUT 3TH
1105100000;12.200 %;DUT 3TH
1105200000;12.200 %;DUT 3TH
1106100000;7.700 %;DUT 3TH
1106201000;95.000 EUR TNE;DUT 3TH
1106209000;166.000 EUR TNE;DUT 3TH
1106301000;10.900 %;DUT 3TH
1106309080;8.300 %;DUT 3TH
1107101900;134.000 EUR TNE;DUT 3TH
1107109900;131.000 EUR TNE;DUT 3TH
1107200000;152.000 EUR TNE;DUT 3TH
1108110000;224.000 EUR TNE;DUT 3TH
1108120000;166.000 EUR TNE;DUT 3TH
1108130000;166.000 EUR TNE;DUT 3TH
1108140000;166.000 EUR TNE;DUT 3TH
1108191000;216.000 EUR TNE;DUT 3TH
1109000000;512.000 EUR TNE;DUT 3TH
1201100000;0.000 %;DUT 3TH
1201100000;"Cond: B cert: Y-155 (01):50.000 % ; B (01):0.000 %";DUT 3TH
1201900000;0.000 %;DUT 3TH
1201900000;"Cond: B cert: Y-155 (01):50.000 % ; B (01):0.000 %";DUT 3TH
1202410000;"Cond: B cert: Y-155 (01):50.000 % ; B (01):0.000 %";DUT 3TH
1202420000;"Cond: B cert: Y-155 (01):50.000 % ; B (01):0.000 %";DUT 3TH
1204001000;0.000 %;DUT 3TH
1204009000;0.000 %;DUT 3TH
1204009000;"Cond: B cert: Y-155 (01):20.000 % ; B (01):0.000 %";DUT 3TH
1205101000;0.000 %;DUT 3TH
1206001000;"Cond: B cert: Y-155 (01):50.000 % ; B (01):0.000 %";DUT 3TH
1206009100;0.000 %;DUT 3TH
1206009900;0.000 %;DUT 3TH
1207100000;0.000 %;DUT 3TH
1207210000;0.000 %;DUT 3TH
1207210000;"Cond: B cert: Y-155 (01):50.000 % ; B (01):0.000 %";DUT 3TH
1207290000;0.000 %;DUT 3TH
1207401000;"Cond: B cert: Y-155 (01):50.000 % ; B (01):0.000 %";DUT 3TH
1207409000;0.000 %;DUT 3TH
1207409000;"Cond: B cert: Y-155 (01):50.000 % ; B (01):0.000 %";DUT 3TH
1207509000;0.000 %;DUT 3TH
1207600000;0.000 %;DUT 3TH
1207700000;0.000 %;DUT 3TH
1207700090;0.000 %;DUT 3TH
1207992010;0.000 %;DUT 3TH
1207992090;0.000 %;DUT 3TH
1207999690;0.000 %;DUT 3TH
1207999690;"Cond: B cert: Y-155 (01):50.000 % ; B (01):0.000 %";DUT 3TH
1208900000;0.000 %;DUT 3TH
1208900010;0.000 %;DUT 3TH
1208900090;0.000 %;DUT 3TH
1209210000;2.500 %;DUT 3TH
1209228000;0.000 %;DUT 3TH
1209231500;0.000 %;DUT 3TH
1209238000;2.500 %;DUT 3TH
1209240000;0.000 %;DUT 3TH
1209259000;0.000 %;DUT 3TH
1209294500;0.000 %;DUT 3TH
1209298000;2.500 %;DUT 3TH
1209300000;3.000 %;DUT 3TH
1209913000;8.300 %;DUT 3TH
1210100010;5.800 %;DUT 3TH
1210100090;5.800 %;DUT 3TH
1210201090;5.800 %;DUT 3TH
1210201099;5.800 %;DUT 3TH
1210209099;5.800 %;DUT 3TH
1211200000;0.000 %;DUT 3TH
1211903000;3.000 %;DUT 3TH
1211908600;0.000 %;DUT 3TH
1211908610;0.000 %;DUT 3TH
1211908620;0.000 %;DUT 3TH
1211908630;0.000 %;DUT 3TH
1211908690;0.000 %;DUT 3TH
1212210000;0.000 %;DUT 3TH
1212920000;5.100 %;DUT 3TH
1212930000;4.600 EUR DTN;DUT 3TH
1212940000;0.000 %;DUT 3TH
1212994100;0.000 %;DUT 3TH
1212994900;5.800 %;DUT 3TH
1212999500;0.000 %;DUT 3TH
1212999510;0.000 %;DUT 3TH
1212999590;0.000 %;DUT 3TH
1214909000;0.000 %;DUT 3TH
1301200000;0.000 %;DUT 3TH
1301900000;0.000 %;DUT 3TH
1302120000;3.200 %;DUT 3TH
1302130000;3.200 %;DUT 3TH
1302190500;3.000 %;DUT 3TH
1302197000;0.000 %;DUT 3TH
1302209000;11.200 %;DUT 3TH
1302310000;0.000 %;DUT 3TH
1302329000;0.000 %;DUT 3TH
1302329099;0.000 %;DUT 3TH
1302390000;0.000 %;DUT 3TH
1401100000;0.000 %;DUT 3TH
1401100000;0.000 %;DUT 3TH
1401200000;0.000 %;DUT 3TH
1401900000;0.000 %;DUT 3TH
1404200000;0.000 %;DUT 3TH
1404900090;0.000 %;DUT 3TH
1404900090;0.000 %;DUT 3TH
1404900090;"Cond: B cert: Y-155 (01):50.000 % ; B (01):0.000 %";DUT 3TH
1501900000;11.500 %;DUT 3TH
1502109000;3.200 %;DUT 3TH
1502909000;3.200 %;DUT 3TH
1505009000;0.000 %;DUT 3TH
1507109000;"Cond: B cert: Y-155 (01):50.000 % ; B (01):6.400 %";DUT 3TH
1507909000;9.600 %;DUT 3TH
1508909000;9.600 %;DUT 3TH
1509102090;124.500 EUR DTN;DUT 3TH
1509108000;124.500 EUR DTN;DUT 3TH
1509108010;124.500 EUR DTN;DUT 3TH
1509108090;124.500 EUR DTN;DUT 3TH
1509200000;124.500 EUR DTN;DUT 3TH
1509200010;124.500 EUR DTN;DUT 3TH
1509300000;124.500 EUR DTN;DUT 3TH
1509900000;134.600 EUR DTN;DUT 3TH
1509900010;134.600 EUR DTN;DUT 3TH
1509900090;134.600 EUR DTN;DUT 3TH
1510009000;160.300 EUR DTN;DUT 3TH
1510900000;160.300 EUR DTN;DUT 3TH
1511109000;3.800 %;DUT 3TH
1511901920;10.900 %;DUT 3TH
1511901990;10.900 %;DUT 3TH
1511909120;5.100 %;DUT 3TH
1511909900;9.000 %;DUT 3TH
1512119100;6.400 %;DUT 3TH
1512119900;6.400 %;DUT 3TH
1512199000;"Cond: B cert: Y-155 (01):50.000 % ; B (01):9.600 %";DUT 3TH
1512199010;9.600 %;DUT 3TH
1512199090;9.600 %;DUT 3TH
1513119100;12.800 %;DUT 3TH
1513119900;6.400 %;DUT 3TH
1513191900;10.900 %;DUT 3TH
1513199900;9.600 %;DUT 3TH
1513299000;9.600 %;DUT 3TH
1514119000;6.400 %;DUT 3TH
1514191000;"Cond: B cert: N-990 (28):; B (08):; C cert: Y-155 (01):50.000 % ; C (01):5.100 %";DUT 3TH
1514199000;9.600 %;DUT 3TH
1514919000;6.400 %;DUT 3TH
1514999000;9.600 %;DUT 3TH
1515110000;3.200 %;DUT 3TH
1515199000;9.600 %;DUT 3TH
1515309000;5.100 %;DUT 3TH
1515509900;9.600 %;DUT 3TH
1515901100;0.000 %;DUT 3TH
1515902100;0.000 %;DUT 3TH
1515902900;6.400 %;DUT 3TH
1515903900;9.600 %;DUT 3TH
1515905100;12.800 %;DUT 3TH
1515905900;6.400 %;DUT 3TH
1515905900;"Cond: B cert: Y-155 (01):50.000 % ; B (01):6.400 %";DUT 3TH
1515909100;12.800 %;DUT 3TH
1515909900;9.600 %;DUT 3TH
1515909920;9.600 %;DUT 3TH
1515909999;9.600 %;DUT 3TH
1516101090;12.800 %;DUT 3TH
1516201000;3.400 %;DUT 3TH
1516209100;12.800 %;DUT 3TH
1516209880;10.900 %;DUT 3TH
1517109090;16.000 %;DUT 3TH
1517909100;9.600 %;DUT 3TH
1517909300;2.900 %;DUT 3TH
1517909900;16.000 %;DUT 3TH
1518001000;7.700 %;DUT 3TH
1518003100;"Cond: B cert: N-990 (28):; B (08):; C cert: Y-155 (01):50.000 % ; C (01):3.200 %";DUT 3TH
1518009180;7.700 %;DUT 3TH
1518009500;2.000 %;DUT 3TH
1518009990;7.700 %;DUT 3TH
1520000000;0.000 %;DUT 3TH
1521100000;0.000 %;DUT 3TH
1521909900;2.500 %;DUT 3TH
1601001000;15.400 %;DUT 3TH
1601009100;149.400 EUR DTN;DUT 3TH
1601009999;100.500 EUR DTN;DUT 3TH
1602100000;16.600 %;DUT 3TH
1602201000;10.200 %;DUT 3TH
1602209000;16.000 %;DUT 3TH
1602311100;1,24.000 EUR TNE;DUT 3TH
1602311900;1,24.000 EUR TNE;DUT 3TH
1602318000;1,024.000 EUR TNE;DUT 3TH
1602318000;1,24.000 EUR TNE;DUT 3TH
1602321990;1,24.000 EUR TNE;DUT 3TH
1602323000;2,765.000 EUR TNE;DUT 3TH
1602329090;2,765.000 EUR TNE;DUT 3TH
1602392900;2,765.000 EUR TNE;DUT 3TH
1602398500;2,765.000 EUR TNE;DUT 3TH
1602398590;2,765.000 EUR TNE;DUT 3TH
1602491900;85.700 EUR DTN;DUT 3TH
1602493000;75.000 EUR DTN;DUT 3TH
1602499000;10.900 %;DUT 3TH
1602501090;303.400 EUR DTN;DUT 3TH
1602509500;16.600 %;DUT 3TH
1602509590;16.600 %;DUT 3TH
1602903100;10.900 %;DUT 3TH
1602906100;303.400 EUR DTN;DUT 3TH
1602906900;16.600 %;DUT 3TH
1602909900;16.600 %;DUT 3TH
1604131100;12.500 %;DUT 3TH
1604131920;12.500 %;DUT 3TH
1604131990;12.500 %;DUT 3TH
1604139000;12.500 %;DUT 3TH
1604142100;24.000 %;DUT 3TH
1604142800;24.000 %;DUT 3TH
1604149000;25.000 %;DUT 3TH
1604199100;7.500 %;DUT 3TH
1604199200;20.000 %;DUT 3TH
1604199500;20.000 %;DUT 3TH
1604199790;20.000 %;DUT 3TH
1604200500;20.000 %;DUT 3TH
1604201000;5.500 %;DUT 3TH
1604201090;5.500 %;DUT 3TH
1604207050;24.000 %;DUT 3TH
1604209090;14.000 %;DUT 3TH
1604320000;20.000 %;DUT 3TH
1605100005;8.000 %;DUT 3TH
1605100031;8.000 %;DUT 3TH
1605100091;8.000 %;DUT 3TH
1605100096;8.000 %;DUT 3TH
1605100097;8.000 %;DUT 3TH
1605211005;20.000 %;DUT 3TH
1605211050;20.000 %;DUT 3TH
1605211091;20.000 %;DUT 3TH
1605211099;20.000 %;DUT 3TH
1605219091;20.000 %;DUT 3TH
1605219096;20.000 %;DUT 3TH
1605219099;20.000 %;DUT 3TH
1605290030;20.000 %;DUT 3TH
1605290060;20.000 %;DUT 3TH
1605290091;20.000 %;DUT 3TH
1605290099;20.000 %;DUT 3TH
1605309000;20.000 %;DUT 3TH
1605400000;20.000 %;DUT 3TH
1605400070;20.000 %;DUT 3TH
1605510000;20.000 %;DUT 3TH
1605520000;20.000 %;DUT 3TH
1605531000;20.000 %;DUT 3TH
1605531090;20.000 %;DUT 3TH
1605539000;20.000 %;DUT 3TH
1605539010;20.000 %;DUT 3TH
1605539020;20.000 %;DUT 3TH
1605539090;20.000 %;DUT 3TH
1605540090;20.000 %;DUT 3TH
1605690000;26.000 %;DUT 3TH
1701129000;41.900 EUR DTN;DUT 3TH
1701139000;41.900 EUR DTN;DUT 3TH
1701149000;41.900 EUR DTN;DUT 3TH
1701910000;41.900 EUR DTN;DUT 3TH
1701991000;41.900 EUR DTN;DUT 3TH
1701999000;41.900 EUR DTN;DUT 3TH
1702110000;14.000 EUR DTN;DUT 3TH
1702190000;14.000 EUR DTN;DUT 3TH
1702201090;0.400 EUR DTN Z;DUT 3TH
1702209000;8.000 %;DUT 3TH
1702209090;8.000 %;DUT 3TH
1702305090;26.800 EUR DTN;DUT 3TH
1702309090;20.000 EUR DTN;DUT 3TH
1702500000;16.000 % + 50.700 EUR DTN M;DUT 3TH
1702903000;50.700 EUR DTN M;DUT 3TH
1702905000;20.000 EUR DTN;DUT 3TH
1702907900;19.200 EUR DTN;DUT 3TH
1702908000;0.400 EUR DTN Z;DUT 3TH
1702909500;0.400 EUR DTN Z;DUT 3TH
1702909500;0.400 EUR DTN Z;DUT 3TH
1702909500;0.400 EUR DTN Z;DUT 3TH
1703100000;0.350 EUR DTN;DUT 3TH
1704101000;6.200 % + 27.100 EUR DTN MAX 17.900 %;DUT 3TH
1704101000;6.200 % + 27.100 EUR DTN MAX 17.900 %;DUT 3TH
1704101000;6.200 % + 27.100 EUR DTN MAX 17.900 %;DUT 3TH
1704109000;6.300 % + 30.900 EUR DTN MAX 18.200 %;DUT 3TH
1704901000;13.400 %;DUT 3TH
1704903000;9.100 % + 45.100 EUR DTN MAX 18.900 % + 16.500 EUR DTN;DUT 3TH
1704905100;9.000 % + EA MAX 18.700 % +ADSZ;DUT 3TH
1704905500;9.000 % + EA MAX 18.700 % +ADSZ;DUT 3TH
1704906100;9.000 % + EA MAX 18.700 % +ADSZ;DUT 3TH
1704906500;9.000 % + EA MAX 18.700 % +ADSZ;DUT 3TH
1704907100;9.000 % + EA MAX 18.700 % +ADSZ;DUT 3TH
1704907100;9.000 % + EA MAX 9.000 % +ADSZ;DUT 3TH
1704907500;9.000 % + EA MAX 18.700 % +ADSZ;DUT 3TH
1704908100;9.000 % + EA MAX 18.700 % +ADSZ;DUT 3TH
1704909900;9.000 % + EA MAX 18.700 % +ADSZ;DUT 3TH
1704909911;9.000 % + EA MAX 18.700 % +ADSZ;DUT 3TH
1704909912;9.000 % + EA MAX 18.700 % +ADSZ;DUT 3TH
1704909919;9.000 % + EA MAX 18.700 % +ADSZ;DUT 3TH
1704909991;9.000 % + EA MAX 18.700 % +ADSZ;DUT 3TH
1704909992;9.000 % + EA MAX 18.700 % +ADSZ;DUT 3TH
1704909993;9.000 % + EA MAX 18.700 % +ADSZ;DUT 3TH
1704909999;9.000 % + EA MAX 18.700 % +ADSZ;DUT 3TH
1801000000;0.000 %;DUT 3TH
1802000000;0.000 %;DUT 3TH
1803100000;9.600 %;DUT 3TH
1803200000;9.600 %;DUT 3TH
1804000000;7.700 %;DUT 3TH
1805000000;8.000 %;DUT 3TH
1806102000;8.000 % + 25.200 EUR DTN;DUT 3TH
1806103000;8.000 % + 31.400 EUR DTN;DUT 3TH
1806109000;8.000 % + 41.900 EUR DTN;DUT 3TH
1806201000;8.300 % + EA MAX 18.700 % +ADSZ;DUT 3TH
1806201090;8.300 % + EA MAX 18.700 % +ADSZ;DUT 3TH
1806203000;8.300 % + EA MAX 18.700 % +ADSZ;DUT 3TH
1806209500;8.300 % + EA MAX 18.700 % +ADSZ;DUT 3TH
1806209599;8.300 % + EA MAX 18.700 % +ADSZ;DUT 3TH
1806310000;8.300 % + EA MAX 18.700 % +ADSZ;DUT 3TH
1806310000;8.300 % + EA MAX 18.700 % +ADSZ;DUT 3TH
1806321000;8.300 % + EA MAX 18.700 % +ADSZ;DUT 3TH
1806329000;8.300 % + EA MAX 18.700 % +ADSZ;DUT 3TH
1806901100;8.300 % + EA MAX 18.700 % +ADSZ;DUT 3TH
1806901900;8.300 % + EA MAX 18.700 % +ADSZ;DUT 3TH
1806903100;8.300 % + EA MAX 18.700 % +ADSZ;DUT 3TH
1806903900;8.300 % + EA MAX 18.700 % +ADSZ;DUT 3TH
1806905000;8.300 % + EA MAX 18.700 % +ADSZ;DUT 3TH
1806905090;8.300 % + EA MAX 18.700 % +ADSZ;DUT 3TH
1806906000;8.300 % + EA MAX 18.700 % +ADSZ;DUT 3TH
1806906010;8.300 % + EA MAX 18.700 % +ADSZ;DUT 3TH
1806907010;8.300 % + EA MAX 18.700 % +ADSZ;DUT 3TH
1806907090;8.300 % + EA MAX 18.700 % +ADSZ;DUT 3TH
1806909000;8.300 % + EA MAX 18.700 % +ADSZ;DUT 3TH
1806909011;8.300 % + EA MAX 18.700 % +ADSZ;DUT 3TH
1806909019;8.300 % + EA MAX 18.700 % +ADSZ;DUT 3TH
1806909091;8.300 % + EA MAX 18.700 % +ADSZ;DUT 3TH
1806909099;8.300 % + EA MAX 18.700 % +ADSZ;DUT 3TH
1901100000;7.600 % + EA;DUT 3TH
1901200000;7.600 % + EA;DUT 3TH
1901901100;5.100 % + 18.000 EUR DTN;DUT 3TH
1901909100;12.800 %;DUT 3TH
1901909500;7.600 % + EA;DUT 3TH
1901909900;7.600 % + EA;DUT 3TH
1901909936;7.600 % + EA;DUT 3TH
1901909990;7.600 % + EA;DUT 3TH
1902191090;7.700 % + 24.600 EUR DTN;DUT 3TH
1902199090;7.700 % + 21.100 EUR DTN;DUT 3TH
1902201000;8.500 %;DUT 3TH
1902201021;8.500 %;DUT 3TH
1902201091;8.500 %;DUT 3TH
1902201099;8.500 %;DUT 3TH
1902209100;8.300 % + 6.100 EUR DTN;DUT 3TH
1902209190;8.300 % + 6.100 EUR DTN;DUT 3TH
1902209920;8.300 % + 17.100 EUR DTN;DUT 3TH
1902209990;8.300 % + 17.100 EUR DTN;DUT 3TH
1902301080;6.400 % + 24.600 EUR DTN;DUT 3TH
1902309000;6.400 % + 9.700 EUR DTN;DUT 3TH
1902309090;6.400 % + 6.400 EUR DTN;DUT 3TH
1902309090;6.400 % + 9.700 EUR DTN;DUT 3TH
1902401000;7.700 % + 24.600 EUR DTN;DUT 3TH
1902409000;6.400 % + 9.700 EUR DTN;DUT 3TH
1903000000;6.400 % + 15.100 EUR DTN;DUT 3TH
1903000020;6.400 % + 15.100 EUR DTN;DUT 3TH
1903000090;6.400 % + 15.100 EUR DTN;DUT 3TH
1904101000;3.800 % + 20.000 EUR DTN;DUT 3TH
1904103000;5.100 % + 46.000 EUR DTN;DUT 3TH
1904109000;5.100 % + 33.600 EUR DTN;DUT 3TH
1904109000;5.100 % + 33.600 EUR DTN;DUT 3TH
1904201000;9.000 % + EA;DUT 3TH
1904209500;5.100 % + 46.000 EUR DTN;DUT 3TH
1904209900;5.100 % + 33.600 EUR DTN;DUT 3TH
1904300000;8.300 % + 25.700 EUR DTN;DUT 3TH
1904901000;8.300 % + 46.000 EUR DTN;DUT 3TH
1904908000;8.300 % + 25.700 EUR DTN;DUT 3TH
1905100000;5.800 % + 13.000 EUR DTN;DUT 3TH
1905203000;9.800 % + 24.600 EUR DTN;DUT 3TH
1905311100;9.000 % + EA MAX 24.200 % +ADSZ;DUT 3TH
1905311900;9.000 % + EA MAX 24.200 % +ADSZ;DUT 3TH
1905313000;9.000 % + EA MAX 24.200 % +ADSZ;DUT 3TH
1905319100;9.000 % + EA MAX 24.200 % +ADSZ;DUT 3TH
1905319900;9.000 % + EA MAX 24.200 % +ADSZ;DUT 3TH
1905319900;9.000 % + EA MAX 9.000 % +ADSZ;DUT 3TH
1905321100;9.000 % + EA MAX 24.200 % +ADSZ;DUT 3TH
1905321900;9.000 % + EA MAX 24.200 % +ADSZ;DUT 3TH
1905329900;9.000 % + EA MAX 24.200 % +ADSZ;DUT 3TH
1905401000;9.700 % + EA;DUT 3TH
1905409000;9.700 % + EA;DUT 3TH
1905901000;3.800 % + 15.900 EUR DTN;DUT 3TH
1905902000;4.500 % + 60.500 EUR DTN;DUT 3TH
1905902090;4.500 % + 60.500 EUR DTN;DUT 3TH
1905903000;9.700 % + EA;DUT 3TH
1905904500;9.000 % + EA MAX 20.700 % +ADFM;DUT 3TH
1905905500;9.000 % + EA MAX 20.700 % +ADFM;DUT 3TH
1905907000;9.000 % + EA MAX 24.200 % +ADSZ;DUT 3TH
1905908000;9.000 % + EA MAX 20.700 % +ADFM;DUT 3TH
2001100011;17.600 %;DUT 3TH
2001100019;17.600 %;DUT 3TH
2001100090;17.600 %;DUT 3TH
2001901000;0.000 %;DUT 3TH
2001902000;5.000 %;DUT 3TH
2001906590;16.000 %;DUT 3TH
2001907090;16.000 %;DUT 3TH
2001909229;10.000 %;DUT 3TH
2001909729;16.000 %;DUT 3TH
2001909789;16.000 %;DUT 3TH
2001909791;16.000 %;DUT 3TH
2001909799;16.000 %;DUT 3TH
2002101000;14.400 %;DUT 3TH
2002109000;14.400 %;DUT 3TH
2002901100;14.400 %;DUT 3TH
2002901900;14.400 %;DUT 3TH
2002903100;14.400 %;DUT 3TH
2002903900;14.400 %;DUT 3TH
2002904120;14.400 %;DUT 3TH
2002904195;14.400 %;DUT 3TH
2002904995;14.400 %;DUT 3TH
2002908090;14.400 %;DUT 3TH
2002909190;14.400 %;DUT 3TH
2002909900;14.400 %;DUT 3TH
2002909990;14.400 %;DUT 3TH
2003102000;18.400 % + 191.000 EUR DTN E;DUT 3TH
2003103000;18.400 % + 222.000 EUR DTN E;DUT 3TH
2003901000;14.400 %;DUT 3TH
2004101000;14.400 %;DUT 3TH
2004109100;7.600 % + EA;DUT 3TH
2004109900;17.600 %;DUT 3TH
2004909100;14.400 %;DUT 3TH
2004909800;17.600 %;DUT 3TH
2004909810;17.600 %;DUT 3TH
2004909880;17.600 %;DUT 3TH
2005100010;17.600 %;DUT 3TH
2005100080;17.600 %;DUT 3TH
2005201000;8.800 % + EA;DUT 3TH
2005202000;14.100 %;DUT 3TH
2005208000;14.100 %;DUT 3TH
2005400000;19.200 %;DUT 3TH
2005510000;17.600 %;DUT 3TH
2005590000;19.200 %;DUT 3TH
2005700000;12.800 %;DUT 3TH
2005700000;12.800 %;DUT 3TH
2005800010;5.100 % + 9.400 EUR DTN E;DUT 3TH
2005800099;5.100 % + 9.400 EUR DTN E;DUT 3TH
2005910090;17.600 %;DUT 3TH
2005991090;6.400 %;DUT 3TH
2005992090;16.000 %;DUT 3TH
2005995000;17.600 %;DUT 3TH
2005995090;17.600 %;DUT 3TH
2005996000;16.000 %;DUT 3TH
2005998029;17.600 %;DUT 3TH
2005998091;17.600 %;DUT 3TH
2005998092;17.600 %;DUT 3TH
2005998093;17.600 %;DUT 3TH
2005998094;17.600 %;DUT 3TH
2005998098;17.600 %;DUT 3TH
2005998099;17.600 %;DUT 3TH
2006001000;0.000 %;DUT 3TH
2006003500;12.500 % + 15.000 EUR DTN;DUT 3TH
2006003889;20.000 % + 23.900 EUR DTN;DUT 3TH
2006009100;12.500 %;DUT 3TH
2006009999;20.000 %;DUT 3TH
2006009999;20.000 %;DUT 3TH
2006009999;20.000 %;DUT 3TH
2007101050;24.000 % + 4.200 EUR DTN;DUT 3TH
2007101095;24.000 % + 4.200 EUR DTN;DUT 3TH
2007109900;24.000 %;DUT 3TH
2007109920;24.000 %;DUT 3TH
2007109995;24.000 %;DUT 3TH
2007911000;20.000 % + 23.000 EUR DTN;DUT 3TH
2007911010;20.000 % + 23.000 EUR DTN;DUT 3TH
2007911090;20.000 % + 23.000 EUR DTN;DUT 3TH
2007919000;21.600 %;DUT 3TH
2007991000;22.400 %;DUT 3TH
2007992000;24.000 % + 19.700 EUR DTN;DUT 3TH
2007992090;24.000 % + 19.700 EUR DTN;DUT 3TH
2007993100;24.000 % + 23.000 EUR DTN;DUT 3TH
2007993125;24.000 % + 23.000 EUR DTN;DUT 3TH
2007993199;24.000 % + 23.000 EUR DTN;DUT 3TH
2007993300;24.000 % + 23.000 EUR DTN;DUT 3TH
2007993325;24.000 % + 23.000 EUR DTN;DUT 3TH
2007993399;24.000 % + 23.000 EUR DTN;DUT 3TH
2007993500;24.000 % + 23.000 EUR DTN;DUT 3TH
2007993525;24.000 % + 23.000 EUR DTN;DUT 3TH
2007993599;24.000 % + 23.000 EUR DTN;DUT 3TH
2007993900;24.000 % + 23.000 EUR DTN;DUT 3TH
2007993901;24.000 % + 23.000 EUR DTN;DUT 3TH
2007993902;24.000 % + 23.000 EUR DTN;DUT 3TH
2007993926;24.000 % + 23.000 EUR DTN;DUT 3TH
2007993980;24.000 % + 23.000 EUR DTN;DUT 3TH
2007993985;24.000 % + 23.000 EUR DTN;DUT 3TH
2007995000;24.000 % + 4.200 EUR DTN;DUT 3TH
2007995099;24.000 % + 4.200 EUR DTN;DUT 3TH
2007999300;15.000 %;DUT 3TH
2007999390;15.000 %;DUT 3TH
2007999700;24.000 %;DUT 3TH
2007999710;24.000 %;DUT 3TH
2007999721;24.000 %;DUT 3TH
2007999723;24.000 %;DUT 3TH
2007999730;24.000 %;DUT 3TH
2007999735;24.000 %;DUT 3TH
2007999769;24.000 %;DUT 3TH
2007999770;24.000 %;DUT 3TH
2008119190;11.200 %;DUT 3TH
2008119600;12.000 %;DUT 3TH
2008119800;12.800 %;DUT 3TH
2008191280;7.000 %;DUT 3TH
2008191380;9.000 %;DUT 3TH
2008191930;11.200 %;DUT 3TH
2008191941;11.200 %;DUT 3TH
2008191980;11.200 %;DUT 3TH
2008199200;8.000 %;DUT 3TH
2008199280;8.000 %;DUT 3TH
2008199300;10.200 %;DUT 3TH
2008199320;10.200 %;DUT 3TH
2008199380;10.200 %;DUT 3TH
2008199500;12.000 %;DUT 3TH
2008199520;12.000 %;DUT 3TH
2008199540;12.000 %;DUT 3TH
2008199580;12.000 %;DUT 3TH
2008199930;12.800 %;DUT 3TH
2008199940;12.800 %;DUT 3TH
2008199980;12.800 %;DUT 3TH
2008205100;19.200 %;DUT 3TH
2008205900;17.600 %;DUT 3TH
2008207100;20.800 %;DUT 3TH
2008207900;19.200 %;DUT 3TH
2008303900;25.600 %;DUT 3TH
2008305100;15.200 %;DUT 3TH
2008305590;18.400 %;DUT 3TH
2008309000;18.400 %;DUT 3TH
2008309079;18.400 %;DUT 3TH
2008405900;16.000 %;DUT 3TH
2008407900;17.600 %;DUT 3TH
2008409000;16.800 %;DUT 3TH
2008506190;19.200 %;DUT 3TH
2008509200;13.600 %;DUT 3TH
2008509290;13.600 %;DUT 3TH
2008509899;18.400 %;DUT 3TH
2008601100;25.600 %;DUT 3TH
2008609000;18.400 %;DUT 3TH
2008706100;19.200 %;DUT 3TH
2008709800;18.400 %;DUT 3TH
2008809000;18.400 %;DUT 3TH
2008809090;18.400 %;DUT 3TH
2008939390;20.800 %;DUT 3TH
2008971600;16.000 % + 2.600 EUR DTN;DUT 3TH
2008971800;25.600 % + 4.200 EUR DTN;DUT 3TH
2008975100;11.000 %;DUT 3TH
2008979390;18.400 %;DUT 3TH
2008979890;18.400 %;DUT 3TH
2008993100;16.000 % + 2.600 EUR DTN;DUT 3TH
2008994090;25.600 %;DUT 3TH
2008994390;19.200 %;DUT 3TH
2008994894;11.000 %;DUT 3TH
2008994899;11.000 %;DUT 3TH
2008994899;11.000 %;DUT 3TH
2008994980;17.600 %;DUT 3TH
2008996300;13.000 %;DUT 3TH
2008996390;13.000 %;DUT 3TH
2008996799;20.800 %;DUT 3TH
2008998500;5.100 % + 9.400 EUR DTN E;DUT 3TH
2008999100;8.300 % + 3.800 EUR DTN E;DUT 3TH
2008999190;8.300 % + 3.800 EUR DTN E;DUT 3TH
2008999900;18.400 %;DUT 3TH
2008999935;18.400 %;DUT 3TH
2008999960;18.400 %;DUT 3TH
2008999979;18.400 %;DUT 3TH
2008999990;18.400 %;DUT 3TH
2009111900;33.600 %;DUT 3TH
2009120010;12.200 %;DUT 3TH
2009120090;12.200 %;DUT 3TH
2009191919;33.600 %;DUT 3TH
2009199819;12.200 %;DUT 3TH
2009199899;12.200 %;DUT 3TH
2009210000;12.000 %;DUT 3TH
2009299910;12.000 %;DUT 3TH
2009311100;14.400 %;DUT 3TH
2009311919;15.200 %;DUT 3TH
2009315190;14.400 %;DUT 3TH
2009315990;15.200 %;DUT 3TH
2009393919;15.200 %;DUT 3TH
2009509000;16.800 %;DUT 3TH
2009611000;"Cond: V 42.500 EUR/HLT(01):22.400 % ; V 41.700 EUR/HLT(01):22.400 % + 0.800 EUR HLT ; V 40.800 EUR/HLT(01):22.400 % + 1.700 EUR HLT ; V 40.000 EUR/HLT(01):22.400 % + 2.500 EUR HLT ; V 39.100 EUR/HLT(01):22.400 % + 3.400 EUR HLT ; V 0.000 EUR/HLT(01):22.400 % + 27.000 EUR HLT";DUT 3TH
2009611000;"Cond: V 42.500 EUR/HLT(01):22.400 % ; V 41.700 EUR/HLT(01):22.400 % + 0.800 EUR HLT ; V 40.800 EUR/HLT(01):22.400 % + 1.700 EUR HLT ; V 40.000 EUR/HLT(01):22.400 % + 2.500 EUR HLT ; V 39.100 EUR/HLT(01):22.400 % + 3.400 EUR HLT ; V 0.000 EUR/HLT(01):22.400 % + 27.000 EUR HLT";DUT 3TH
2009619000;22.400 % + 27.000 EUR HLT;DUT 3TH
2009619010;22.400 % + 27.000 EUR HLT;DUT 3TH
2009691199;40.000 % + 121.000 EUR HLT + 20.600 EUR DTN;DUT 3TH
2009719990;18.000 %;DUT 3TH
2009791990;30.000 %;DUT 3TH
2009799890;18.000 %;DUT 3TH
2009893690;21.000 %;DUT 3TH
2009893800;33.600 %;DUT 3TH
2009893899;33.600 %;DUT 3TH
2009897313;10.500 %;DUT 3TH
2009897999;16.800 %;DUT 3TH
2009898699;16.800 % + 20.600 EUR DTN;DUT 3TH
2009898800;10.500 %;DUT 3TH
2009898890;10.500 %;DUT 3TH
2009898900;16.800 %;DUT 3TH
2009899729;11.000 %;DUT 3TH
2009899799;11.000 %;DUT 3TH
2009899900;17.600 %;DUT 3TH
2009899994;17.600 %;DUT 3TH
2009899996;17.600 %;DUT 3TH
2009899999;17.600 %;DUT 3TH
2009901900;33.600 %;DUT 3TH
2009902900;33.600 %;DUT 3TH
2009903900;20.000 %;DUT 3TH
2009905180;16.800 %;DUT 3TH
2009905990;17.600 %;DUT 3TH
2009909200;10.500 % + 12.900 EUR DTN;DUT 3TH
2009909480;16.800 % + 20.600 EUR DTN;DUT 3TH
2009909600;16.800 %;DUT 3TH
2009909620;16.800 %;DUT 3TH
2009909680;16.800 %;DUT 3TH
2009909820;17.600 %;DUT 3TH
2009909880;17.600 %;DUT 3TH
2009909880;17.600 %;DUT 3TH
2101110000;9.000 %;DUT 3TH
2101129299;11.500 %;DUT 3TH
2101129899;9.000 % + EA;DUT 3TH
2101202000;6.000 %;DUT 3TH
2101209299;6.000 %;DUT 3TH
2101209899;6.500 % + EA;DUT 3TH
2101309900;10.800 % + 22.700 EUR DTN;DUT 3TH
2102101010;10.900 %;DUT 3TH
2102103100;12.000 %;DUT 3TH
2102103900;12.000 %;DUT 3TH
2102109000;14.700 %;DUT 3TH
2102109090;14.700 %;DUT 3TH
2102201100;8.300 %;DUT 3TH
2102201910;5.100 %;DUT 3TH
2102209000;0.000 %;DUT 3TH
2102300000;6.100 %;DUT 3TH
2103100000;7.700 %;DUT 3TH
2103200000;10.200 %;DUT 3TH
2103309090;9.000 %;DUT 3TH
2103901000;0.000 %;DUT 3TH
2103909000;7.700 %;DUT 3TH
2103909010;7.700 %;DUT 3TH
2103909011;7.700 %;DUT 3TH
2103909019;7.700 %;DUT 3TH
2103909080;7.700 %;DUT 3TH
2103909080;7.700 %;DUT 3TH
2103909081;7.700 %;DUT 3TH
2103909089;7.700 %;DUT 3TH
2104100019;11.500 %;DUT 3TH
2104100081;11.500 %;DUT 3TH
2104100089;11.500 %;DUT 3TH
2104100090;11.500 %;DUT 3TH
2104200090;14.100 %;DUT 3TH
2105001000;8.600 % + 20.200 EUR DTN MAX 19.400 % + 9.400 EUR DTN;DUT 3TH
2105009900;7.900 % + 54.000 EUR DTN MAX 17.800 % + 6.900 EUR DTN;DUT 3TH
2106102000;12.800 %;DUT 3TH
2106102090;12.800 %;DUT 3TH
2106108031;0.000 % + EA;DUT 3TH
2106108039;0.000 % + EA;DUT 3TH
2106108070;0.000 % + EA;DUT 3TH
2106902090;17.300 % MIN 1.000 EUR ASV X;DUT 3TH
2106905500;20.000 EUR DTN;DUT 3TH
2106905510;20.000 EUR DTN;DUT 3TH
2106905900;0.400 EUR DTN Z;DUT 3TH
2106905910;0.400 EUR DTN Z;DUT 3TH
2106909240;12.800 %;DUT 3TH
2106909260;12.800 %;DUT 3TH
2106909265;12.800 %;DUT 3TH
2106909285;12.800 %;DUT 3TH
2106909800;9.000 % + EA;DUT 3TH
2106909838;9.000 % + EA;DUT 3TH
2106909843;9.000 % + EA;DUT 3TH
2106909849;9.000 % + EA;DUT 3TH
2106909853;9.000 % + EA;DUT 3TH
2106909855;9.000 % + EA;DUT 3TH
2106909855;9.000 % + EA;DUT 3TH
2106909869;9.000 % + EA;DUT 3TH
2201101100;0.000 %;DUT 3TH
2201101900;0.000 %;DUT 3TH
2201109000;0.000 %;DUT 3TH
2201900000;0.000 %;DUT 3TH
2202100000;9.600 %;DUT 3TH
2202100000;9.600 %;DUT 3TH
2202910000;9.600 %;DUT 3TH
2202910010;9.600 %;DUT 3TH
2202910090;9.600 %;DUT 3TH
2202991100;9.600 %;DUT 3TH
2202991119;9.600 %;DUT 3TH
2202991500;9.600 %;DUT 3TH
2202991900;9.600 %;DUT 3TH
2202991911;9.600 %;DUT 3TH
2202991919;9.600 %;DUT 3TH
2202991999;9.600 %;DUT 3TH
2202999100;6.400 % + 13.700 EUR DTN;DUT 3TH
2202999110;6.400 % + 13.700 EUR DTN;DUT 3TH
2202999190;6.400 % + 13.700 EUR DTN;DUT 3TH
2202999500;5.500 % + 12.100 EUR DTN;DUT 3TH
2202999900;5.400 % + 21.200 EUR DTN;DUT 3TH
2202999990;5.400 % + 21.200 EUR DTN;DUT 3TH
2203000100;0.000 %;DUT 3TH
2203000900;0.000 %;DUT 3TH
2203001000;0.000 %;DUT 3TH
2204101100;32.000 EUR HLT;DUT 3TH
2204101500;32.000 EUR HLT;DUT 3TH
2204109100;32.000 EUR HLT;DUT 3TH
2204109400;32.000 EUR HLT;DUT 3TH
2204109800;32.000 EUR HLT;DUT 3TH
2204210700;32.000 EUR HLT;DUT 3TH
2204210900;32.000 EUR HLT;DUT 3TH
2204211110;13.100 EUR HLT;DUT 3TH
2204213690;15.400 EUR HLT;DUT 3TH
2204213890;15.400 EUR HLT;DUT 3TH
2204214290;15.400 EUR HLT;DUT 3TH
2204216690;15.400 EUR HLT;DUT 3TH
2204217890;15.400 EUR HLT;DUT 3TH
2204218990;15.800 EUR HLT;DUT 3TH
2204219351;1.750 EUR ASV X;DUT 3TH
2204219495;1.750 EUR ASV X;DUT 3TH
2204219621;15.400 EUR HLT;DUT 3TH
2204219671;15.400 EUR HLT;DUT 3TH
2204219681;18.600 EUR HLT;DUT 3TH
2204219695;1.750 EUR ASV X;DUT 3TH
2204219811;13.100 EUR HLT;DUT 3TH
2204219821;15.400 EUR HLT;DUT 3TH
2204219895;1.750 EUR ASV X;DUT 3TH
2204222210;9.900 EUR HLT;DUT 3TH
2204301000;32.000 %;DUT 3TH
2206003900;19.200 EUR HLT;DUT 3TH
2206008100;5.760 EUR HLT;DUT 3TH
2206008900;5.760 EUR HLT;DUT 3TH
2207200000;10.200 EUR HLT;DUT 3TH
2207200090;10.200 EUR HLT;DUT 3TH
2208201200;0.000 %;DUT 3TH
2208201800;0.000 %;DUT 3TH
2208202800;0.000 %;DUT 3TH
2208206600;0.000 %;DUT 3TH
2208303000;0.000 %;DUT 3TH
2208304900;0.000 %;DUT 3TH
2208306100;0.000 %;DUT 3TH
2208307100;0.000 %;DUT 3TH
2208307900;0.000 %;DUT 3TH
2208308200;0.000 %;DUT 3TH
2208308800;0.000 %;DUT 3TH
2208403100;0.000 %;DUT 3TH
2208403900;0.600 EUR ASV X + 3.200 EUR HLT;DUT 3TH
2208409900;0.600 EUR ASV X;DUT 3TH
2208501100;0.000 %;DUT 3TH
2208501900;0.000 %;DUT 3TH
2208601100;0.000 %;DUT 3TH
2208601900;0.000 %;DUT 3TH
2208609100;0.000 %;DUT 3TH
2208701000;0.000 %;DUT 3TH
2208709000;0.000 %;DUT 3TH
2208904800;0.000 %;DUT 3TH
2208906900;0.000 %;DUT 3TH
2208907800;0.000 %;DUT 3TH
2208909919;1.000 EUR ASV X;DUT 3TH
2208909990;1.000 EUR ASV X;DUT 3TH
2209009100;5.120 EUR HLT;DUT 3TH
2209009900;3.840 EUR HLT;DUT 3TH
2301100000;0.000 %;DUT 3TH
2302101000;44.000 EUR TNE;DUT 3TH
2302109000;89.000 EUR TNE;DUT 3TH
2302309000;89.000 EUR TNE;DUT 3TH
2302400800;89.000 EUR TNE;DUT 3TH
2302409000;89.000 EUR TNE;DUT 3TH
2303201000;0.000 %;DUT 3TH
2303201000;"Cond: B cert: Y-155 (01):50.000 % ; B (01):0.000 %";DUT 3TH
2303209000;0.000 %;DUT 3TH
2303209000;"Cond: B cert: Y-155 (01):50.000 % ; B (01):0.000 %";DUT 3TH
2303300000;0.000 %;DUT 3TH
2304000000;0.000 %;DUT 3TH
2306200000;0.000 %;DUT 3TH
2306410000;0.000 %;DUT 3TH
2306909000;0.000 %;DUT 3TH
2308009000;"Cond: B cert: Y-155 (01):50.000 % ; B (01):1.600 %";DUT 3TH
2309101100;0.000 %;DUT 3TH
2309101300;498.000 EUR TNE;DUT 3TH
2309101500;730.000 EUR TNE;DUT 3TH
2309103100;0.000 %;DUT 3TH
2309103300;530.000 EUR TNE;DUT 3TH
2309107000;948.000 EUR TNE;DUT 3TH
2309109000;9.600 %;DUT 3TH
2309901000;3.800 %;DUT 3TH
2309902000;0.000 %;DUT 3TH
2309903149;23.000 EUR TNE;DUT 3TH
2309903159;"Cond: B cert: Y-155 (01):50.000 % ; B (01):23.000 EUR TNE";DUT 3TH
2309903191;23.000 EUR TNE;DUT 3TH
2309903191;"Cond: B cert: Y-155 (01):50.000 % ; B (01):23.000 EUR TNE";DUT 3TH
2309904100;55.000 EUR TNE;DUT 3TH
2309905100;102.000 EUR TNE;DUT 3TH
2309905100;"Cond: B cert: Y-155 (01):50.000 % ; B (01):102.000 EUR TNE";DUT 3TH
2309909600;50.000 %;DUT 3TH
2309909600;9.600 %;DUT 3TH
2309909600;"Cond: B cert: Y-155 (01):50.000 % ; B (01):9.600 %";DUT 3TH
2309909639;9.600 %;DUT 3TH
2309909695;9.600 %;DUT 3TH
2401106000;11.200 % MIN 22.000 EUR DTN MAX 56.000 EUR DTN;DUT 3TH
2401109599;10.000 % MIN 22.000 EUR DTN MAX 56.000 EUR DTN;DUT 3TH
2401203510;18.400 % MIN 22.000 EUR DTN MAX 24.000 EUR DTN;DUT 3TH
2401203599;11.200 % MIN 22.000 EUR DTN MAX 56.000 EUR DTN;DUT 3TH
2401206000;11.200 % MIN 22.000 EUR DTN MAX 56.000 EUR DTN;DUT 3TH
2401207090;11.200 % MIN 22.000 EUR DTN MAX 56.000 EUR DTN;DUT 3TH
2401208510;18.400 % MIN 22.000 EUR DTN MAX 24.000 EUR DTN;DUT 3TH
2401208590;11.200 % MIN 22.000 EUR DTN MAX 56.000 EUR DTN;DUT 3TH
2401300000;11.200 % MIN 22.000 EUR DTN MAX 56.000 EUR DTN;DUT 3TH
2403991000;41.600 %;DUT 3TH
2404120000;6.500 %;DUT 3TH
2404120010;6.500 %;DUT 3TH
2404120090;6.500 %;DUT 3TH
2501001000;0.000 %;DUT 3TH
2501003100;0.000 %;DUT 3TH
2501005110;1.700 EUR TNE;DUT 3TH
2501009100;2.600 EUR TNE;DUT 3TH
2501009900;2.600 EUR TNE;DUT 3TH
2501009900;2.600 EUR TNE;DUT 3TH
2502000000;0.000 %;DUT 3TH
2503009000;1.700 %;DUT 3TH
2504100000;0.000 %;DUT 3TH
2505100000;0.000 %;DUT 3TH
2505900000;0.000 %;DUT 3TH
2506200000;0.000 %;DUT 3TH
2507002000;0.000 %;DUT 3TH
2507008000;0.000 %;DUT 3TH
2508100000;0.000 %;DUT 3TH
2508300000;0.000 %;DUT 3TH
2508400000;0.000 %;DUT 3TH
2508500000;0.000 %;DUT 3TH
2508600000;0.000 %;DUT 3TH
2508700000;0.000 %;DUT 3TH
2509000000;0.000 %;DUT 3TH
2513100000;0.000 %;DUT 3TH
2514000000;0.000 %;DUT 3TH
2515110000;0.000 %;DUT 3TH
2515120000;0.000 %;DUT 3TH
2515120000;0.000 %;DUT 3TH
2515200000;0.000 %;DUT 3TH
2516110000;0.000 %;DUT 3TH
2516120000;0.000 %;DUT 3TH
2516200000;0.000 %;DUT 3TH
2516900000;0.000 %;DUT 3TH
2516900000;0.000 %;DUT 3TH
2516900000;0.000 %;DUT 3TH
2517101000;0.000 %;DUT 3TH
2517102000;0.000 %;DUT 3TH
2517108000;0.000 %;DUT 3TH
2517410000;0.000 %;DUT 3TH
2517490000;0.000 %;DUT 3TH
2519901010;1.700 %;DUT 3TH
2519903000;0.000 %;DUT 3TH
2519909000;0.000 %;DUT 3TH
2520100000;0.000 %;DUT 3TH
2520200000;0.000 %;DUT 3TH
2521000000;0.000 %;DUT 3TH
2522100000;1.700 %;DUT 3TH
2523100000;1.700 %;DUT 3TH
2523210000;1.700 %;DUT 3TH
2523290000;1.700 %;DUT 3TH
2523900000;1.700 %;DUT 3TH
2525200000;0.000 %;DUT 3TH
2526100000;0.000 %;DUT 3TH
2526200000;0.000 %;DUT 3TH
2526200000;0.000 %;DUT 3TH
2528000000;0.000 %;DUT 3TH
2529300000;0.000 %;DUT 3TH
2530100000;0.000 %;DUT 3TH
2530900000;0.000 %;DUT 3TH
2530900000;0.000 %;DUT 3TH
2530907000;0.000 %;DUT 3TH
2530907090;0.000 %;DUT 3TH
2602000000;0.000 %;DUT 3TH
2604000000;0.000 %;DUT 3TH
2606000000;0.000 %;DUT 3TH
2607000000;0.000 %;DUT 3TH
2608000000;0.000 %;DUT 3TH
2611000000;0.000 %;DUT 3TH
2615100000;0.000 %;DUT 3TH
2616100000;0.000 %;DUT 3TH
2616900090;0.000 %;DUT 3TH
2618000000;0.000 %;DUT 3TH
2620190000;0.000 %;DUT 3TH
2620210000;0.000 %;DUT 3TH
2620300000;0.000 %;DUT 3TH
2620400000;0.000 %;DUT 3TH
2620400000;0.000 %;DUT 3TH
2620999500;0.000 %;DUT 3TH
2621900000;0.000 %;DUT 3TH
2701110000;0.000 %;DUT 3TH
2701129000;0.000 %;DUT 3TH
2701190000;0.000 %;DUT 3TH
2703000000;0.000 %;DUT 3TH
2704009000;0.000 %;DUT 3TH
2707200000;3.000 %;DUT 3TH
2707300000;3.000 %;DUT 3TH
2709009000;0.000 %;DUT 3TH
2710121500;0.000 %;DUT 3TH
2710122100;4.700 %;DUT 3TH
2710122500;4.700 %;DUT 3TH
2710122590;4.700 %;DUT 3TH
2710122599;4.700 %;DUT 3TH
2710124900;4.700 %;DUT 3TH
2710129000;4.700 %;DUT 3TH
2710191500;0.000 %;DUT 3TH
2710192900;4.700 %;DUT 3TH
2710194229;0.000 %;DUT 3TH
2710194400;0.000 %;DUT 3TH
2710196200;3.500 %;DUT 3TH
2710198100;3.700 %;DUT 3TH
2710198190;3.700 %;DUT 3TH
2710198300;3.700 %;DUT 3TH
2710198500;3.700 %;DUT 3TH
2710198700;3.700 %;DUT 3TH
2710199100;3.700 %;DUT 3TH
2710199300;3.700 %;DUT 3TH
2710199900;3.700 %;DUT 3TH
2710199990;3.700 %;DUT 3TH
2710201629;0.000 %;DUT 3TH
2710201690;0.000 %;DUT 3TH
2710209000;3.700 %;DUT 3TH
2710990090;3.500 %;DUT 3TH
2711129700;0.700 %;DUT 3TH
2711139700;0.700 %;DUT 3TH
2711190000;0.000 %;DUT 3TH
2712101000;0.000 %;DUT 3TH
2712109000;2.200 %;DUT 3TH
2712201000;0.000 %;DUT 3TH
2712209000;2.200 %;DUT 3TH
2712909990;2.200 %;DUT 3TH
2713120000;0.000 %;DUT 3TH
2713200000;0.000 %;DUT 3TH
2714900000;0.000 %;DUT 3TH
2715000000;0.000 %;DUT 3TH
2801309000;5.500 %;DUT 3TH
2803000000;0.000 %;DUT 3TH
2804100000;3.700 %;DUT 3TH
2804210000;5.000 %;DUT 3TH
2804299000;5.000 %;DUT 3TH
2804300000;5.500 %;DUT 3TH
2804400000;5.000 %;DUT 3TH
2804610000;0.000 %;DUT 3TH
2804690090;5.500 %;DUT 3TH
2804700000;5.500 %;DUT 3TH
2804700000;5.500 %;DUT 3TH
2804709000;5.500 %;DUT 3TH
2805110000;5.000 %;DUT 3TH
2805120000;5.500 %;DUT 3TH
2805199020;4.100 %;DUT 3TH
2805199090;4.100 %;DUT 3TH
2805301040;5.500 %;DUT 3TH
2806100000;5.500 %;DUT 3TH
2807000000;3.000 %;DUT 3TH
2809200000;5.500 %;DUT 3TH
2809200010;5.500 %;DUT 3TH
2809200090;5.500 %;DUT 3TH
2810001000;0.000 %;DUT 3TH
2810009000;3.700 %;DUT 3TH
2811198010;5.300 %;DUT 3TH
2811198010;5.300 %;DUT 3TH
2811198050;5.300 %;DUT 3TH
2811198090;5.300 %;DUT 3TH
2811210000;5.500 %;DUT 3TH
2811220010;4.600 %;DUT 3TH
2811220040;4.600 %;DUT 3TH
2811220090;4.600 %;DUT 3TH
2811293000;5.000 %;DUT 3TH
2811299000;5.300 %;DUT 3TH
2811299090;5.300 %;DUT 3TH
2812900010;5.500 %;DUT 3TH
2812900090;5.500 %;DUT 3TH
2814100000;5.500 %;DUT 3TH
2814100000;5.500 %;DUT 3TH
2815110000;5.500 %;DUT 3TH
2815200000;5.500 %;DUT 3TH
2816100000;4.100 %;DUT 3TH
2817000000;5.500 %;DUT 3TH
2817000000;5.500 %;DUT 3TH
2818101100;5.200 %;DUT 3TH
2818101110;5.200 %;DUT 3TH
2818101190;5.200 %;DUT 3TH
2818101900;5.200 %;DUT 3TH
2818109190;5.200 %;DUT 3TH
2818109900;5.200 %;DUT 3TH
2818200010;4.000 %;DUT 3TH
2818200090;4.000 %;DUT 3TH
2818300090;0.000 %;DUT 3TH
2818300090;5.500 %;DUT 3TH
2819909000;5.500 %;DUT 3TH
2819909090;5.500 %;DUT 3TH
2819909090;5.500 %;DUT 3TH
2820909000;5.500 %;DUT 3TH
2821100000;4.600 %;DUT 3TH
2821200000;4.600 %;DUT 3TH
2823000000;5.500 %;DUT 3TH
2823000010;5.500 %;DUT 3TH
2823000085;5.500 %;DUT 3TH
2823000090;5.500 %;DUT 3TH
2825200000;5.300 %;DUT 3TH
2825200010;5.300 %;DUT 3TH
2825200090;5.300 %;DUT 3TH
2825400000;0.000 %;DUT 3TH
2825600010;5.500 %;DUT 3TH
2825600090;5.500 %;DUT 3TH
2825902000;5.300 %;DUT 3TH
2825908590;5.500 %;DUT 3TH
2826191000;5.500 %;DUT 3TH
2826199000;5.300 %;DUT 3TH
2826199090;5.300 %;DUT 3TH
2826300000;5.500 %;DUT 3TH
2826908000;5.500 %;DUT 3TH
2826908000;5.500 %;DUT 3TH
2826908090;5.500 %;DUT 3TH
2827100000;5.500 %;DUT 3TH
2827200000;4.600 %;DUT 3TH
2827320000;5.500 %;DUT 3TH
2827391000;4.100 %;DUT 3TH
2827392000;2.100 %;DUT 3TH
2827398590;5.500 %;DUT 3TH
2827499090;5.300 %;DUT 3TH
2827510000;5.500 %;DUT 3TH
2827590000;5.500 %;DUT 3TH
2828100000;5.500 %;DUT 3TH
2828100010;5.500 %;DUT 3TH
2828100090;5.500 %;DUT 3TH
2829908000;5.500 %;DUT 3TH
2832100000;5.500 %;DUT 3TH
2832200000;5.500 %;DUT 3TH
2833190000;5.500 %;DUT 3TH
2833210000;5.500 %;DUT 3TH
2833220000;0.000 %;DUT 3TH
2833220000;5.500 %;DUT 3TH
2833250000;3.200 %;DUT 3TH
2833292000;5.500 %;DUT 3TH
2833293000;5.300 %;DUT 3TH
2833298000;5.000 %;DUT 3TH
2833298020;5.000 %;DUT 3TH
2833298040;5.000 %;DUT 3TH
2833300000;5.500 %;DUT 3TH
2833400000;5.500 %;DUT 3TH
2834100000;5.500 %;DUT 3TH
2835100010;5.500 %;DUT 3TH
2835100020;5.500 %;DUT 3TH
2835100090;5.500 %;DUT 3TH
2835220000;5.500 %;DUT 3TH
2835240000;5.500 %;DUT 3TH
2835250000;5.500 %;DUT 3TH
2835260000;5.500 %;DUT 3TH
2835260000;5.500 %;DUT 3TH
2835299000;5.500 %;DUT 3TH
2835310000;5.500 %;DUT 3TH
2835390000;5.500 %;DUT 3TH
2836200000;5.500 %;DUT 3TH
2836300000;5.500 %;DUT 3TH
2836400000;5.500 %;DUT 3TH
2836500000;5.000 %;DUT 3TH
2836910020;5.500 %;DUT 3TH
2836910020;5.500 %;DUT 3TH
2836910090;5.500 %;DUT 3TH
2836991100;3.700 %;DUT 3TH
2836991700;5.500 %;DUT 3TH
2836991730;5.500 %;DUT 3TH
2836991780;5.500 %;DUT 3TH
2836999000;5.500 %;DUT 3TH
2839110000;5.000 %;DUT 3TH
2839190090;5.000 %;DUT 3TH
2839900020;5.000 %;DUT 3TH
2839900020;5.000 %;DUT 3TH
2839900090;5.000 %;DUT 3TH
2840110000;0.000 %;DUT 3TH
2840199000;5.300 %;DUT 3TH
2840201000;0.000 %;DUT 3TH
2840201000;0.000 %;DUT 3TH
2840209010;5.300 %;DUT 3TH
2840209090;5.300 %;DUT 3TH
2840300000;5.500 %;DUT 3TH
2841610000;5.500 %;DUT 3TH
2841700000;5.500 %;DUT 3TH
2841700090;5.500 %;DUT 3TH
2841700090;5.500 %;DUT 3TH
2841908590;5.500 %;DUT 3TH
2842100090;0.000 %;DUT 3TH
2842100090;5.500 %;DUT 3TH
2842908080;0.000 %;DUT 3TH
2842908080;5.500 %;DUT 3TH
2844103000;0.000 %;DUT 3TH
2844105000;0.000 %;DUT 3TH
2844203500;0.000 %;DUT 3TH
2844205900;0.000 %;DUT 3TH
2844209900;0.000 %;DUT 3TH
2844301900;2.900 %;DUT 3TH
2844306900;0.000 %;DUT 3TH
2844401000;0.000 %;DUT 3TH
2844408000;0.000 %;DUT 3TH
2845909090;0.000 %;DUT 3TH
2845909090;5.500 %;DUT 3TH
2846909000;3.200 %;DUT 3TH
2847000000;5.500 %;DUT 3TH
2849200000;5.500 %;DUT 3TH
2849901000;4.100 %;DUT 3TH
2850002090;4.600 %;DUT 3TH
2850006000;5.500 %;DUT 3TH
2852100000;0.000 %;DUT 3TH
2852100000;5.500 %;DUT 3TH
2853100000;5.500 %;DUT 3TH
2853901000;2.700 %;DUT 3TH
2853903000;4.100 %;DUT 3TH
2853909000;5.500 %;DUT 3TH
2853909090;5.500 %;DUT 3TH
2901100000;0.000 %;DUT 3TH
2901210000;0.000 %;DUT 3TH
2901220000;0.000 %;DUT 3TH
2901240000;0.000 %;DUT 3TH
2901290000;0.000 %;DUT 3TH
2902190000;0.000 %;DUT 3TH
2902410000;0.000 %;DUT 3TH
2902900000;0.000 %;DUT 3TH
2903110000;5.500 %;DUT 3TH
2903150000;5.500 %;DUT 3TH
2903190000;5.500 %;DUT 3TH
2903290000;5.500 %;DUT 3TH
2903290000;5.500 %;DUT 3TH
2903290000;5.500 %;DUT 3TH
2903392100;5.500 %;DUT 3TH
2903392400;5.500 %;DUT 3TH
2903392410;5.500 %;DUT 3TH
2903392490;5.500 %;DUT 3TH
2903392600;5.500 %;DUT 3TH
2903392690;5.500 %;DUT 3TH
2903392700;5.500 %;DUT 3TH
2903392810;5.500 %;DUT 3TH
2903392820;5.500 %;DUT 3TH
2903392890;0.000 %;DUT 3TH
2903392890;5.500 %;DUT 3TH
2903393100;5.500 %;DUT 3TH
2903393990;5.500 %;DUT 3TH
2903398000;5.500 %;DUT 3TH
2903420000;5.500 %;DUT 3TH
2903450000;5.500 %;DUT 3TH
2903450010;5.500 %;DUT 3TH
2903450020;5.500 %;DUT 3TH
2903450030;5.500 %;DUT 3TH
2903493020;5.500 %;DUT 3TH
2903499090;5.500 %;DUT 3TH
2903510000;5.500 %;DUT 3TH
2903510090;5.500 %;DUT 3TH
2903610000;5.500 %;DUT 3TH
2903710000;5.500 %;DUT 3TH
2903779090;5.500 %;DUT 3TH
2903898060;5.500 %;DUT 3TH
2903998050;5.500 %;DUT 3TH
2903998090;0.000 %;DUT 3TH
2903998090;5.500 %;DUT 3TH
2904100090;0.000 %;DUT 3TH
2904100090;5.500 %;DUT 3TH
2904200000;5.500 %;DUT 3TH
2904990090;0.000 %;DUT 3TH
2904990090;5.500 %;DUT 3TH
2905110090;5.500 %;DUT 3TH
2905120000;5.500 %;DUT 3TH
2905120010;5.500 %;DUT 3TH
2905120090;5.500 %;DUT 3TH
2905168500;5.500 %;DUT 3TH
2905170000;5.500 %;DUT 3TH
2905190098;5.500 %;DUT 3TH
2905299000;0.000 %;DUT 3TH
2905299000;5.500 %;DUT 3TH
2905310010;5.500 %;DUT 3TH
2905310090;5.500 %;DUT 3TH
2905392000;0.000 %;DUT 3TH
2905392000;0.000 %;DUT 3TH
2905392000;0.000 %;DUT 3TH
2905393000;0.000 %;DUT 3TH
2905399520;5.500 %;DUT 3TH
2905399540;5.500 %;DUT 3TH
2905399590;0.000 %;DUT 3TH
2905399590;5.500 %;DUT 3TH
2905410000;5.500 %;DUT 3TH
2905420000;5.500 %;DUT 3TH
2905420000;5.500 %;DUT 3TH
2905430000;9.600 % + 125.800 EUR DTN;DUT 3TH
2905449100;7.700 % + 23.000 EUR DTN;DUT 3TH
2905449900;9.000 % + 53.700 EUR DTN;DUT 3TH
2905450000;3.800 %;DUT 3TH
2905490000;0.000 %;DUT 3TH
2905490000;5.500 %;DUT 3TH
2906110000;0.000 %;DUT 3TH
2906110000;5.500 %;DUT 3TH
2906120000;5.500 %;DUT 3TH
2906139000;0.000 %;DUT 3TH
2906210000;5.500 %;DUT 3TH
2907120020;2.100 %;DUT 3TH
2907199090;0.000 %;DUT 3TH
2907199090;5.500 %;DUT 3TH
2907230000;5.500 %;DUT 3TH
2907290090;0.000 %;DUT 3TH
2907290090;5.500 %;DUT 3TH
2908990000;0.000 %;DUT 3TH
2908990000;5.500 %;DUT 3TH
2909199030;5.500 %;DUT 3TH
2909199090;0.000 %;DUT 3TH
2909199090;5.500 %;DUT 3TH
2909200090;0.000 %;DUT 3TH
2909200090;5.500 %;DUT 3TH
2909301000;0.000 %;DUT 3TH
2909303820;5.500 %;DUT 3TH
2909309090;0.000 %;DUT 3TH
2909309090;5.500 %;DUT 3TH
2909491100;0.000 %;DUT 3TH
2909498020;5.500 %;DUT 3TH
2909498090;0.000 %;DUT 3TH
2909498090;5.500 %;DUT 3TH
2909500090;0.000 %;DUT 3TH
2909500090;5.500 %;DUT 3TH
2909600090;5.500 %;DUT 3TH
2909600090;5.500 %;DUT 3TH
2909609090;5.500 %;DUT 3TH
2910100000;5.500 %;DUT 3TH
2910200000;0.000 %;DUT 3TH
2910200000;5.500 %;DUT 3TH
2910900090;0.000 %;DUT 3TH
2910900090;5.500 %;DUT 3TH
2911000090;0.000 %;DUT 3TH
2911000090;5.000 %;DUT 3TH
2912110000;5.500 %;DUT 3TH
2912190090;0.000 %;DUT 3TH
2912190090;5.500 %;DUT 3TH
2912290035;5.500 %;DUT 3TH
2912410000;5.500 %;DUT 3TH
2912420000;5.500 %;DUT 3TH
2912600000;5.500 %;DUT 3TH
2913000000;0.000 %;DUT 3TH
2913000000;5.500 %;DUT 3TH
2914110000;5.500 %;DUT 3TH
2914120000;5.500 %;DUT 3TH
2914220000;5.500 %;DUT 3TH
2914230000;5.500 %;DUT 3TH
2914290090;0.000 %;DUT 3TH
2914290090;5.500 %;DUT 3TH
2914500090;0.000 %;DUT 3TH
2914500090;5.500 %;DUT 3TH
2914620000;0.000 %;DUT 3TH
2914620000;5.500 %;DUT 3TH
2914698010;5.500 %;DUT 3TH
2914698010;5.500 %;DUT 3TH
2914698090;0.000 %;DUT 3TH
2914698090;5.500 %;DUT 3TH
2914710000;5.500 %;DUT 3TH
2914790090;0.000 %;DUT 3TH
2914790090;5.500 %;DUT 3TH
2915110000;5.500 %;DUT 3TH
2915120090;5.500 %;DUT 3TH
2915130000;5.500 %;DUT 3TH
2915210090;5.500 %;DUT 3TH
2915290000;5.500 %;DUT 3TH
2915290090;5.500 %;DUT 3TH
2915310000;5.500 %;DUT 3TH
2915330000;5.500 %;DUT 3TH
2915390025;5.500 %;DUT 3TH
2915390090;0.000 %;DUT 3TH
2915390090;5.500 %;DUT 3TH
2915400000;5.500 %;DUT 3TH
2915601990;0.000 %;DUT 3TH
2915601990;5.500 %;DUT 3TH
2915704000;0.000 %;DUT 3TH
2915704000;5.500 %;DUT 3TH
2915704010;5.500 %;DUT 3TH
2915704090;0.000 %;DUT 3TH
2915704090;0.000 %;DUT 3TH
2915704090;5.500 %;DUT 3TH
2915704090;5.500 %;DUT 3TH
2915704098;0.000 %;DUT 3TH
2915704098;5.500 %;DUT 3TH
2915705000;5.500 %;DUT 3TH
2915705090;5.500 %;DUT 3TH
2915903090;5.500 %;DUT 3TH
2915907090;0.000 %;DUT 3TH
2915907090;5.500 %;DUT 3TH
2915907095;5.500 %;DUT 3TH
2915907098;0.000 %;DUT 3TH
2915907098;5.500 %;DUT 3TH
2916110010;6.500 %;DUT 3TH
2916110090;6.500 %;DUT 3TH
2916120090;6.500 %;DUT 3TH
2916130020;6.500 %;DUT 3TH
2916130030;6.500 %;DUT 3TH
2916130040;6.500 %;DUT 3TH
2916130090;6.500 %;DUT 3TH
2916140090;6.500 %;DUT 3TH
2916150000;6.500 %;DUT 3TH
2916150090;6.500 %;DUT 3TH
2916199530;6.500 %;DUT 3TH
2916199530;6.500 %;DUT 3TH
2916199590;0.000 %;DUT 3TH
2916199590;6.500 %;DUT 3TH
2916200070;6.500 %;DUT 3TH
2916200090;0.000 %;DUT 3TH
2916200090;6.500 %;DUT 3TH
2916310090;0.000 %;DUT 3TH
2916310090;6.500 %;DUT 3TH
2916320000;6.500 %;DUT 3TH
2916399090;0.000 %;DUT 3TH
2916399090;6.500 %;DUT 3TH
2917110030;6.500 %;DUT 3TH
2917110099;6.500 %;DUT 3TH
2917120010;6.500 %;DUT 3TH
2917120090;6.500 %;DUT 3TH
2917131000;0.000 %;DUT 3TH
2917140000;6.500 %;DUT 3TH
2917191010;6.500 %;DUT 3TH
2917191020;6.500 %;DUT 3TH
2917191090;0.000 %;DUT 3TH
2917191090;6.500 %;DUT 3TH
2917192000;6.300 %;DUT 3TH
2917198055;6.300 %;DUT 3TH
2917198070;6.300 %;DUT 3TH
2917198070;6.300 %;DUT 3TH
2917198090;0.000 %;DUT 3TH
2917198090;6.300 %;DUT 3TH
2917200090;6.000 %;DUT 3TH
2917350000;6.500 %;DUT 3TH
2917370000;6.500 %;DUT 3TH
2917392000;0.000 %;DUT 3TH
2917392000;0.000 %;DUT 3TH
2917399590;0.000 %;DUT 3TH
2917399590;6.500 %;DUT 3TH
2918110000;0.000 %;DUT 3TH
2918110000;6.500 %;DUT 3TH
2918120090;6.500 %;DUT 3TH
2918130000;0.000 %;DUT 3TH
2918130000;6.500 %;DUT 3TH
2918140090;6.500 %;DUT 3TH
2918140090;6.500 %;DUT 3TH
2918150019;6.500 %;DUT 3TH
2918150090;6.500 %;DUT 3TH
2918170000;6.500 %;DUT 3TH
2918199820;6.500 %;DUT 3TH
2918199820;6.500 %;DUT 3TH
2918199850;6.500 %;DUT 3TH
2918199890;0.000 %;DUT 3TH
2918199890;6.500 %;DUT 3TH
2918210000;6.500 %;DUT 3TH
2918230000;0.000 %;DUT 3TH
2918230000;6.500 %;DUT 3TH
2918290010;6.500 %;DUT 3TH
2918290035;6.500 %;DUT 3TH
2918290075;6.500 %;DUT 3TH
2918290080;6.500 %;DUT 3TH
2918290090;0.000 %;DUT 3TH
2918290090;6.500 %;DUT 3TH
2918300050;6.500 %;DUT 3TH
2918300087;6.500 %;DUT 3TH
2918300090;0.000 %;DUT 3TH
2918300090;6.500 %;DUT 3TH
2918999025;6.500 %;DUT 3TH
2918999027;6.500 %;DUT 3TH
2918999090;0.000 %;DUT 3TH
2918999090;6.500 %;DUT 3TH
2919100000;6.500 %;DUT 3TH
2919900010;6.500 %;DUT 3TH
2919900070;6.500 %;DUT 3TH
2919900090;0.000 %;DUT 3TH
2919900090;6.500 %;DUT 3TH
2920290070;6.500 %;DUT 3TH
2920290090;6.500 %;DUT 3TH
2920901090;0.000 %;DUT 3TH
2920901090;6.500 %;DUT 3TH
2920907090;0.000 %;DUT 3TH
2920907090;6.500 %;DUT 3TH
2921110000;6.500 %;DUT 3TH
2921120000;6.500 %;DUT 3TH
2921199975;6.500 %;DUT 3TH
2921199980;6.500 %;DUT 3TH
2921199990;0.000 %;DUT 3TH
2921199990;6.500 %;DUT 3TH
2921220000;6.500 %;DUT 3TH
2921290090;0.000 %;DUT 3TH
2921290090;6.000 %;DUT 3TH
2921309990;0.000 %;DUT 3TH
2921309990;6.500 %;DUT 3TH
2921420080;6.500 %;DUT 3TH
2921420086;6.500 %;DUT 3TH
2921430020;6.500 %;DUT 3TH
2921430020;6.500 %;DUT 3TH
2921430020;6.500 %;DUT 3TH
2921430090;0.000 %;DUT 3TH
2921430090;6.500 %;DUT 3TH
2921511100;0.000 %;DUT 3TH
2921511900;6.500 %;DUT 3TH
2921511940;6.500 %;DUT 3TH
2921511990;6.500 %;DUT 3TH
2921519000;6.500 %;DUT 3TH
2921519090;6.500 %;DUT 3TH
2921595090;0.000 %;DUT 3TH
2921599030;6.500 %;DUT 3TH
2921599090;0.000 %;DUT 3TH
2921599090;6.500 %;DUT 3TH
2922110000;0.000 %;DUT 3TH
2922110000;6.500 %;DUT 3TH
2922150000;6.500 %;DUT 3TH
2922190090;0.000 %;DUT 3TH
2922190090;6.500 %;DUT 3TH
2922290070;6.500 %;DUT 3TH
2922290070;6.500 %;DUT 3TH
2922290090;0.000 %;DUT 3TH
2922290090;6.500 %;DUT 3TH
2922410000;0.000 %;DUT 3TH
2922410000;6.300 %;DUT 3TH
2922410010;0.000 %;DUT 3TH
2922410010;6.300 %;DUT 3TH
2922410010;6.300 %;DUT 3TH
2922410020;6.300 %;DUT 3TH
2922410090;0.000 %;DUT 3TH
2922410090;6.300 %;DUT 3TH
2922492000;0.000 %;DUT 3TH
2922492000;0.000 %;DUT 3TH
2922498517;6.500 %;DUT 3TH
2922498525;6.500 %;DUT 3TH
2922498545;6.500 %;DUT 3TH
2922498590;0.000 %;DUT 3TH
2922498590;6.500 %;DUT 3TH
2922500025;6.500 %;DUT 3TH
2922500090;0.000 %;DUT 3TH
2922500090;6.500 %;DUT 3TH
2923100090;0.000 %;DUT 3TH
2923100090;6.500 %;DUT 3TH
2923200000;0.000 %;DUT 3TH
2923200000;5.700 %;DUT 3TH
2923300000;6.500 %;DUT 3TH
2923900010;6.500 %;DUT 3TH
2923900087;6.500 %;DUT 3TH
2923900090;0.000 %;DUT 3TH
2923900090;6.500 %;DUT 3TH
2924190090;0.000 %;DUT 3TH
2924190090;6.500 %;DUT 3TH
2924291000;0.000 %;DUT 3TH
2924297075;6.500 %;DUT 3TH
2924297075;6.500 %;DUT 3TH
2924297085;6.500 %;DUT 3TH
2924297088;6.500 %;DUT 3TH
2924297091;6.500 %;DUT 3TH
2924297092;6.500 %;DUT 3TH
2924297092;6.500 %;DUT 3TH
2924297094;6.500 %;DUT 3TH
2924297099;0.000 %;DUT 3TH
2924297099;6.500 %;DUT 3TH
2924299892;6.500 %;DUT 3TH
2925110090;6.500 %;DUT 3TH
2925199520;6.500 %;DUT 3TH
2925199590;0.000 %;DUT 3TH
2925199590;6.500 %;DUT 3TH
2925210000;6.500 %;DUT 3TH
2925290010;6.500 %;DUT 3TH
2925290090;0.000 %;DUT 3TH
2925290090;6.500 %;DUT 3TH
2926907017;6.500 %;DUT 3TH
2926907022;6.500 %;DUT 3TH
2926907090;0.000 %;DUT 3TH
2926907090;6.500 %;DUT 3TH
2927000035;6.500 %;DUT 3TH
2927000090;0.000 %;DUT 3TH
2927000090;6.500 %;DUT 3TH
2928009028;6.500 %;DUT 3TH
2928009050;6.500 %;DUT 3TH
2928009055;6.500 %;DUT 3TH
2928009070;6.500 %;DUT 3TH
2928009090;0.000 %;DUT 3TH
2928009090;6.500 %;DUT 3TH
2929100090;6.500 %;DUT 3TH
2929900090;0.000 %;DUT 3TH
2929900090;6.500 %;DUT 3TH
2930401000;0.000 %;DUT 3TH
2930409000;6.500 %;DUT 3TH
2930901300;0.000 %;DUT 3TH
2930901300;6.500 %;DUT 3TH
2930905000;0.000 %;DUT 3TH
2930909518;6.500 %;DUT 3TH
2930909599;0.000 %;DUT 3TH
2930909599;6.500 %;DUT 3TH
2930909835;6.500 %;DUT 3TH
2930909855;6.500 %;DUT 3TH
2930909888;6.500 %;DUT 3TH
2930909899;0.000 %;DUT 3TH
2930909899;6.500 %;DUT 3TH
2931100000;6.500 %;DUT 3TH
2931395000;0.000 %;DUT 3TH
2931395000;6.500 %;DUT 3TH
2931396000;6.500 %;DUT 3TH
2931399090;0.000 %;DUT 3TH
2931399090;6.500 %;DUT 3TH
2931493000;0.000 %;DUT 3TH
2931493000;6.500 %;DUT 3TH
2931494000;6.500 %;DUT 3TH
2931499090;0.000 %;DUT 3TH
2931499090;6.500 %;DUT 3TH
2931900090;0.000 %;DUT 3TH
2931900090;6.500 %;DUT 3TH
2932120000;6.500 %;DUT 3TH
2932130090;6.500 %;DUT 3TH
2932140090;6.500 %;DUT 3TH
2932190075;6.500 %;DUT 3TH
2932190090;0.000 %;DUT 3TH
2932190090;6.500 %;DUT 3TH
2932209090;0.000 %;DUT 3TH
2932209090;6.500 %;DUT 3TH
2932990080;6.500 %;DUT 3TH
2932990090;0.000 %;DUT 3TH
2932990090;6.500 %;DUT 3TH
2933199030;6.500 %;DUT 3TH
2933199040;6.500 %;DUT 3TH
2933199090;0.000 %;DUT 3TH
2933199090;6.500 %;DUT 3TH
2933210090;0.000 %;DUT 3TH
2933210090;6.500 %;DUT 3TH
2933291000;0.000 %;DUT 3TH
2933299090;0.000 %;DUT 3TH
2933299090;6.500 %;DUT 3TH
2933330000;0.000 %;DUT 3TH
2933330000;6.500 %;DUT 3TH
2933394000;0.000 %;DUT 3TH
2933399959;6.500 %;DUT 3TH
2933399990;0.000 %;DUT 3TH
2933399990;6.500 %;DUT 3TH
2933491090;0.000 %;DUT 3TH
2933491090;5.500 %;DUT 3TH
2933520000;6.500 %;DUT 3TH
2933540000;0.000 %;DUT 3TH
2933540000;6.500 %;DUT 3TH
2933591000;0.000 %;DUT 3TH
2933592000;0.000 %;DUT 3TH
2933599590;0.000 %;DUT 3TH
2933599590;6.500 %;DUT 3TH
2933610000;6.500 %;DUT 3TH
2933698027;6.500 %;DUT 3TH
2933698040;6.500 %;DUT 3TH
2933698075;6.500 %;DUT 3TH
2933698090;0.000 %;DUT 3TH
2933698090;6.500 %;DUT 3TH
2933790080;6.500 %;DUT 3TH
2933790090;0.000 %;DUT 3TH
2933790090;6.500 %;DUT 3TH
2933919000;0.000 %;DUT 3TH
2933919000;6.500 %;DUT 3TH
2933992000;0.000 %;DUT 3TH
2933992000;5.500 %;DUT 3TH
2933995000;0.000 %;DUT 3TH
2933998016;6.500 %;DUT 3TH
2933998020;6.500 %;DUT 3TH
2933998030;6.500 %;DUT 3TH
2933998073;6.500 %;DUT 3TH
2933998081;6.500 %;DUT 3TH
2933998082;6.500 %;DUT 3TH
2933998090;0.000 %;DUT 3TH
2933998090;6.500 %;DUT 3TH
2934100090;0.000 %;DUT 3TH
2934100090;6.500 %;DUT 3TH
2934202000;6.500 %;DUT 3TH
2934996000;0.000 %;DUT 3TH
2934999070;6.500 %;DUT 3TH
2934999076;6.500 %;DUT 3TH
2934999090;0.000 %;DUT 3TH
2934999090;6.500 %;DUT 3TH
2935500000;6.500 %;DUT 3TH
2935909080;6.500 %;DUT 3TH
2935909088;6.500 %;DUT 3TH
2935909088;6.500 %;DUT 3TH
2935909089;6.500 %;DUT 3TH
2935909099;0.000 %;DUT 3TH
2935909099;6.500 %;DUT 3TH
2936210000;0.000 %;DUT 3TH
2936220000;0.000 %;DUT 3TH
2936230000;0.000 %;DUT 3TH
2936240000;0.000 %;DUT 3TH
2936250000;0.000 %;DUT 3TH
2936270000;0.000 %;DUT 3TH
2936270000;0.000 %;DUT 3TH
2936270000;0.000 %;DUT 3TH
2936290000;0.000 %;DUT 3TH
2936900000;0.000 %;DUT 3TH
2937120000;0.000 %;DUT 3TH
2937190000;0.000 %;DUT 3TH
2937210000;0.000 %;DUT 3TH
2937220000;0.000 %;DUT 3TH
2937220000;0.000 %;DUT 3TH
2937230000;0.000 %;DUT 3TH
2937290000;0.000 %;DUT 3TH
2937290000;0.000 %;DUT 3TH
2937500000;0.000 %;DUT 3TH
2937900000;0.000 %;DUT 3TH
2938903000;5.700 %;DUT 3TH
2938909090;0.000 %;DUT 3TH
2938909090;6.500 %;DUT 3TH
2939300000;0.000 %;DUT 3TH
2939410000;0.000 %;DUT 3TH
2939590000;0.000 %;DUT 3TH
2939690000;0.000 %;DUT 3TH
2939799000;0.000 %;DUT 3TH
2939799090;0.000 %;DUT 3TH
2940000010;6.500 %;DUT 3TH
2940000020;6.500 %;DUT 3TH
2940000040;6.500 %;DUT 3TH
2940000080;0.000 %;DUT 3TH
2940000080;6.500 %;DUT 3TH
2941100000;0.000 %;DUT 3TH
2941203000;5.300 %;DUT 3TH
2941400000;0.000 %;DUT 3TH
2941900000;0.000 %;DUT 3TH
2941900000;0.000 %;DUT 3TH
2942000090;0.000 %;DUT 3TH
2942000090;6.500 %;DUT 3TH
3001201000;0.000 %;DUT 3TH
3001209000;0.000 %;DUT 3TH
3001902000;0.000 %;DUT 3TH
3001909800;0.000 %;DUT 3TH
3002110000;0.000 %;DUT 3TH
3002120000;0.000 %;DUT 3TH
3002130000;0.000 %;DUT 3TH
3002130090;0.000 %;DUT 3TH
3002140000;0.000 %;DUT 3TH
3002140090;0.000 %;DUT 3TH
3002150000;0.000 %;DUT 3TH
3002150010;0.000 %;DUT 3TH
3002150090;0.000 %;DUT 3TH
3002190000;0.000 %;DUT 3TH
3002200000;0.000 %;DUT 3TH
3002201000;0.000 %;DUT 3TH
3002209000;0.000 %;DUT 3TH
3002300000;0.000 %;DUT 3TH
3002411000;0.000 %;DUT 3TH
3002419000;0.000 %;DUT 3TH
3002490000;0.000 %;DUT 3TH
3002490010;0.000 %;DUT 3TH
3002490020;0.000 %;DUT 3TH
3002490080;0.000 %;DUT 3TH
3002510000;0.000 %;DUT 3TH
3002590000;0.000 %;DUT 3TH
3002901000;0.000 %;DUT 3TH
3002903000;0.000 %;DUT 3TH
3002905000;0.000 %;DUT 3TH
3002905010;0.000 %;DUT 3TH
3002905090;0.000 %;DUT 3TH
3002909000;0.000 %;DUT 3TH
3002909010;0.000 %;DUT 3TH
3002909090;0.000 %;DUT 3TH
3003100000;0.000 %;DUT 3TH
3003200000;0.000 %;DUT 3TH
3003900000;0.000 %;DUT 3TH
3004100000;0.000 %;DUT 3TH
3004200000;0.000 %;DUT 3TH
3004200000;0.000 %;DUT 3TH
3004200000;0.000 %;DUT 3TH
3004320000;0.000 %;DUT 3TH
3004390000;0.000 %;DUT 3TH
3004410000;0.000 %;DUT 3TH
3004500000;0.000 %;DUT 3TH
3004900000;0.000 %;DUT 3TH
3005100000;0.000 %;DUT 3TH
3005901000;0.000 %;DUT 3TH
3005903100;0.000 %;DUT 3TH
3005905000;0.000 %;DUT 3TH
3005909900;0.000 %;DUT 3TH
3006109000;0.000 %;DUT 3TH
3006200000;0.000 %;DUT 3TH
3006300000;0.000 %;DUT 3TH
3006500000;0.000 %;DUT 3TH
3006600000;0.000 %;DUT 3TH
3006700000;0.000 %;DUT 3TH
3006910000;0.000 %;DUT 3TH
3006920000;0.000 %;DUT 3TH
3006930000;0.000 %;DUT 3TH
3101000000;0.000 %;DUT 3TH
3102101000;6.500 %;DUT 3TH
3102101000;6.500 %;DUT 3TH
3102101900;6.500 % + 40.000 EUR TNE;DUT 3TH
3102101900;"Cond: B cert: Y-155 (01):6.500 % + 40.000 EUR TNE ; B (01):6.500 % + 0.000 EUR TNE";DUT 3TH
3102109000;6.500 %;DUT 3TH
3102301000;6.500 %;DUT 3TH
3102500089;6.500 %;DUT 3TH
3102600090;6.500 %;DUT 3TH
3103110000;4.800 %;DUT 3TH
3104201000;0.000 %;DUT 3TH
3104209000;0.000 %;DUT 3TH
3104209000;0.000 %;DUT 3TH
3104900000;0.000 %;DUT 3TH
3105201000;6.500 %;DUT 3TH
3105201090;6.500 %;DUT 3TH
3105201090;6.500 %;DUT 3TH
3105209000;6.500 %;DUT 3TH
3105300000;6.500 %;DUT 3TH
3105400000;6.500 %;DUT 3TH
3105510000;6.500 %;DUT 3TH
3105600000;3.200 %;DUT 3TH
3105902090;6.500 %;DUT 3TH
3105908090;3.200 %;DUT 3TH
3201100000;0.000 %;DUT 3TH
3202100000;5.300 %;DUT 3TH
3202900000;5.300 %;DUT 3TH
3202900090;5.300 %;DUT 3TH
3203001000;0.000 %;DUT 3TH
3203009000;2.500 %;DUT 3TH
3204110020;6.500 %;DUT 3TH
3204110060;6.500 %;DUT 3TH
3204110090;6.500 %;DUT 3TH
3204120010;6.500 %;DUT 3TH
3204120045;6.500 %;DUT 3TH
3204120090;0.000 %;DUT 3TH
3204120090;6.500 %;DUT 3TH
3204130010;6.500 %;DUT 3TH
3204130010;6.500 %;DUT 3TH
3204130010;6.500 %;DUT 3TH
3204130030;6.500 %;DUT 3TH
3204130040;6.500 %;DUT 3TH
3204130050;6.500 %;DUT 3TH
3204130090;0.000 %;DUT 3TH
3204130090;6.500 %;DUT 3TH
3204140090;6.500 %;DUT 3TH
3204140090;6.500 %;DUT 3TH
3204150000;6.500 %;DUT 3TH
3204160000;6.500 %;DUT 3TH
3204160090;6.500 %;DUT 3TH
3204160090;6.500 %;DUT 3TH
3204170010;6.500 %;DUT 3TH
3204170014;6.500 %;DUT 3TH
3204170015;6.500 %;DUT 3TH
3204170019;6.500 %;DUT 3TH
3204170020;6.500 %;DUT 3TH
3204170020;6.500 %;DUT 3TH
3204170021;6.500 %;DUT 3TH
3204170022;6.500 %;DUT 3TH
3204170024;6.500 %;DUT 3TH
3204170025;6.500 %;DUT 3TH
3204170026;6.500 %;DUT 3TH
3204170030;6.500 %;DUT 3TH
3204170033;6.500 %;DUT 3TH
3204170035;6.500 %;DUT 3TH
3204170040;6.500 %;DUT 3TH
3204170045;6.500 %;DUT 3TH
3204170047;6.500 %;DUT 3TH
3204170049;6.500 %;DUT 3TH
3204170055;6.500 %;DUT 3TH
3204170057;6.500 %;DUT 3TH
3204170060;6.500 %;DUT 3TH
3204170065;6.500 %;DUT 3TH
3204170075;6.500 %;DUT 3TH
3204170090;6.500 %;DUT 3TH
3204190073;6.500 %;DUT 3TH
3204190077;6.500 %;DUT 3TH
3204190090;0.000 %;DUT 3TH
3204190090;6.500 %;DUT 3TH
3204190090;6.500 %;DUT 3TH
3204200010;6.000 %;DUT 3TH
3204200030;6.000 %;DUT 3TH
3204200090;6.000 %;DUT 3TH
3204900020;6.500 %;DUT 3TH
3204900090;0.000 %;DUT 3TH
3204900090;6.500 %;DUT 3TH
3205000000;6.500 %;DUT 3TH
3205000090;6.500 %;DUT 3TH
3206110010;6.000 %;DUT 3TH
3206110090;6.000 %;DUT 3TH
3206190000;6.500 %;DUT 3TH
3206190010;6.500 %;DUT 3TH
3206190090;6.500 %;DUT 3TH
3206410000;6.500 %;DUT 3TH
3206410000;6.500 %;DUT 3TH
3206491000;0.000 %;DUT 3TH
3206497000;6.500 %;DUT 3TH
3206497040;6.500 %;DUT 3TH
3206497090;6.500 %;DUT 3TH
3206497090;6.500 %;DUT 3TH
3206500000;5.300 %;DUT 3TH
3207100000;6.500 %;DUT 3TH
3207209000;6.300 %;DUT 3TH
3207300000;5.300 %;DUT 3TH
3207300090;5.300 %;DUT 3TH
3207404000;0.000 %;DUT 3TH
3207408590;3.700 %;DUT 3TH
3208101000;6.500 %;DUT 3TH
3208101090;6.500 %;DUT 3TH
3208101090;6.500 %;DUT 3TH
3208109000;6.500 %;DUT 3TH
3208109090;6.500 %;DUT 3TH
3208201010;6.500 %;DUT 3TH
3208201090;6.500 %;DUT 3TH
3208209000;6.500 %;DUT 3TH
3208901900;6.500 %;DUT 3TH
3208901990;6.500 %;DUT 3TH
3208909100;6.500 %;DUT 3TH
3208909900;6.500 %;DUT 3TH
3208909990;6.500 %;DUT 3TH
3209100000;6.500 %;DUT 3TH
3209900000;6.500 %;DUT 3TH
3210001000;6.500 %;DUT 3TH
3210009000;6.500 %;DUT 3TH
3211000000;6.500 %;DUT 3TH
3212100000;6.500 %;DUT 3TH
3212900000;6.500 %;DUT 3TH
3213100000;6.500 %;DUT 3TH
3213900000;6.500 %;DUT 3TH
3214101000;5.000 %;DUT 3TH
3214109000;5.000 %;DUT 3TH
3214900000;5.000 %;DUT 3TH
3215110000;6.500 %;DUT 3TH
3215110090;6.500 %;DUT 3TH
3215119000;6.500 %;DUT 3TH
3215119090;6.500 %;DUT 3TH
3215119090;6.500 %;DUT 3TH
3215190000;6.500 %;DUT 3TH
3215190090;6.500 %;DUT 3TH
3215191000;0.000 %;DUT 3TH
3215199000;6.500 %;DUT 3TH
3215199090;6.500 %;DUT 3TH
3215902000;0.000 %;DUT 3TH
3215907000;6.500 %;DUT 3TH
3215907020;6.500 %;DUT 3TH
3215907090;6.500 %;DUT 3TH
3301121090;7.000 %;DUT 3TH
3301129000;4.400 %;DUT 3TH
3301131000;7.000 %;DUT 3TH
3301198000;4.400 %;DUT 3TH
3301249000;2.900 %;DUT 3TH
3301259000;2.900 %;DUT 3TH
3301291100;0.000 %;DUT 3TH
3301293100;2.300 %;DUT 3TH
3301294100;0.000 %;DUT 3TH
3301294200;0.000 %;DUT 3TH
3301294900;0.000 %;DUT 3TH
3301297900;2.900 %;DUT 3TH
3301299100;2.300 %;DUT 3TH
3301300000;2.000 %;DUT 3TH
3301901000;2.300 %;DUT 3TH
3301903000;0.000 %;DUT 3TH
3301909000;3.000 %;DUT 3TH
3302102900;9.000 % + EA;DUT 3TH
3302109000;0.000 %;DUT 3TH
3302901000;0.000 %;DUT 3TH
3302909000;0.000 %;DUT 3TH
3303001000;0.000 %;DUT 3TH
3303009000;0.000 %;DUT 3TH
3303009000;0.000 %;DUT 3TH
3304100000;0.000 %;DUT 3TH
3304200000;0.000 %;DUT 3TH
3304300000;0.000 %;DUT 3TH
3304910000;0.000 %;DUT 3TH
3304990000;0.000 %;DUT 3TH
3305100000;0.000 %;DUT 3TH
3305200000;0.000 %;DUT 3TH
3305300000;0.000 %;DUT 3TH
3305900000;0.000 %;DUT 3TH
3306100000;0.000 %;DUT 3TH
3306200000;4.000 %;DUT 3TH
3306900000;0.000 %;DUT 3TH
3307100000;6.500 %;DUT 3TH
3307200000;6.500 %;DUT 3TH
3307300000;6.500 %;DUT 3TH
3307410000;6.500 %;DUT 3TH
3307490000;6.500 %;DUT 3TH
3307490090;6.500 %;DUT 3TH
3307900000;6.500 %;DUT 3TH
3401110000;0.000 %;DUT 3TH
3401190000;0.000 %;DUT 3TH
3401201000;0.000 %;DUT 3TH
3401209000;0.000 %;DUT 3TH
3401300000;4.000 %;DUT 3TH
3402111000;0.000 %;DUT 3TH
3402119000;4.000 %;DUT 3TH
3402119010;4.000 %;DUT 3TH
3402119090;4.000 %;DUT 3TH
3402120000;0.000 %;DUT 3TH
3402120000;4.000 %;DUT 3TH
3402130090;0.000 %;DUT 3TH
3402130090;4.000 %;DUT 3TH
3402190000;4.000 %;DUT 3TH
3402202000;4.000 %;DUT 3TH
3402209000;4.000 %;DUT 3TH
3402310000;4.000 %;DUT 3TH
3402391000;0.000 %;DUT 3TH
3402399000;4.000 %;DUT 3TH
3402399090;4.000 %;DUT 3TH
3402410000;0.000 %;DUT 3TH
3402410000;4.000 %;DUT 3TH
3402420010;4.000 %;DUT 3TH
3402420090;0.000 %;DUT 3TH
3402420090;4.000 %;DUT 3TH
3402490000;4.000 %;DUT 3TH
3402501000;4.000 %;DUT 3TH
3402509000;4.000 %;DUT 3TH
3402901000;4.000 %;DUT 3TH
3402901050;4.000 %;DUT 3TH
3402901090;4.000 %;DUT 3TH
3402909000;4.000 %;DUT 3TH
3403110000;4.600 %;DUT 3TH
3403191000;6.500 %;DUT 3TH
3403192000;4.600 %;DUT 3TH
3403198000;4.600 %;DUT 3TH
3403990000;4.600 %;DUT 3TH
3403990090;4.600 %;DUT 3TH
3404200000;0.000 %;DUT 3TH
3404900000;0.000 %;DUT 3TH
3405100000;0.000 %;DUT 3TH
3405200000;0.000 %;DUT 3TH
3405300000;0.000 %;DUT 3TH
3405400000;0.000 %;DUT 3TH
3405901000;0.000 %;DUT 3TH
3405909000;0.000 %;DUT 3TH
3406000000;0.000 %;DUT 3TH
3407000000;0.000 %;DUT 3TH
3407000000;0.000 %;DUT 3TH
3501109000;9.000 %;DUT 3TH
3501909000;6.400 %;DUT 3TH
3502209100;123.500 EUR DTN;DUT 3TH
3502209900;16.700 EUR DTN;DUT 3TH
3502907000;6.400 %;DUT 3TH
3502909000;7.700 %;DUT 3TH
3503001000;7.700 %;DUT 3TH
3503008000;7.700 %;DUT 3TH
3504001000;3.400 %;DUT 3TH
3504009000;0.000 %;DUT 3TH
3504009000;3.400 %;DUT 3TH
3504009090;0.000 %;DUT 3TH
3504009090;3.400 %;DUT 3TH
3504009099;0.000 %;DUT 3TH
3504009099;3.400 %;DUT 3TH
3505101000;9.000 % + 17.700 EUR DTN;DUT 3TH
3505105000;7.700 %;DUT 3TH
3505109000;9.000 % + 17.700 EUR DTN;DUT 3TH
3506100000;6.500 %;DUT 3TH
3506910090;6.500 %;DUT 3TH
3506911000;0.000 %;DUT 3TH
3506911090;3.300 %;DUT 3TH
3506919000;6.500 %;DUT 3TH
3506919010;6.500 %;DUT 3TH
3506919070;6.500 %;DUT 3TH
3506919090;6.500 %;DUT 3TH
3506919099;6.500 %;DUT 3TH
3506990000;6.500 %;DUT 3TH
3507903000;0.000 %;DUT 3TH
3507909090;0.000 %;DUT 3TH
3507909090;6.300 %;DUT 3TH
3601000000;5.700 %;DUT 3TH
3602000000;6.500 %;DUT 3TH
3602000090;6.500 %;DUT 3TH
3603008000;6.500 %;DUT 3TH
3605000000;6.500 %;DUT 3TH
3606100000;6.500 %;DUT 3TH
3606901000;6.000 %;DUT 3TH
3606909000;6.500 %;DUT 3TH
3701300000;0.000 %;DUT 3TH
3701910000;6.500 %;DUT 3TH
3701990000;0.000 %;DUT 3TH
3702328500;6.500 %;DUT 3TH
3702969000;5.300 %;DUT 3TH
3702980000;6.500 %;DUT 3TH
3703100000;6.500 %;DUT 3TH
3703900000;6.500 %;DUT 3TH
3704009000;6.500 %;DUT 3TH
3707100090;6.000 %;DUT 3TH
3707902000;0.000 %;DUT 3TH
3707902900;4.500 %;DUT 3TH
3707902900;4.500 %;DUT 3TH
3707902990;1.500 %;DUT 3TH
3707909000;0.000 %;DUT 3TH
3707909000;0.000 %;DUT 3TH
3707909090;0.000 %;DUT 3TH
3801100000;3.600 %;DUT 3TH
3801100020;3.600 %;DUT 3TH
3801100085;3.600 %;DUT 3TH
3801100090;3.600 %;DUT 3TH
3801900010;3.700 %;DUT 3TH
3801900090;3.700 %;DUT 3TH
3802100010;3.200 %;DUT 3TH
3802100090;3.200 %;DUT 3TH
3802100090;3.200 %;DUT 3TH
3802100090;3.200 %;DUT 3TH
3802900090;5.700 %;DUT 3TH
3803001000;0.000 %;DUT 3TH
3803009000;4.100 %;DUT 3TH
3804000000;5.000 %;DUT 3TH
3804000090;5.000 %;DUT 3TH
3805101000;4.000 %;DUT 3TH
3805103000;3.700 %;DUT 3TH
3806100010;5.000 %;DUT 3TH
3806100090;5.000 %;DUT 3TH
3806900090;4.200 %;DUT 3TH
3808590000;6.000 %;DUT 3TH
3808690000;6.000 %;DUT 3TH
3808911000;6.000 %;DUT 3TH
3808914000;6.000 %;DUT 3TH
3808919000;6.000 %;DUT 3TH
3808919010;6.000 %;DUT 3TH
3808919090;6.000 %;DUT 3TH
3808919090;6.000 %;DUT 3TH
3808921000;4.600 %;DUT 3TH
3808923010;6.000 %;DUT 3TH
3808925000;6.000 %;DUT 3TH
3808929090;6.000 %;DUT 3TH
3808931100;6.000 %;DUT 3TH
3808931500;6.000 %;DUT 3TH
3808932700;6.000 %;DUT 3TH
3808933000;6.000 %;DUT 3TH
3808939000;6.500 %;DUT 3TH
3808939090;6.500 %;DUT 3TH
3808941000;0.000 %;DUT 3TH
3808941000;6.000 %;DUT 3TH
3808942000;6.000 %;DUT 3TH
3808942020;6.000 %;DUT 3TH
3808942030;6.000 %;DUT 3TH
3808942090;6.000 %;DUT 3TH
3808949000;6.000 %;DUT 3TH
3808949090;6.000 %;DUT 3TH
3808991000;6.000 %;DUT 3TH
3808999000;6.000 %;DUT 3TH
3808999090;6.000 %;DUT 3TH
3809109000;8.300 % + 17.700 EUR DTN MAX 12.800 %;DUT 3TH
3809910000;6.300 %;DUT 3TH
3809910090;6.300 %;DUT 3TH
3809920090;6.300 %;DUT 3TH
3809930000;6.300 %;DUT 3TH
3810901000;4.100 %;DUT 3TH
3810909000;5.000 %;DUT 3TH
3811190000;5.800 %;DUT 3TH
3811190090;5.800 %;DUT 3TH
3811210000;5.300 %;DUT 3TH
3811210020;5.300 %;DUT 3TH
3811210090;5.300 %;DUT 3TH
3811290090;5.800 %;DUT 3TH
3811900000;5.800 %;DUT 3TH
3811900090;5.800 %;DUT 3TH
3812209090;6.500 %;DUT 3TH
3812391000;6.500 %;DUT 3TH
3812399000;6.500 %;DUT 3TH
3812399090;6.500 %;DUT 3TH
3813000000;6.500 %;DUT 3TH
3813000010;6.500 %;DUT 3TH
3813000090;6.500 %;DUT 3TH
3813000090;6.500 %;DUT 3TH
3814001090;6.500 %;DUT 3TH
3814009000;6.500 %;DUT 3TH
3814009099;6.500 %;DUT 3TH
3815110000;6.500 %;DUT 3TH
3815120090;6.500 %;DUT 3TH
3815199000;6.500 %;DUT 3TH
3815199020;6.500 %;DUT 3TH
3815199090;6.500 %;DUT 3TH
3815909035;6.500 %;DUT 3TH
3815909090;6.500 %;DUT 3TH
3816000000;2.700 %;DUT 3TH
3816009000;2.700 %;DUT 3TH
3818001000;0.000 %;DUT 3TH
3818009000;0.000 %;DUT 3TH
3819000000;6.500 %;DUT 3TH
3819000090;6.500 %;DUT 3TH
3820000000;6.500 %;DUT 3TH
3820000090;6.500 %;DUT 3TH
3821000000;5.000 %;DUT 3TH
3822000000;0.000 %;DUT 3TH
3822000010;0.000 %;DUT 3TH
3822000090;0.000 %;DUT 3TH
3822110000;0.000 %;DUT 3TH
3822120000;0.000 %;DUT 3TH
3822130000;0.000 %;DUT 3TH
3822190000;0.000 %;DUT 3TH
3822190010;0.000 %;DUT 3TH
3822190090;0.000 %;DUT 3TH
3822900000;0.000 %;DUT 3TH
3823110070;5.100 %;DUT 3TH
3823110080;5.100 %;DUT 3TH
3823110090;5.100 %;DUT 3TH
3823120000;4.500 %;DUT 3TH
3823120080;4.500 %;DUT 3TH
3823120090;4.500 %;DUT 3TH
3823130000;2.900 %;DUT 3TH
3823191090;2.900 %;DUT 3TH
3823199000;2.900 %;DUT 3TH
3823199089;2.900 %;DUT 3TH
3823199098;2.900 %;DUT 3TH
3823700090;3.800 %;DUT 3TH
3824100000;6.500 %;DUT 3TH
3824100090;6.500 %;DUT 3TH
3824400000;6.500 %;DUT 3TH
3824501000;6.500 %;DUT 3TH
3824509000;6.500 %;DUT 3TH
3824601100;7.700 % + 16.100 EUR DTN;DUT 3TH
3824601900;9.000 % + 37.800 EUR DTN;DUT 3TH
3824720000;6.500 %;DUT 3TH
3824782000;6.500 %;DUT 3TH
3824782010;6.500 %;DUT 3TH
3824783000;6.500 %;DUT 3TH
3824783010;6.500 %;DUT 3TH
3824784000;6.500 %;DUT 3TH
3824784020;6.500 %;DUT 3TH
3824788000;6.500 %;DUT 3TH
3824788011;6.500 %;DUT 3TH
3824788091;6.500 %;DUT 3TH
3824789000;6.500 %;DUT 3TH
3824790000;6.500 %;DUT 3TH
3824790010;6.500 %;DUT 3TH
3824910000;6.500 %;DUT 3TH
3824991000;5.700 %;DUT 3TH
3824991500;6.500 %;DUT 3TH
3824991590;6.500 %;DUT 3TH
3824992500;5.100 %;DUT 3TH
3824993000;3.200 %;DUT 3TH
3824994500;6.500 %;DUT 3TH
3824995000;6.500 %;DUT 3TH
3824995500;6.500 %;DUT 3TH
3824995600;6.500 %;DUT 3TH
3824996400;0.000 %;DUT 3TH
3824996400;6.500 %;DUT 3TH
3824996500;6.500 %;DUT 3TH
3824997000;6.500 %;DUT 3TH
3824997500;0.000 %;DUT 3TH
3824998000;0.000 %;DUT 3TH
3824998600;6.500 %;DUT 3TH
3824999219;6.500 %;DUT 3TH
3824999223;6.500 %;DUT 3TH
3824999227;6.500 %;DUT 3TH
3824999270;6.500 %;DUT 3TH
3824999271;6.500 %;DUT 3TH
3824999290;6.500 %;DUT 3TH
3824999299;0.000 %;DUT 3TH
3824999299;6.500 %;DUT 3TH
3824999330;6.500 %;DUT 3TH
3824999335;6.500 %;DUT 3TH
3824999350;6.500 %;DUT 3TH
3824999353;6.500 %;DUT 3TH
3824999390;0.000 %;DUT 3TH
3824999390;6.500 %;DUT 3TH
3824999600;6.500 %;DUT 3TH
3824999648;6.500 %;DUT 3TH
3824999699;6.500 %;DUT 3TH
3825100000;6.500 %;DUT 3TH
3825200000;6.500 %;DUT 3TH
3825300000;6.500 %;DUT 3TH
3825490000;6.500 %;DUT 3TH
3825610000;6.500 %;DUT 3TH
3825690000;6.500 %;DUT 3TH
3825909000;6.500 %;DUT 3TH
3826009000;6.500 %;DUT 3TH
3827630020;6.500 %;DUT 3TH
3827640020;6.500 %;DUT 3TH
3827650000;6.500 %;DUT 3TH
3827680000;6.500 %;DUT 3TH
3827690000;6.500 %;DUT 3TH
3827900010;6.500 %;DUT 3TH
3901101000;6.500 %;DUT 3TH
3901101050;6.500 %;DUT 3TH
3901101090;6.500 %;DUT 3TH
3901101090;6.500 %;DUT 3TH
3901109000;6.500 %;DUT 3TH
3901109090;6.500 %;DUT 3TH
3901209000;6.500 %;DUT 3TH
3901300000;6.500 %;DUT 3TH
3901300099;6.500 %;DUT 3TH
3901400000;6.500 %;DUT 3TH
3901400090;6.500 %;DUT 3TH
3901903000;0.000 %;DUT 3TH
3901908099;0.000 %;DUT 3TH
3901908099;6.500 %;DUT 3TH
3902100020;6.500 %;DUT 3TH
3902100090;6.500 %;DUT 3TH
3902300000;6.500 %;DUT 3TH
3902300010;6.500 %;DUT 3TH
3902300099;6.500 %;DUT 3TH
3902901000;0.000 %;DUT 3TH
3902902000;0.000 %;DUT 3TH
3902909060;6.500 %;DUT 3TH
3902909099;0.000 %;DUT 3TH
3902909099;6.500 %;DUT 3TH
3903110090;6.500 %;DUT 3TH
3903190000;6.500 %;DUT 3TH
3903190090;6.500 %;DUT 3TH
3903200000;6.500 %;DUT 3TH
3903300000;6.500 %;DUT 3TH
3903902000;0.000 %;DUT 3TH
3903909000;6.500 %;DUT 3TH
3903909060;6.500 %;DUT 3TH
3903909065;6.500 %;DUT 3TH
3903909090;6.500 %;DUT 3TH
3904100000;6.500 %;DUT 3TH
3904100090;6.500 %;DUT 3TH
3904220090;6.500 %;DUT 3TH
3904300000;6.500 %;DUT 3TH
3904300090;6.500 %;DUT 3TH
3904400091;6.500 %;DUT 3TH
3904400099;6.500 %;DUT 3TH
3904610090;6.500 %;DUT 3TH
3904698081;6.500 %;DUT 3TH
3904698085;6.500 %;DUT 3TH
3904698096;6.500 %;DUT 3TH
3904698099;6.500 %;DUT 3TH
3904900090;6.500 %;DUT 3TH
3905190090;6.500 %;DUT 3TH
3905300010;6.500 %;DUT 3TH
3905300095;6.500 %;DUT 3TH
3905910000;6.500 %;DUT 3TH
3905910090;6.500 %;DUT 3TH
3905991000;0.000 %;DUT 3TH
3905999010;6.500 %;DUT 3TH
3905999099;0.000 %;DUT 3TH
3905999099;6.500 %;DUT 3TH
3906100000;6.500 %;DUT 3TH
3906901000;0.000 %;DUT 3TH
3906906000;5.000 %;DUT 3TH
3906909010;6.500 %;DUT 3TH
3906909090;0.000 %;DUT 3TH
3906909090;6.500 %;DUT 3TH
3907100000;0.000 %;DUT 3TH
3907100000;6.500 %;DUT 3TH
3907100090;0.000 %;DUT 3TH
3907100090;6.500 %;DUT 3TH
3907201100;6.500 %;DUT 3TH
3907201110;6.500 %;DUT 3TH
3907201190;6.500 %;DUT 3TH
3907202090;0.000 %;DUT 3TH
3907202090;6.500 %;DUT 3TH
3907209990;0.000 %;DUT 3TH
3907209990;6.500 %;DUT 3TH
3907210000;6.500 %;DUT 3TH
3907291100;6.500 %;DUT 3TH
3907292090;0.000 %;DUT 3TH
3907292090;6.500 %;DUT 3TH
3907299990;0.000 %;DUT 3TH
3907299990;6.500 %;DUT 3TH
3907300020;6.500 %;DUT 3TH
3907300085;0.000 %;DUT 3TH
3907300085;6.500 %;DUT 3TH
3907300090;0.000 %;DUT 3TH
3907300090;6.500 %;DUT 3TH
3907400000;6.500 %;DUT 3TH
3907400090;6.500 %;DUT 3TH
3907500000;6.500 %;DUT 3TH
3907610000;6.500 %;DUT 3TH
3907690000;6.500 %;DUT 3TH
3907690090;6.500 %;DUT 3TH
3907911000;6.500 %;DUT 3TH
3907919090;6.500 %;DUT 3TH
3907990500;0.000 %;DUT 3TH
3907990500;1.600 %;DUT 3TH
3907990520;1.600 %;DUT 3TH
3907990520;3.300 %;DUT 3TH
3907990520;4.900 %;DUT 3TH
3907990520;4.900 %;DUT 3TH
3907991000;0.000 %;DUT 3TH
3907998090;0.000 %;DUT 3TH
3907998090;6.500 %;DUT 3TH
3907999020;6.500 %;DUT 3TH
3907999020;6.500 %;DUT 3TH
3908100000;6.500 %;DUT 3TH
3908900090;0.000 %;DUT 3TH
3908900090;6.500 %;DUT 3TH
3909100000;0.000 %;DUT 3TH
3909100000;6.500 %;DUT 3TH
3909310000;6.500 %;DUT 3TH
3909390000;6.500 %;DUT 3TH
3909400090;0.000 %;DUT 3TH
3909400090;6.500 %;DUT 3TH
3909501000;0.000 %;DUT 3TH
3909509000;6.500 %;DUT 3TH
3909509090;6.500 %;DUT 3TH
3910000000;6.500 %;DUT 3TH
3910000020;6.500 %;DUT 3TH
3910000080;6.500 %;DUT 3TH
3910000090;6.500 %;DUT 3TH
3911100081;6.500 %;DUT 3TH
3911100090;6.500 %;DUT 3TH
3911200000;6.500 %;DUT 3TH
3911901100;3.500 %;DUT 3TH
3911901300;0.000 %;DUT 3TH
3911901910;6.500 %;DUT 3TH
3911901990;0.000 %;DUT 3TH
3911901990;6.500 %;DUT 3TH
3911909200;0.000 %;DUT 3TH
3911909960;6.500 %;DUT 3TH
3911909990;0.000 %;DUT 3TH
3911909990;6.500 %;DUT 3TH
3912110090;6.500 %;DUT 3TH
3912120000;6.500 %;DUT 3TH
3912209000;6.500 %;DUT 3TH
3912310000;0.000 %;DUT 3TH
3912310000;6.500 %;DUT 3TH
3912392000;0.000 %;DUT 3TH
3912398520;6.500 %;DUT 3TH
3912398540;6.500 %;DUT 3TH
3912398590;0.000 %;DUT 3TH
3912398590;6.500 %;DUT 3TH
3912901090;0.000 %;DUT 3TH
3912901090;6.400 %;DUT 3TH
3912909000;6.500 %;DUT 3TH
3913100010;5.000 %;DUT 3TH
3913100020;5.000 %;DUT 3TH
3913100090;5.000 %;DUT 3TH
3913900040;6.500 %;DUT 3TH
3913900085;6.500 %;DUT 3TH
3913900087;6.500 %;DUT 3TH
3913900095;6.500 %;DUT 3TH
3913900099;0.000 %;DUT 3TH
3913900099;6.500 %;DUT 3TH
3914000000;0.000 %;DUT 3TH
3914000000;6.500 %;DUT 3TH
3915100000;6.500 %;DUT 3TH
3915101000;6.500 %;DUT 3TH
3915102000;6.500 %;DUT 3TH
3915200000;6.500 %;DUT 3TH
3915300000;6.500 %;DUT 3TH
3915901100;6.500 %;DUT 3TH
3915902000;6.500 %;DUT 3TH
3915907000;6.500 %;DUT 3TH
3915908000;6.500 %;DUT 3TH
3916100090;6.500 %;DUT 3TH
3916200000;6.500 %;DUT 3TH
3916200099;6.500 %;DUT 3TH
3916901090;6.500 %;DUT 3TH
3916901090;6.500 %;DUT 3TH
3916901090;6.500 %;DUT 3TH
3916905090;6.500 %;DUT 3TH
3916909000;6.500 %;DUT 3TH
3916909000;6.500 %;DUT 3TH
3917109000;6.500 %;DUT 3TH
3917211090;6.500 %;DUT 3TH
3917219090;6.500 %;DUT 3TH
3917221090;6.500 %;DUT 3TH
3917229090;6.500 %;DUT 3TH
3917231090;6.500 %;DUT 3TH
3917239090;6.500 %;DUT 3TH
3917290019;6.500 %;DUT 3TH
3917290099;6.500 %;DUT 3TH
3917310020;6.500 %;DUT 3TH
3917310090;6.500 %;DUT 3TH
3917320000;6.500 %;DUT 3TH
3917320010;6.500 %;DUT 3TH
3917320090;6.500 %;DUT 3TH
3917320099;6.500 %;DUT 3TH
3917330090;6.500 %;DUT 3TH
3917390020;6.500 %;DUT 3TH
3917390099;6.500 %;DUT 3TH
3917390099;6.500 %;DUT 3TH
3917390099;6.500 %;DUT 3TH
3917400020;6.500 %;DUT 3TH
3917400099;6.500 %;DUT 3TH
3918101000;6.500 %;DUT 3TH
3918101010;6.500 %;DUT 3TH
3918101090;6.500 %;DUT 3TH
3918109000;6.500 %;DUT 3TH
3918109090;6.500 %;DUT 3TH
3918900000;6.500 %;DUT 3TH
3918900090;6.500 %;DUT 3TH
3918900090;6.500 %;DUT 3TH
3919101200;6.300 %;DUT 3TH
3919101500;6.300 %;DUT 3TH
3919101900;6.300 %;DUT 3TH
3919101990;6.300 %;DUT 3TH
3919101990;6.300 %;DUT 3TH
3919108000;6.500 %;DUT 3TH
3919108073;6.500 %;DUT 3TH
3919108090;6.500 %;DUT 3TH
3919108090;6.500 %;DUT 3TH
3919108090;6.500 %;DUT 3TH
3919900034;6.500 %;DUT 3TH
3919900099;6.500 %;DUT 3TH
3919902000;0.000 %;DUT 3TH
3919908000;6.500 %;DUT 3TH
3919908010;6.500 %;DUT 3TH
3919908019;6.500 %;DUT 3TH
3919908020;6.500 %;DUT 3TH
3919908030;6.500 %;DUT 3TH
3919908050;6.500 %;DUT 3TH
3919908065;6.500 %;DUT 3TH
3919908080;6.500 %;DUT 3TH
3919908099;6.500 %;DUT 3TH
3920102400;6.500 %;DUT 3TH
3920102490;6.500 %;DUT 3TH
3920102490;6.500 %;DUT 3TH
3920102490;6.500 %;DUT 3TH
3920102590;6.500 %;DUT 3TH
3920102899;6.500 %;DUT 3TH
3920104000;6.500 %;DUT 3TH
3920104040;6.500 %;DUT 3TH
3920104099;6.500 %;DUT 3TH
3920108900;6.500 %;DUT 3TH
3920108910;6.500 %;DUT 3TH
3920108990;6.500 %;DUT 3TH
3920202140;6.500 %;DUT 3TH
3920202190;6.500 %;DUT 3TH
3920202999;6.500 %;DUT 3TH
3920208000;6.500 %;DUT 3TH
3920208090;6.500 %;DUT 3TH
3920208099;6.500 %;DUT 3TH
3920300090;6.500 %;DUT 3TH
3920431000;6.500 %;DUT 3TH
3920431099;6.500 %;DUT 3TH
3920439090;6.500 %;DUT 3TH
3920491099;6.500 %;DUT 3TH
3920499090;6.500 %;DUT 3TH
3920510020;6.500 %;DUT 3TH
3920510090;6.500 %;DUT 3TH
3920599000;6.500 %;DUT 3TH
3920610000;6.500 %;DUT 3TH
3920610030;6.500 %;DUT 3TH
3920610090;6.500 %;DUT 3TH
3920621912;6.500 %;DUT 3TH
3920621938;6.500 %;DUT 3TH
3920621999;6.500 %;DUT 3TH
3920621999;6.500 %;DUT 3TH
3920629000;6.500 %;DUT 3TH
3920629020;6.500 %;DUT 3TH
3920629090;6.500 %;DUT 3TH
3920630000;6.500 %;DUT 3TH
3920690000;6.500 %;DUT 3TH
3920690020;6.500 %;DUT 3TH
3920690060;6.500 %;DUT 3TH
3920690090;6.500 %;DUT 3TH
3920710000;6.500 %;DUT 3TH
3920910052;6.100 %;DUT 3TH
3920910099;6.100 %;DUT 3TH
3920920000;6.500 %;DUT 3TH
3920992100;0.000 %;DUT 3TH
3920992800;6.500 %;DUT 3TH
3920992840;6.500 %;DUT 3TH
3920995900;6.500 %;DUT 3TH
3920995990;6.500 %;DUT 3TH
3920999000;6.500 %;DUT 3TH
3920999090;6.500 %;DUT 3TH
3921110000;6.500 %;DUT 3TH
3921110090;6.500 %;DUT 3TH
3921120000;6.500 %;DUT 3TH
3921120090;6.500 %;DUT 3TH
3921131000;6.500 %;DUT 3TH
3921131090;6.500 %;DUT 3TH
3921139000;6.500 %;DUT 3TH
3921139000;6.500 %;DUT 3TH
3921139000;6.500 %;DUT 3TH
3921140000;6.500 %;DUT 3TH
3921190000;6.500 %;DUT 3TH
3921190010;6.500 %;DUT 3TH
3921190045;6.500 %;DUT 3TH
3921190050;6.500 %;DUT 3TH
3921190099;6.500 %;DUT 3TH
3921901000;6.500 %;DUT 3TH
3921901010;6.500 %;DUT 3TH
3921901090;6.500 %;DUT 3TH
3921901090;6.500 %;DUT 3TH
3921903000;6.500 %;DUT 3TH
3921904100;6.500 %;DUT 3TH
3921904900;6.500 %;DUT 3TH
3921905590;6.500 %;DUT 3TH
3921906000;6.500 %;DUT 3TH
3921906030;6.500 %;DUT 3TH
3921906090;6.500 %;DUT 3TH
3921906099;6.500 %;DUT 3TH
3921909000;6.500 %;DUT 3TH
3921909090;6.500 %;DUT 3TH
3921909090;6.500 %;DUT 3TH
3921909090;6.500 %;DUT 3TH
3922100000;6.500 %;DUT 3TH
3922200000;6.500 %;DUT 3TH
3922200000;6.500 %;DUT 3TH
3922900000;6.500 %;DUT 3TH
3923100090;6.500 %;DUT 3TH
3923100090;6.500 %;DUT 3TH
3923100090;6.500 %;DUT 3TH
3923101000;0.000 %;DUT 3TH
3923101000;0.000 %;DUT 3TH
3923109000;6.500 %;DUT 3TH
3923109010;6.500 %;DUT 3TH
3923109090;6.500 %;DUT 3TH
3923210000;6.500 %;DUT 3TH
3923210000;6.500 %;DUT 3TH
3923291000;6.500 %;DUT 3TH
3923299000;6.500 %;DUT 3TH
3923299000;6.500 %;DUT 3TH
3923299000;6.500 %;DUT 3TH
3923299000;6.500 %;DUT 3TH
3923301000;6.500 %;DUT 3TH
3923309000;6.500 %;DUT 3TH
3923309090;6.500 %;DUT 3TH
3923309090;6.500 %;DUT 3TH
3923309090;6.500 %;DUT 3TH
3923409000;6.500 %;DUT 3TH
3923501000;6.500 %;DUT 3TH
3923509000;6.500 %;DUT 3TH
3923900000;6.500 %;DUT 3TH
3923900000;6.500 %;DUT 3TH
3924100000;6.500 %;DUT 3TH
3924100011;6.500 %;DUT 3TH
3924100019;6.500 %;DUT 3TH
3924100020;6.500 %;DUT 3TH
3924100090;6.500 %;DUT 3TH
3924900000;6.500 %;DUT 3TH
3924900010;6.500 %;DUT 3TH
3924900090;6.500 %;DUT 3TH
3924900090;6.500 %;DUT 3TH
3924900090;6.500 %;DUT 3TH
3925100000;6.500 %;DUT 3TH
3925200000;6.500 %;DUT 3TH
3925300000;6.500 %;DUT 3TH
3925901000;6.500 %;DUT 3TH
3925902000;6.500 %;DUT 3TH
3925908000;6.500 %;DUT 3TH
3925908000;6.500 %;DUT 3TH
3925908000;6.500 %;DUT 3TH
3926100000;6.500 %;DUT 3TH
3926200000;6.500 %;DUT 3TH
3926300000;6.500 %;DUT 3TH
3926300090;6.500 %;DUT 3TH
3926400000;6.500 %;DUT 3TH
3926400000;6.500 %;DUT 3TH
3926905000;6.500 %;DUT 3TH
3926906000;6.500 %;DUT 3TH
3926909220;6.500 %;DUT 3TH
3926909290;6.500 %;DUT 3TH
3926909720;6.500 %;DUT 3TH
3926909720;6.500 %;DUT 3TH
3926909725;6.500 %;DUT 3TH
3926909748;6.500 %;DUT 3TH
3926909770;6.500 %;DUT 3TH
3926909777;6.500 %;DUT 3TH
3926909790;6.500 %;DUT 3TH
3926909790;6.500 %;DUT 3TH
3926909790;6.500 %;DUT 3TH
4001100000;0.000 %;DUT 3TH
4001220000;0.000 %;DUT 3TH
4001290000;0.000 %;DUT 3TH
4001300000;0.000 %;DUT 3TH
4002191000;0.000 %;DUT 3TH
4002192000;0.000 %;DUT 3TH
4002192000;0.000 %;DUT 3TH
4002193000;0.000 %;DUT 3TH
4002193000;0.000 %;DUT 3TH
4002199000;0.000 %;DUT 3TH
4002200000;0.000 %;DUT 3TH
4002310000;0.000 %;DUT 3TH
4002410000;0.000 %;DUT 3TH
4002490000;0.000 %;DUT 3TH
4002490000;0.000 %;DUT 3TH
4002510000;0.000 %;DUT 3TH
4002590000;0.000 %;DUT 3TH
4002700000;0.000 %;DUT 3TH
4002700000;0.000 %;DUT 3TH
4002800000;0.000 %;DUT 3TH
4002910000;0.000 %;DUT 3TH
4002991000;2.900 %;DUT 3TH
4002999000;0.000 %;DUT 3TH
4003000000;0.000 %;DUT 3TH
4004000000;0.000 %;DUT 3TH
4005100000;0.000 %;DUT 3TH
4005910000;0.000 %;DUT 3TH
4005990000;0.000 %;DUT 3TH
4006900000;0.000 %;DUT 3TH
4007000010;3.000 %;DUT 3TH
4007000090;3.000 %;DUT 3TH
4008110000;3.000 %;DUT 3TH
4008190000;2.900 %;DUT 3TH
4008211000;3.000 %;DUT 3TH
4008219000;3.000 %;DUT 3TH
4008290090;2.900 %;DUT 3TH
4009110000;3.000 %;DUT 3TH
4009120090;3.000 %;DUT 3TH
4009210000;3.000 %;DUT 3TH
4009220090;3.000 %;DUT 3TH
4009310000;3.000 %;DUT 3TH
4009310090;3.000 %;DUT 3TH
4009320090;3.000 %;DUT 3TH
4009410000;3.000 %;DUT 3TH
4009420090;3.000 %;DUT 3TH
4009420090;3.000 %;DUT 3TH
4010110000;6.500 %;DUT 3TH
4010120000;6.500 %;DUT 3TH
4010190000;6.500 %;DUT 3TH
4010310000;6.500 %;DUT 3TH
4010310090;6.500 %;DUT 3TH
4010310090;6.500 %;DUT 3TH
4010320000;6.500 %;DUT 3TH
4010330000;6.500 %;DUT 3TH
4010330090;6.500 %;DUT 3TH
4010340000;6.500 %;DUT 3TH
4010350000;6.500 %;DUT 3TH
4010360000;6.500 %;DUT 3TH
4010390000;6.500 %;DUT 3TH
4010390010;6.500 %;DUT 3TH
4010390090;6.500 %;DUT 3TH
4010390090;6.500 %;DUT 3TH
4011100000;4.500 %;DUT 3TH
4011201000;4.500 %;DUT 3TH
4011209000;4.500 %;DUT 3TH
4011300010;0.000 %;DUT 3TH
4011400000;4.500 %;DUT 3TH
4011500000;4.000 %;DUT 3TH
4011700000;4.000 %;DUT 3TH
4011700000;4.000 %;DUT 3TH
4011800000;4.000 %;DUT 3TH
4011900000;4.000 %;DUT 3TH
4012120090;4.500 %;DUT 3TH
4012190000;4.500 %;DUT 3TH
4012200090;4.500 %;DUT 3TH
4012902000;2.500 %;DUT 3TH
4012903000;2.500 %;DUT 3TH
4012909000;4.000 %;DUT 3TH
4013100000;4.000 %;DUT 3TH
4013200000;4.000 %;DUT 3TH
4013900000;4.000 %;DUT 3TH
4014100000;0.000 %;DUT 3TH
4014900000;0.000 %;DUT 3TH
4015110000;2.000 %;DUT 3TH
4015190000;2.700 %;DUT 3TH
4015190000;2.700 %;DUT 3TH
4015900000;5.000 %;DUT 3TH
4016100090;3.500 %;DUT 3TH
4016910000;2.500 %;DUT 3TH
4016920000;2.500 %;DUT 3TH
4016930030;2.500 %;DUT 3TH
4016930090;2.500 %;DUT 3TH
4016930090;2.500 %;DUT 3TH
4016930090;2.500 %;DUT 3TH
4016940000;2.500 %;DUT 3TH
4016950000;2.500 %;DUT 3TH
4016995200;2.500 %;DUT 3TH
4016995200;2.500 %;DUT 3TH
4016995290;2.500 %;DUT 3TH
4016995700;2.500 %;DUT 3TH
4016995700;2.500 %;DUT 3TH
4016995710;2.500 %;DUT 3TH
4016995790;2.500 %;DUT 3TH
4016999190;0.00%;DUT 3TH
4016999190;2.500 %;DUT 3TH
4016999720;2.500 %;DUT 3TH
4016999790;2.500 %;DUT 3TH
4016999790;2.500 %;DUT 3TH
4016999790;2.500 %;DUT 3TH
4017000000;0.000 %;DUT 3TH
4101208000;0.000 %;DUT 3TH
4101503000;0.000 %;DUT 3TH
4101509000;0.000 %;DUT 3TH
4101900000;0.000 %;DUT 3TH
4103900000;0.000 %;DUT 3TH
4104119000;5.500 %;DUT 3TH
4104191000;0.000 %;DUT 3TH
4104495100;6.500 %;DUT 3TH
4104499000;5.500 %;DUT 3TH
4105309000;2.000 %;DUT 3TH
4106920000;2.000 %;DUT 3TH
4107119000;6.500 %;DUT 3TH
4107191000;6.500 %;DUT 3TH
4107929000;6.500 %;DUT 3TH
4107999000;6.500 %;DUT 3TH
4113900000;2.000 %;DUT 3TH
4114101000;2.500 %;DUT 3TH
4114109000;2.500 %;DUT 3TH
4114200000;2.500 %;DUT 3TH
4115100000;2.500 %;DUT 3TH
4201000000;2.700 %;DUT 3TH
4201000010;2.700 %;DUT 3TH
4201000090;2.700 %;DUT 3TH
4202111000;3.000 %;DUT 3TH
4202111010;3.000 %;DUT 3TH
4202111090;3.000 %;DUT 3TH
4202119000;3.000 %;DUT 3TH
4202119090;3.000 %;DUT 3TH
4202121100;9.700 %;DUT 3TH
4202121900;9.700 %;DUT 3TH
4202125000;5.200 %;DUT 3TH
4202129100;3.700 %;DUT 3TH
4202129190;3.700 %;DUT 3TH
4202129900;3.700 %;DUT 3TH
4202129990;3.700 %;DUT 3TH
4202191000;5.700 %;DUT 3TH
4202199000;3.700 %;DUT 3TH
4202199090;3.700 %;DUT 3TH
4202199090;3.700 %;DUT 3TH
4202210000;3.000 %;DUT 3TH
4202210010;3.000 %;DUT 3TH
4202210090;3.000 %;DUT 3TH
4202221000;9.700 %;DUT 3TH
4202229000;3.700 %;DUT 3TH
4202229010;3.700 %;DUT 3TH
4202229090;3.700 %;DUT 3TH
4202229090;3.700 %;DUT 3TH
4202290000;3.700 %;DUT 3TH
4202310010;3.000 %;DUT 3TH
4202310090;3.000 %;DUT 3TH
4202321000;9.700 %;DUT 3TH
4202329010;3.700 %;DUT 3TH
4202329090;3.700 %;DUT 3TH
4202390000;3.700 %;DUT 3TH
4202390090;3.700 %;DUT 3TH
4202390090;3.700 %;DUT 3TH
4202911000;3.000 %;DUT 3TH
4202911090;3.000 %;DUT 3TH
4202918000;3.000 %;DUT 3TH
4202918090;3.000 %;DUT 3TH
4202921100;9.700 %;DUT 3TH
4202921500;6.700 %;DUT 3TH
4202921900;9.700 %;DUT 3TH
4202921900;9.700 %;DUT 3TH
4202929100;2.700 %;DUT 3TH
4202929110;2.700 %;DUT 3TH
4202929190;2.700 %;DUT 3TH
4202929800;2.700 %;DUT 3TH
4202929810;2.700 %;DUT 3TH
4202929890;2.700 %;DUT 3TH
4202990000;3.700 %;DUT 3TH
4202990010;3.700 %;DUT 3TH
4202990090;3.700 %;DUT 3TH
4203100000;4.000 %;DUT 3TH
4203210000;9.000 %;DUT 3TH
4203291000;9.000 %;DUT 3TH
4203299000;7.000 %;DUT 3TH
4203300010;5.000 %;DUT 3TH
4203300090;5.000 %;DUT 3TH
4203400000;5.000 %;DUT 3TH
4203400090;5.000 %;DUT 3TH
4205001900;3.000 %;DUT 3TH
4205009000;2.500 %;DUT 3TH
4206000000;1.700 %;DUT 3TH
4301800000;0.000 %;DUT 3TH
4302193500;0.000 %;DUT 3TH
4302198000;2.200 %;DUT 3TH
4302199900;2.200 %;DUT 3TH
4302200000;0.000 %;DUT 3TH
4302309900;2.200 %;DUT 3TH
4303109000;3.700 %;DUT 3TH
4303900000;3.700 %;DUT 3TH
4304000000;3.200 %;DUT 3TH
4401120000;0.000 %;DUT 3TH
4401210000;0.000 %;DUT 3TH
4401221000;0.000 %;DUT 3TH
4401229000;0.000 %;DUT 3TH
4401310000;0.000 %;DUT 3TH
4401320000;0.000 %;DUT 3TH
4401390000;0.000 %;DUT 3TH
4401401000;0.000 %;DUT 3TH
4401409000;0.000 %;DUT 3TH
4401409000;0.000 %;DUT 3TH
4401410000;0.000 %;DUT 3TH
4401490000;0.000 %;DUT 3TH
4401499000;0.000 %;DUT 3TH
4402200000;0.000 %;DUT 3TH
4402200090;0.000 %;DUT 3TH
4402900010;0.000 %;DUT 3TH
4402900090;0.000 %;DUT 3TH
4403110000;0.000 %;DUT 3TH
4403120000;0.000 %;DUT 3TH
4403219000;0.000 %;DUT 3TH
4403220000;0.000 %;DUT 3TH
4403231000;0.000 %;DUT 3TH
4403239000;0.000 %;DUT 3TH
4403240000;0.000 %;DUT 3TH
4403251000;0.000 %;DUT 3TH
4403260000;0.000 %;DUT 3TH
4403493500;0.000 %;DUT 3TH
4403498500;0.000 %;DUT 3TH
4403910000;0.000 %;DUT 3TH
4403930000;0.000 %;DUT 3TH
4403970000;0.000 %;DUT 3TH
4403980000;0.000 %;DUT 3TH
4403990000;0.000 %;DUT 3TH
4404200000;0.000 %;DUT 3TH
4406120000;0.000 %;DUT 3TH
4406920000;0.000 %;DUT 3TH
4407111000;0.000 %;DUT 3TH
4407112000;0.000 %;DUT 3TH
4407119000;0.000 %;DUT 3TH
4407119090;0.000 %;DUT 3TH
4407121000;0.000 %;DUT 3TH
4407122000;0.000 %;DUT 3TH
4407129000;0.000 %;DUT 3TH
4407129010;0.000 %;DUT 3TH
4407129090;0.000 %;DUT 3TH
4407130000;0.000 %;DUT 3TH
4407130020;0.000 %;DUT 3TH
4407192000;0.000 %;DUT 3TH
4407199000;0.000 %;DUT 3TH
4407199010;0.000 %;DUT 3TH
4407199090;0.000 %;DUT 3TH
4407259000;0.000 %;DUT 3TH
4407269000;0.000 %;DUT 3TH
4407271000;2.500 %;DUT 3TH
4407279100;2.000 %;DUT 3TH
4407279900;0.000 %;DUT 3TH
4407289900;0.000 %;DUT 3TH
4407291500;2.500 %;DUT 3TH
4407298300;2.000 %;DUT 3TH
4407299500;0.000 %;DUT 3TH
4407299500;0.000 %;DUT 3TH
4407299500;0.000 %;DUT 3TH
4407299600;0.000 %;DUT 3TH
4407299700;2.500 %;DUT 3TH
4407299800;0.000 %;DUT 3TH
4407911500;0.000 %;DUT 3TH
4407913100;0.000 %;DUT 3TH
4407913900;0.000 %;DUT 3TH
4407919000;0.000 %;DUT 3TH
4407920000;0.000 %;DUT 3TH
4407939900;0.000 %;DUT 3TH
4407941000;0.000 %;DUT 3TH
4407949900;0.000 %;DUT 3TH
4407951000;0.000 %;DUT 3TH
4407959900;0.000 %;DUT 3TH
4407971000;0.000 %;DUT 3TH
4407979100;2.500 %;DUT 3TH
4407979900;0.000 %;DUT 3TH
4407992700;0.000 %;DUT 3TH
4407999000;0.000 %;DUT 3TH
4408109800;4.000 %;DUT 3TH
4408393010;6.000 %;DUT 3TH
4408393010;6.000 %;DUT 3TH
4408393010;6.000 %;DUT 3TH
4408393090;6.000 %;DUT 3TH
4408398500;4.000 %;DUT 3TH
4408399500;4.000 %;DUT 3TH
4408399500;4.000 %;DUT 3TH
4408399500;4.000 %;DUT 3TH
4408399500;4.000 %;DUT 3TH
4408399500;4.000 %;DUT 3TH
4408901500;3.000 %;DUT 3TH
4408908500;4.000 %;DUT 3TH
4408908500;4.000 %;DUT 3TH
4408909500;4.000 %;DUT 3TH
4409101800;0.000 %;DUT 3TH
4409210000;0.000 %;DUT 3TH
4409220000;0.000 %;DUT 3TH
4409291000;0.000 %;DUT 3TH
4409299100;0.000 %;DUT 3TH
4409299100;0.000 %;DUT 3TH
4409299100;0.000 %;DUT 3TH
4409299900;0.000 %;DUT 3TH
4409299900;0.000 %;DUT 3TH
4410111000;7.000 %;DUT 3TH
4410115000;7.000 %;DUT 3TH
4410119000;7.000 %;DUT 3TH
4410121000;7.000 %;DUT 3TH
4410129000;7.000 %;DUT 3TH
4410190000;7.000 %;DUT 3TH
4410900000;7.000 %;DUT 3TH
4411121000;7.000 %;DUT 3TH
4411129000;7.000 %;DUT 3TH
4411129400;7.000 %;DUT 3TH
4411131000;7.000 %;DUT 3TH
4411139000;7.000 %;DUT 3TH
4411139200;7.000 %;DUT 3TH
4411139400;7.000 %;DUT 3TH
4411141000;7.000 %;DUT 3TH
4411149000;7.000 %;DUT 3TH
4411149100;7.000 %;DUT 3TH
4411149200;7.000 %;DUT 3TH
4411149300;7.000 %;DUT 3TH
4411149500;7.000 %;DUT 3TH
4411149700;7.000 %;DUT 3TH
4411929000;7.000 %;DUT 3TH
4411931000;7.000 %;DUT 3TH
4411939000;7.000 %;DUT 3TH
4411949000;7.000 %;DUT 3TH
4412100000;10.000 %;DUT 3TH
4412311090;10.000 %;DUT 3TH
4412319000;7.000 %;DUT 3TH
4412330000;7.000 %;DUT 3TH
4412330090;7.000 %;DUT 3TH
4412331000;7.000 %;DUT 3TH
4412331010;7.000 %;DUT 3TH
4412331022;7.000 %;DUT 3TH
4412331084;7.000 %;DUT 3TH
4412331090;7.000 %;DUT 3TH
4412332000;7.000 %;DUT 3TH
4412332010;7.000 %;DUT 3TH
4412332090;7.000 %;DUT 3TH
4412333000;7.000 %;DUT 3TH
4412333010;7.000 %;DUT 3TH
4412333090;7.000 %;DUT 3TH
4412339000;7.000 %;DUT 3TH
4412339090;7.000 %;DUT 3TH
4412340000;7.000 %;DUT 3TH
4412390000;7.000 %;DUT 3TH
4412390010;7.000 %;DUT 3TH
4412390090;7.000 %;DUT 3TH
4412419100;10.000 %;DUT 3TH
4412420000;10.000 %;DUT 3TH
4412520000;10.000 %;DUT 3TH
4412941000;10.000 %;DUT 3TH
4412993000;6.000 %;DUT 3TH
4412994090;10.000 %;DUT 3TH
4412995090;10.000 %;DUT 3TH
4412998590;10.000 %;DUT 3TH
4412999090;10.000 %;DUT 3TH
4413000000;0.000 %;DUT 3TH
4414001000;2.500 %;DUT 3TH
4414009000;0.000 %;DUT 3TH
4414109000;0.000 %;DUT 3TH
4414900000;0.000 %;DUT 3TH
4415101000;4.000 %;DUT 3TH
4415109000;3.000 %;DUT 3TH
4415202000;3.000 %;DUT 3TH
4415209000;4.000 %;DUT 3TH
4416000000;0.000 %;DUT 3TH
4417000000;0.000 %;DUT 3TH
4417000000;0.000 %;DUT 3TH
4417000000;0.000 %;DUT 3TH
4418109000;3.000 %;DUT 3TH
4418110000;3.000 %;DUT 3TH
4418199000;3.000 %;DUT 3TH
4418205000;0.000 %;DUT 3TH
4418208000;0.000 %;DUT 3TH
4418211000;3.000 %;DUT 3TH
4418219000;0.000 %;DUT 3TH
4418295000;0.000 %;DUT 3TH
4418298000;0.000 %;DUT 3TH
4418300000;0.000 %;DUT 3TH
4418400000;0.000 %;DUT 3TH
4418500000;0.000 %;DUT 3TH
4418739000;0.000 %;DUT 3TH
4418740000;3.000 %;DUT 3TH
4418750000;0.000 %;DUT 3TH
4418750000;0.000 %;DUT 3TH
4418790000;0.000 %;DUT 3TH
4418810090;0.000 %;DUT 3TH
4418908000;0.000 %;DUT 3TH
4418920000;0.000 %;DUT 3TH
4418990000;0.000 %;DUT 3TH
4418991000;0.000 %;DUT 3TH
4418999000;0.000 %;DUT 3TH
4418999000;0.000 %;DUT 3TH
4419110000;0.000 %;DUT 3TH
4419120000;0.000 %;DUT 3TH
4419190000;0.000 %;DUT 3TH
4419209000;0.000 %;DUT 3TH
4419900000;0.000 %;DUT 3TH
4419901000;0.000 %;DUT 3TH
4419909000;0.000 %;DUT 3TH
4420101110;3.000 %;DUT 3TH
4420101190;3.000 %;DUT 3TH
4420101900;0.000 %;DUT 3TH
4420101900;0.000 %;DUT 3TH
4420111010;3.000 %;DUT 3TH
4420119000;0.000 %;DUT 3TH
4420190000;0.000 %;DUT 3TH
4420901000;4.000 %;DUT 3TH
4420909100;3.000 %;DUT 3TH
4420909111;3.000 %;DUT 3TH
4420909119;3.000 %;DUT 3TH
4420909199;3.000 %;DUT 3TH
4420909900;0.000 %;DUT 3TH
4420909910;0.000 %;DUT 3TH
4420909990;0.000 %;DUT 3TH
4420909990;0.000 %;DUT 3TH
4421100000;0.000 %;DUT 3TH
4421909790;0.000 %;DUT 3TH
4421909799;0.000 %;DUT 3TH
4421910000;0.000 %;DUT 3TH
4421991000;4.000 %;DUT 3TH
4421999900;0.000 %;DUT 3TH
4421999910;0.000 %;DUT 3TH
4421999991;0.000 %;DUT 3TH
4421999999;0.000 %;DUT 3TH
4501100000;0.000 %;DUT 3TH
4501900000;0.000 %;DUT 3TH
4503101000;4.700 %;DUT 3TH
4503109000;4.700 %;DUT 3TH
4503900000;4.700 %;DUT 3TH
4504101900;4.700 %;DUT 3TH
4504109100;4.700 %;DUT 3TH
4504109900;4.700 %;DUT 3TH
4504902000;4.700 %;DUT 3TH
4504908090;4.700 %;DUT 3TH
4601211000;3.700 %;DUT 3TH
4601219000;2.200 %;DUT 3TH
4601221000;3.700 %;DUT 3TH
4601229000;2.200 %;DUT 3TH
4601291000;3.700 %;DUT 3TH
4601299000;2.200 %;DUT 3TH
4601929000;2.200 %;DUT 3TH
4601939000;2.200 %;DUT 3TH
4601941000;3.700 %;DUT 3TH
4601949000;2.200 %;DUT 3TH
4601990500;1.700 %;DUT 3TH
4601999000;2.700 %;DUT 3TH
4602110090;3.700 %;DUT 3TH
4602120010;3.700 %;DUT 3TH
4602120090;3.700 %;DUT 3TH
4602191000;1.700 %;DUT 3TH
4602199000;3.700 %;DUT 3TH
4602199010;3.700 %;DUT 3TH
4602199090;3.700 %;DUT 3TH
4602900000;4.700 %;DUT 3TH
4701001000;0.000 %;DUT 3TH
4701009000;0.000 %;DUT 3TH
4702000000;0.000 %;DUT 3TH
4702000000;0.000 %;DUT 3TH
4703210000;0.000 %;DUT 3TH
4704210000;0.000 %;DUT 3TH
4704290000;0.000 %;DUT 3TH
4705000000;0.000 %;DUT 3TH
4706300000;0.000 %;DUT 3TH
4706910000;0.000 %;DUT 3TH
4707100000;0.000 %;DUT 3TH
4707200000;0.000 %;DUT 3TH
4707301000;0.000 %;DUT 3TH
4707909000;0.000 %;DUT 3TH
4801000000;0.000 %;DUT 3TH
4802100000;0.000 %;DUT 3TH
4802200000;0.000 %;DUT 3TH
4802552500;0.000 %;DUT 3TH
4802553000;0.000 %;DUT 3TH
4802559000;0.000 %;DUT 3TH
4802562000;0.000 %;DUT 3TH
4802568000;0.000 %;DUT 3TH
4802568000;0.000 %;DUT 3TH
4802568000;0.000 %;DUT 3TH
4802570000;0.000 %;DUT 3TH
4802589000;0.000 %;DUT 3TH
4802611500;0.000 %;DUT 3TH
4802618000;0.000 %;DUT 3TH
4802620000;0.000 %;DUT 3TH
4802690000;0.000 %;DUT 3TH
4803003100;0.000 %;DUT 3TH
4803003900;0.000 %;DUT 3TH
4803009000;0.000 %;DUT 3TH
4804111500;0.000 %;DUT 3TH
4804111900;0.000 %;DUT 3TH
4804119000;0.000 %;DUT 3TH
4804191200;0.000 %;DUT 3TH
4804191900;0.000 %;DUT 3TH
4804199000;0.000 %;DUT 3TH
4804219000;0.000 %;DUT 3TH
4804299000;0.000 %;DUT 3TH
4804318000;0.000 %;DUT 3TH
4804398000;0.000 %;DUT 3TH
4804599000;0.000 %;DUT 3TH
4805199000;0.000 %;DUT 3TH
4805240000;0.000 %;DUT 3TH
4805250000;0.000 %;DUT 3TH
4805300000;0.000 %;DUT 3TH
4805910000;0.000 %;DUT 3TH
4805932000;0.000 %;DUT 3TH
4805938000;0.000 %;DUT 3TH
4806200000;0.000 %;DUT 3TH
4806300000;0.000 %;DUT 3TH
4806401000;0.000 %;DUT 3TH
4806409000;0.000 %;DUT 3TH
4807003000;0.000 %;DUT 3TH
4807008000;0.000 %;DUT 3TH
4808100000;0.000 %;DUT 3TH
4808400000;0.000 %;DUT 3TH
4808900000;0.000 %;DUT 3TH
4809200000;0.000 %;DUT 3TH
4809200000;0.000 %;DUT 3TH
4809200000;0.000 %;DUT 3TH
4809900090;0.000 %;DUT 3TH
4810130000;0.000 %;DUT 3TH
4810130080;0.000 %;DUT 3TH
4810140000;0.000 %;DUT 3TH
4810140080;0.000 %;DUT 3TH
4810190000;0.000 %;DUT 3TH
4810190080;0.000 %;DUT 3TH
4810293020;0.000 %;DUT 3TH
4810298000;0.000 %;DUT 3TH
4810298080;0.000 %;DUT 3TH
4810321000;0.000 %;DUT 3TH
4810390000;0.000 %;DUT 3TH
4810921000;0.000 %;DUT 3TH
4810929000;0.000 %;DUT 3TH
4810991000;0.000 %;DUT 3TH
4810998000;0.000 %;DUT 3TH
4810998080;0.000 %;DUT 3TH
4811100000;0.000 %;DUT 3TH
4811412000;0.000 %;DUT 3TH
4811419000;0.000 %;DUT 3TH
4811490000;0.000 %;DUT 3TH
4811510000;0.000 %;DUT 3TH
4811590000;0.000 %;DUT 3TH
4811590090;0.000 %;DUT 3TH
4811600000;0.000 %;DUT 3TH
4811900000;0.000 %;DUT 3TH
4811900010;0.000 %;DUT 3TH
4811900090;0.000 %;DUT 3TH
4812000000;0.000 %;DUT 3TH
4813100000;0.000 %;DUT 3TH
4813909000;0.000 %;DUT 3TH
4814200000;0.000 %;DUT 3TH
4814901000;0.000 %;DUT 3TH
4814907000;0.000 %;DUT 3TH
4816200000;0.000 %;DUT 3TH
4816900010;0.000 %;DUT 3TH
4816900090;0.000 %;DUT 3TH
4817100000;0.000 %;DUT 3TH
4817200000;0.000 %;DUT 3TH
4817300000;0.000 %;DUT 3TH
4818101000;0.000 %;DUT 3TH
4818109000;0.000 %;DUT 3TH
4818201000;0.000 %;DUT 3TH
4818209100;0.000 %;DUT 3TH
4818209900;0.000 %;DUT 3TH
4818300000;0.000 %;DUT 3TH
4818500000;0.000 %;DUT 3TH
4818901000;0.000 %;DUT 3TH
4818909000;0.000 %;DUT 3TH
4819100000;0.000 %;DUT 3TH
4819100000;0.000 %;DUT 3TH
4819200000;0.000 %;DUT 3TH
4819200000;0.000 %;DUT 3TH
4819300000;0.000 %;DUT 3TH
4819400000;0.000 %;DUT 3TH
4819500000;0.000 %;DUT 3TH
4819600000;0.000 %;DUT 3TH
4820101000;0.000 %;DUT 3TH
4820103000;0.000 %;DUT 3TH
4820105000;0.000 %;DUT 3TH
4820109000;0.000 %;DUT 3TH
4820200000;0.000 %;DUT 3TH
4820300000;0.000 %;DUT 3TH
4820400000;0.000 %;DUT 3TH
4820500000;0.000 %;DUT 3TH
4820900000;0.000 %;DUT 3TH
4821101000;0.000 %;DUT 3TH
4821109000;0.000 %;DUT 3TH
4821109000;0.000 %;DUT 3TH
4821109000;0.000 %;DUT 3TH
4821901000;0.000 %;DUT 3TH
4821909000;0.000 %;DUT 3TH
4822100000;0.000 %;DUT 3TH
4822900000;0.000 %;DUT 3TH
4823200000;0.000 %;DUT 3TH
4823400000;0.000 %;DUT 3TH
4823691000;0.000 %;DUT 3TH
4823699000;0.000 %;DUT 3TH
4823701000;0.000 %;DUT 3TH
4823709000;0.000 %;DUT 3TH
4823904000;0.000 %;DUT 3TH
4823908500;0.000 %;DUT 3TH
4823908580;0.000 %;DUT 3TH
4823908590;0.000 %;DUT 3TH
4901100000;0.000 %;DUT 3TH
4901990000;0.000 %;DUT 3TH
4901990000;0.000 %;DUT 3TH
4901990000;0.000 %;DUT 3TH
4902900000;0.000 %;DUT 3TH
4903000000;0.000 %;DUT 3TH
4905100000;0.000 %;DUT 3TH
4905900000;0.000 %;DUT 3TH
4905910000;0.000 %;DUT 3TH
4905990000;0.000 %;DUT 3TH
4906000000;0.000 %;DUT 3TH
4907001000;0.000 %;DUT 3TH
4907003000;0.000 %;DUT 3TH
4907009000;0.000 %;DUT 3TH
4908100000;0.000 %;DUT 3TH
4908900000;0.000 %;DUT 3TH
4909000000;0.000 %;DUT 3TH
4910000000;0.000 %;DUT 3TH
4911101000;0.000 %;DUT 3TH
4911109000;0.000 %;DUT 3TH
4911109000;0.000 %;DUT 3TH
4911109000;0.000 %;DUT 3TH
4911910000;0.000 %;DUT 3TH
4911910010;0.000 %;DUT 3TH
4911910090;0.000 %;DUT 3TH
4911990000;0.000 %;DUT 3TH
5002000000;0.000 %;DUT 3TH
5006001000;5.000 %;DUT 3TH
5007205990;7.200 %;DUT 3TH
5007903090;6.900 %;DUT 3TH
5007909090;6.900 %;DUT 3TH
5103109000;0.000 %;DUT 3TH
5105210000;2.000 %;DUT 3TH
5105290000;2.000 %;DUT 3TH
5105390000;2.000 %;DUT 3TH
5107101000;3.800 %;DUT 3TH
5107109000;3.800 %;DUT 3TH
5107203000;4.000 %;DUT 3TH
5110000000;3.500 %;DUT 3TH
5111190000;8.000 %;DUT 3TH
5112110000;8.000 %;DUT 3TH
5112190000;8.000 %;DUT 3TH
5112308000;8.000 %;DUT 3TH
5201001000;0.000 %;DUT 3TH
5201009000;0.000 %;DUT 3TH
5202910000;0.000 %;DUT 3TH
5202990000;0.000 %;DUT 3TH
5203000000;0.000 %;DUT 3TH
5204110000;4.000 %;DUT 3TH
5204190000;4.000 %;DUT 3TH
5204200000;5.000 %;DUT 3TH
5205110000;4.000 %;DUT 3TH
5205120000;4.000 %;DUT 3TH
5205210000;4.000 %;DUT 3TH
5205220000;4.000 %;DUT 3TH
5205230000;4.000 %;DUT 3TH
5205240000;4.000 %;DUT 3TH
5205270000;4.000 %;DUT 3TH
5205280000;4.000 %;DUT 3TH
5205320000;4.000 %;DUT 3TH
5205320000;4.000 %;DUT 3TH
5205330000;4.000 %;DUT 3TH
5205330000;4.000 %;DUT 3TH
5205330000;4.000 %;DUT 3TH
5205340000;4.000 %;DUT 3TH
5205340000;4.000 %;DUT 3TH
5205340000;4.000 %;DUT 3TH
5205420000;4.000 %;DUT 3TH
5205440000;4.000 %;DUT 3TH
5205460000;4.000 %;DUT 3TH
5205470000;4.000 %;DUT 3TH
5205480000;4.000 %;DUT 3TH
5206110000;4.000 %;DUT 3TH
5206120000;4.000 %;DUT 3TH
5206220000;4.000 %;DUT 3TH
5206430000;4.000 %;DUT 3TH
5206440000;4.000 %;DUT 3TH
5206450000;4.000 %;DUT 3TH
5207100000;5.000 %;DUT 3TH
5207900000;5.000 %;DUT 3TH
5208111000;8.000 %;DUT 3TH
5208119000;8.000 %;DUT 3TH
5208121600;8.000 %;DUT 3TH
5208121900;8.000 %;DUT 3TH
5208129900;8.000 %;DUT 3TH
5208190000;8.000 %;DUT 3TH
5208219000;8.000 %;DUT 3TH
5208310000;8.000 %;DUT 3TH
5208321600;8.000 %;DUT 3TH
5208329600;8.000 %;DUT 3TH
5208330000;8.000 %;DUT 3TH
5208390000;8.000 %;DUT 3TH
5208420000;8.000 %;DUT 3TH
5208430000;8.000 %;DUT 3TH
5208510099;8.000 %;DUT 3TH
5208520000;8.000 %;DUT 3TH
5208520099;8.000 %;DUT 3TH
5208591000;8.000 %;DUT 3TH
5208599099;8.000 %;DUT 3TH
5209210000;8.000 %;DUT 3TH
5209220000;8.000 %;DUT 3TH
5209290000;8.000 %;DUT 3TH
5209310000;8.000 %;DUT 3TH
5209320000;8.000 %;DUT 3TH
5209390000;8.000 %;DUT 3TH
5209420000;8.000 %;DUT 3TH
5209430000;8.000 %;DUT 3TH
5209490000;8.000 %;DUT 3TH
5209520099;8.000 %;DUT 3TH
5209590099;8.000 %;DUT 3TH
5210190000;8.000 %;DUT 3TH
5210210090;8.000 %;DUT 3TH
5210510000;8.000 %;DUT 3TH
5210590000;8.000 %;DUT 3TH
5211310090;8.000 %;DUT 3TH
5211310090;8.000 %;DUT 3TH
5211320000;8.000 %;DUT 3TH
5211390000;8.000 %;DUT 3TH
5211410000;8.000 %;DUT 3TH
5211491000;8.000 %;DUT 3TH
5211499000;8.000 %;DUT 3TH
5211510090;8.000 %;DUT 3TH
5211510090;8.000 %;DUT 3TH
5211520000;8.000 %;DUT 3TH
5211590000;8.000 %;DUT 3TH
5211590090;8.000 %;DUT 3TH
5212121000;8.000 %;DUT 3TH
5212139090;8.000 %;DUT 3TH
5212159011;8.000 %;DUT 3TH
5301210000;0.000 %;DUT 3TH
5301290000;0.000 %;DUT 3TH
5301300000;0.000 %;DUT 3TH
5302900000;0.000 %;DUT 3TH
5303900000;0.000 %;DUT 3TH
5305000000;0.000 %;DUT 3TH
5306101010;4.000 %;DUT 3TH
5306101090;4.000 %;DUT 3TH
5306101090;4.000 %;DUT 3TH
5306103000;4.000 %;DUT 3TH
5306103090;4.000 %;DUT 3TH
5306109000;5.000 %;DUT 3TH
5306201000;4.000 %;DUT 3TH
5307100000;0.000 %;DUT 3TH
5307200000;0.000 %;DUT 3TH
5308100000;0.000 %;DUT 3TH
5308905000;4.000 %;DUT 3TH
5309119000;8.000 %;DUT 3TH
5309190000;8.000 %;DUT 3TH
5309290000;8.000 %;DUT 3TH
5310101000;4.000 %;DUT 3TH
5310109000;4.000 %;DUT 3TH
5310900000;4.000 %;DUT 3TH
5310900090;4.000 %;DUT 3TH
5311001000;8.000 %;DUT 3TH
5401101200;4.000 %;DUT 3TH
5401101400;4.000 %;DUT 3TH
5401109000;5.000 %;DUT 3TH
5402110000;4.000 %;DUT 3TH
5402200000;4.000 %;DUT 3TH
5402200010;4.000 %;DUT 3TH
5402330000;4.000 %;DUT 3TH
5402330000;4.000 %;DUT 3TH
5402340000;4.000 %;DUT 3TH
5402390000;4.000 %;DUT 3TH
5402440000;4.000 %;DUT 3TH
5402450000;4.000 %;DUT 3TH
5402460000;4.000 %;DUT 3TH
5402470090;4.000 %;DUT 3TH
5402480000;4.000 %;DUT 3TH
5402490090;4.000 %;DUT 3TH
5402620000;4.000 %;DUT 3TH
5402630000;4.000 %;DUT 3TH
5402690000;4.000 %;DUT 3TH
5403310000;4.000 %;DUT 3TH
5404110000;4.000 %;DUT 3TH
5404120000;4.000 %;DUT 3TH
5404190090;4.000 %;DUT 3TH
5404909090;4.000 %;DUT 3TH
5406000000;5.000 %;DUT 3TH
5407100000;8.000 %;DUT 3TH
5407100090;8.000 %;DUT 3TH
5407201100;8.000 %;DUT 3TH
5407209000;8.000 %;DUT 3TH
5407410000;8.000 %;DUT 3TH
5407420000;8.000 %;DUT 3TH
5407510000;8.000 %;DUT 3TH
5407520000;8.000 %;DUT 3TH
5407520000;8.000 %;DUT 3TH
5407520000;8.000 %;DUT 3TH
5407530000;8.000 %;DUT 3TH
5407540000;8.000 %;DUT 3TH
5407611000;8.000 %;DUT 3TH
5407611000;8.000 %;DUT 3TH
5407613000;8.000 %;DUT 3TH
5407615000;8.000 %;DUT 3TH
5407619000;8.000 %;DUT 3TH
5407691000;8.000 %;DUT 3TH
5407699000;8.000 %;DUT 3TH
5407699000;8.000 %;DUT 3TH
5407710000;8.000 %;DUT 3TH
5407710020;8.000 %;DUT 3TH
5407710090;8.000 %;DUT 3TH
5407720000;8.000 %;DUT 3TH
5407730000;8.000 %;DUT 3TH
5407740000;8.000 %;DUT 3TH
5407820000;8.000 %;DUT 3TH
5407830000;8.000 %;DUT 3TH
5407910000;8.000 %;DUT 3TH
5407920000;8.000 %;DUT 3TH
5407940000;8.000 %;DUT 3TH
5408100000;8.000 %;DUT 3TH
5408210000;8.000 %;DUT 3TH
5408221000;8.000 %;DUT 3TH
5408221090;8.000 %;DUT 3TH
5408229000;8.000 %;DUT 3TH
5408240000;8.000 %;DUT 3TH
5501100000;4.000 %;DUT 3TH
5503110090;4.000 %;DUT 3TH
5503110090;4.000 %;DUT 3TH
5503200000;4.000 %;DUT 3TH
5503200000;4.000 %;DUT 3TH
5503200000;4.000 %;DUT 3TH
5503300000;4.000 %;DUT 3TH
5504100080;4.000 %;DUT 3TH
5504900000;4.000 %;DUT 3TH
5505109000;4.000 %;DUT 3TH
5505200000;4.000 %;DUT 3TH
5506100000;4.000 %;DUT 3TH
5506200000;4.000 %;DUT 3TH
5506300000;4.000 %;DUT 3TH
5506900090;4.000 %;DUT 3TH
5507000000;4.000 %;DUT 3TH
5508109000;5.000 %;DUT 3TH
5509210000;4.000 %;DUT 3TH
5509210000;4.000 %;DUT 3TH
5509220000;4.000 %;DUT 3TH
5509220000;4.000 %;DUT 3TH
5509220000;4.000 %;DUT 3TH
5509310000;4.000 %;DUT 3TH
5509320000;4.000 %;DUT 3TH
5509510000;4.000 %;DUT 3TH
5509530000;4.000 %;DUT 3TH
5509530000;4.000 %;DUT 3TH
5509530000;4.000 %;DUT 3TH
5509590000;4.000 %;DUT 3TH
5509620000;4.000 %;DUT 3TH
5509690000;4.000 %;DUT 3TH
5510110000;4.000 %;DUT 3TH
5510120000;4.000 %;DUT 3TH
5510200000;4.000 %;DUT 3TH
5510300000;4.000 %;DUT 3TH
5511100000;5.000 %;DUT 3TH
5511300000;5.000 %;DUT 3TH
5512291000;8.000 %;DUT 3TH
5512999000;8.000 %;DUT 3TH
5512999000;8.000 %;DUT 3TH
5513130000;8.000 %;DUT 3TH
5513210000;8.000 %;DUT 3TH
5513390000;8.000 %;DUT 3TH
5513410000;8.000 %;DUT 3TH
5514110000;8.000 %;DUT 3TH
5514210000;8.000 %;DUT 3TH
5514220000;8.000 %;DUT 3TH
5514230000;8.000 %;DUT 3TH
5514290000;8.000 %;DUT 3TH
5514410000;8.000 %;DUT 3TH
5514420000;8.000 %;DUT 3TH
5515113000;8.000 %;DUT 3TH
5515119000;8.000 %;DUT 3TH
5515199000;8.000 %;DUT 3TH
5515219000;8.000 %;DUT 3TH
5515290000;8.000 %;DUT 3TH
5515998000;8.000 %;DUT 3TH
5515998000;8.000 %;DUT 3TH
5516120000;8.000 %;DUT 3TH
5516140000;8.000 %;DUT 3TH
5516220000;8.000 %;DUT 3TH
5516239000;8.000 %;DUT 3TH
5516240000;8.000 %;DUT 3TH
5516330000;8.000 %;DUT 3TH
5516920000;8.000 %;DUT 3TH
5516930000;8.000 %;DUT 3TH
5516940000;8.000 %;DUT 3TH
5601211000;3.800 %;DUT 3TH
5601219000;3.800 %;DUT 3TH
5601229000;4.000 %;DUT 3TH
5601290000;3.800 %;DUT 3TH
5601300090;3.200 %;DUT 3TH
5602101100;6.700 %;DUT 3TH
5602101900;6.700 %;DUT 3TH
5602109000;6.700 %;DUT 3TH
5602210000;6.700 %;DUT 3TH
5602290000;6.700 %;DUT 3TH
5602290090;6.700 %;DUT 3TH
5602900000;6.700 %;DUT 3TH
5603111000;4.300 %;DUT 3TH
5603111010;4.300 %;DUT 3TH
5603111090;4.300 %;DUT 3TH
5603119000;4.300 %;DUT 3TH
5603119090;4.300 %;DUT 3TH
5603119090;4.300 %;DUT 3TH
5603121000;4.300 %;DUT 3TH
5603129070;4.300 %;DUT 3TH
5603129090;4.300 %;DUT 3TH
5603131000;4.300 %;DUT 3TH
5603131020;4.300 %;DUT 3TH
5603131090;4.300 %;DUT 3TH
5603148000;4.300 %;DUT 3TH
5603148090;4.300 %;DUT 3TH
5603149010;4.300 %;DUT 3TH
5603149090;4.300 %;DUT 3TH
5603911000;4.300 %;DUT 3TH
5603919090;4.300 %;DUT 3TH
5603929000;4.300 %;DUT 3TH
5603929090;4.300 %;DUT 3TH
5603931000;4.300 %;DUT 3TH
5603939090;4.300 %;DUT 3TH
5603941000;4.300 %;DUT 3TH
5603948000;4.300 %;DUT 3TH
5603949090;4.300 %;DUT 3TH
5604100000;4.000 %;DUT 3TH
5604901090;4.000 %;DUT 3TH
5604909090;4.000 %;DUT 3TH
5605000000;4.000 %;DUT 3TH
5606001000;8.000 %;DUT 3TH
5606009900;5.300 %;DUT 3TH
5607210090;12.000 %;DUT 3TH
5607290000;12.000 %;DUT 3TH
5607410000;8.000 %;DUT 3TH
5607491100;8.000 %;DUT 3TH
5607491900;8.000 %;DUT 3TH
5607499000;8.000 %;DUT 3TH
5607501190;8.000 %;DUT 3TH
5607503090;8.000 %;DUT 3TH
5607509091;8.000 %;DUT 3TH
5607509099;8.000 %;DUT 3TH
5607509099;8.000 %;DUT 3TH
5607902020;6.000 %;DUT 3TH
5607909000;8.000 %;DUT 3TH
5607909090;8.000 %;DUT 3TH
5608112000;8.000 %;DUT 3TH
5608191900;8.000 %;DUT 3TH
5608193000;8.000 %;DUT 3TH
5608199000;8.000 %;DUT 3TH
5608900090;8.000 %;DUT 3TH
5609000000;5.800 %;DUT 3TH
5701101010;8.000 %;DUT 3TH
5701101090;8.000 %;DUT 3TH
5701109000;8.000 % MAX 2.800 EUR MTK;DUT 3TH
5701901010;8.000 %;DUT 3TH
5701901090;8.000 %;DUT 3TH
5701909000;3.500 %;DUT 3TH
5701909010;3.500 %;DUT 3TH
5701909090;3.500 %;DUT 3TH
5702100000;3.000 %;DUT 3TH
5702200000;4.000 %;DUT 3TH
5702311000;8.000 %;DUT 3TH
5702318000;8.000 %;DUT 3TH
5702320000;8.000 %;DUT 3TH
5702390010;8.000 %;DUT 3TH
5702390020;8.000 %;DUT 3TH
5702390030;8.000 %;DUT 3TH
5702390090;8.000 %;DUT 3TH
5702419000;8.000 %;DUT 3TH
5702420000;8.000 %;DUT 3TH
5702429000;8.000 %;DUT 3TH
5702490000;8.000 %;DUT 3TH
5702490090;8.000 %;DUT 3TH
5702501000;8.000 %;DUT 3TH
5702503100;8.000 %;DUT 3TH
5702503900;8.000 %;DUT 3TH
5702509030;8.000 %;DUT 3TH
5702509090;8.000 %;DUT 3TH
5702910000;8.000 %;DUT 3TH
5702921000;8.000 %;DUT 3TH
5702929000;8.000 %;DUT 3TH
5702990000;8.000 %;DUT 3TH
5702990010;8.000 %;DUT 3TH
5702990090;8.000 %;DUT 3TH
5703100000;8.000 %;DUT 3TH
5703201200;8.000 %;DUT 3TH
5703201800;8.000 %;DUT 3TH
5703209800;8.000 %;DUT 3TH
5703210000;8.000 %;DUT 3TH
5703291000;8.000 %;DUT 3TH
5703291900;8.000 %;DUT 3TH
5703299100;8.000 %;DUT 3TH
5703299900;8.000 %;DUT 3TH
5703301200;8.000 %;DUT 3TH
5703301800;8.000 %;DUT 3TH
5703308800;8.000 %;DUT 3TH
5703310000;8.000 %;DUT 3TH
5703391000;8.000 %;DUT 3TH
5703391900;8.000 %;DUT 3TH
5703399100;8.000 %;DUT 3TH
5703399900;8.000 %;DUT 3TH
5703902090;8.000 %;DUT 3TH
5703908000;8.000 %;DUT 3TH
5703908090;8.000 %;DUT 3TH
5704200090;6.700 %;DUT 3TH
5704900010;6.700 %;DUT 3TH
5704900090;6.700 %;DUT 3TH
5705003000;8.000 %;DUT 3TH
5705003010;8.000 %;DUT 3TH
5705003090;8.000 %;DUT 3TH
5705008000;8.000 %;DUT 3TH
5705008031;8.000 %;DUT 3TH
5705008039;8.000 %;DUT 3TH
5705008091;8.000 %;DUT 3TH
5705008099;8.000 %;DUT 3TH
5801100000;8.000 %;DUT 3TH
5801220000;8.000 %;DUT 3TH
5801220090;8.000 %;DUT 3TH
5801310000;8.000 %;DUT 3TH
5801330000;8.000 %;DUT 3TH
5801360000;8.000 %;DUT 3TH
5801370000;8.000 %;DUT 3TH
5801901000;8.000 %;DUT 3TH
5801909090;8.000 %;DUT 3TH
5802100000;8.000 %;DUT 3TH
5802110000;8.000 %;DUT 3TH
5802190000;8.000 %;DUT 3TH
5802200000;8.000 %;DUT 3TH
5802300000;8.000 %;DUT 3TH
5803009090;8.000 %;DUT 3TH
5804101000;6.500 %;DUT 3TH
5804109000;8.000 %;DUT 3TH
5804210000;8.000 %;DUT 3TH
5804290000;8.000 %;DUT 3TH
5806100090;6.300 %;DUT 3TH
5806200000;7.500 %;DUT 3TH
5806310000;7.500 %;DUT 3TH
5806321000;7.500 %;DUT 3TH
5806329000;7.500 %;DUT 3TH
5806390090;7.500 %;DUT 3TH
5806400090;6.200 %;DUT 3TH
5807101000;6.200 %;DUT 3TH
5807109000;6.200 %;DUT 3TH
5807909000;8.000 %;DUT 3TH
5808100000;5.000 %;DUT 3TH
5808900000;5.300 %;DUT 3TH
5809000000;5.600 %;DUT 3TH
5810911000;5.800 %;DUT 3TH
5810911090;5.800 %;DUT 3TH
5810919090;7.200 %;DUT 3TH
5810921000;5.800 %;DUT 3TH
5810921090;5.800 %;DUT 3TH
5810929000;7.200 %;DUT 3TH
5810929090;7.200 %;DUT 3TH
5810991090;5.800 %;DUT 3TH
5810999000;7.200 %;DUT 3TH
5811000000;8.000 %;DUT 3TH
5811000099;8.000 %;DUT 3TH
5901900000;6.500 %;DUT 3TH
5902201000;5.600 %;DUT 3TH
5903101000;8.000 %;DUT 3TH
5903109000;8.000 %;DUT 3TH
5903109090;8.000 %;DUT 3TH
5903201000;8.000 %;DUT 3TH
5903209000;8.000 %;DUT 3TH
5903209090;8.000 %;DUT 3TH
5903901000;8.000 %;DUT 3TH
5903909900;8.000 %;DUT 3TH
5903909990;8.000 %;DUT 3TH
5903909990;8.000 %;DUT 3TH
5904900000;5.300 %;DUT 3TH
5905009000;6.000 %;DUT 3TH
5906100000;4.600 %;DUT 3TH
5906910000;6.500 %;DUT 3TH
5906991000;8.000 %;DUT 3TH
5906999000;5.600 %;DUT 3TH
5906999090;5.600 %;DUT 3TH
5907000000;4.900 %;DUT 3TH
5907000090;4.900 %;DUT 3TH
5907000090;4.900 %;DUT 3TH
5908000000;5.600 %;DUT 3TH
5909001000;6.500 %;DUT 3TH
5909009000;6.500 %;DUT 3TH
5910000000;5.100 %;DUT 3TH
5911200000;4.600 %;DUT 3TH
5911200090;4.600 %;DUT 3TH
5911200090;4.600 %;DUT 3TH
5911311900;5.800 %;DUT 3TH
5911321900;5.800 %;DUT 3TH
5911400000;6.000 %;DUT 3TH
5911901000;6.000 %;DUT 3TH
5911909090;6.000 %;DUT 3TH
5911909090;6.000 %;DUT 3TH
5911909090;6.000 %;DUT 3TH
5911909100;0.000 %;DUT 3TH
5911909940;6.000 %;DUT 3TH
5911909950;6.000 %;DUT 3TH
5911909990;6.000 %;DUT 3TH
6001100090;8.000 %;DUT 3TH
6001210000;8.000 %;DUT 3TH
6001220000;8.000 %;DUT 3TH
6001290090;8.000 %;DUT 3TH
6001920000;8.000 %;DUT 3TH
6001990000;8.000 %;DUT 3TH
6001990090;8.000 %;DUT 3TH
6002400000;8.000 %;DUT 3TH
6003200000;8.000 %;DUT 3TH
6003309000;8.000 %;DUT 3TH
6004100000;8.000 %;DUT 3TH
6004100010;8.000 %;DUT 3TH
6004100010;8.000 %;DUT 3TH
6004100091;8.000 %;DUT 3TH
6004100099;8.000 %;DUT 3TH
6004100099;8.000 %;DUT 3TH
6004900000;6.500 %;DUT 3TH
6005210000;8.000 %;DUT 3TH
6005220000;8.000 %;DUT 3TH
6005240000;8.000 %;DUT 3TH
6005350000;8.000 %;DUT 3TH
6005360000;8.000 %;DUT 3TH
6005370000;8.000 %;DUT 3TH
6005380000;8.000 %;DUT 3TH
6005390000;8.000 %;DUT 3TH
6005420000;8.000 %;DUT 3TH
6005420000;8.000 %;DUT 3TH
6005909000;8.000 %;DUT 3TH
6006220000;8.000 %;DUT 3TH
6006240000;8.000 %;DUT 3TH
6006310000;8.000 %;DUT 3TH
6006320000;8.000 %;DUT 3TH
6006320000;8.000 %;DUT 3TH
6006330000;8.000 %;DUT 3TH
6006340000;8.000 %;DUT 3TH
6006420000;8.000 %;DUT 3TH
6006900000;8.000 %;DUT 3TH
6006900000;8.000 %;DUT 3TH
6101201000;12.000 %;DUT 3TH
6101209000;12.000 %;DUT 3TH
6101301000;12.000 %;DUT 3TH
6101309000;12.000 %;DUT 3TH
6101902011;12.000 %;DUT 3TH
6101908000;12.000 %;DUT 3TH
6102101000;12.000 %;DUT 3TH
6102101010;12.000 %;DUT 3TH
6102101090;12.000 %;DUT 3TH
6102109000;12.000 %;DUT 3TH
6102201000;12.000 %;DUT 3TH
6102209000;12.000 %;DUT 3TH
6102301000;12.000 %;DUT 3TH
6102309000;12.000 %;DUT 3TH
6103109000;12.000 %;DUT 3TH
6103220000;12.000 %;DUT 3TH
6103230000;12.000 %;DUT 3TH
6103290000;12.000 %;DUT 3TH
6103310000;12.000 %;DUT 3TH
6103320000;12.000 %;DUT 3TH
6103330000;12.000 %;DUT 3TH
6103390090;12.000 %;DUT 3TH
6103410000;12.000 %;DUT 3TH
6103420000;12.000 %;DUT 3TH
6103430000;12.000 %;DUT 3TH
6103490099;12.000 %;DUT 3TH
6104130000;12.000 %;DUT 3TH
6104199090;12.000 %;DUT 3TH
6104220000;12.000 %;DUT 3TH
6104230000;12.000 %;DUT 3TH
6104299090;12.000 %;DUT 3TH
6104310000;12.000 %;DUT 3TH
6104320000;12.000 %;DUT 3TH
6104330000;12.000 %;DUT 3TH
6104390000;12.000 %;DUT 3TH
6104390010;12.000 %;DUT 3TH
6104390090;12.000 %;DUT 3TH
6104410000;12.000 %;DUT 3TH
6104420000;12.000 %;DUT 3TH
6104430000;12.000 %;DUT 3TH
6104440000;12.000 %;DUT 3TH
6104490000;12.000 %;DUT 3TH
6104510000;12.000 %;DUT 3TH
6104520000;12.000 %;DUT 3TH
6104530000;12.000 %;DUT 3TH
6104590000;12.000 %;DUT 3TH
6104610000;12.000 %;DUT 3TH
6104620000;12.000 %;DUT 3TH
6104630000;12.000 %;DUT 3TH
6104690010;12.000 %;DUT 3TH
6104690091;12.000 %;DUT 3TH
6104690099;12.000 %;DUT 3TH
6105100000;12.000 %;DUT 3TH
6105201000;12.000 %;DUT 3TH
6105209000;12.000 %;DUT 3TH
6105901000;12.000 %;DUT 3TH
6105909000;12.000 %;DUT 3TH
6105909000;12.000 %;DUT 3TH
6106100000;12.000 %;DUT 3TH
6106200000;12.000 %;DUT 3TH
6106905000;12.000 %;DUT 3TH
6106909000;12.000 %;DUT 3TH
6107110000;12.000 %;DUT 3TH
6107120000;12.000 %;DUT 3TH
6107190000;12.000 %;DUT 3TH
6107210000;12.000 %;DUT 3TH
6107220000;12.000 %;DUT 3TH
6107290000;12.000 %;DUT 3TH
6107910000;12.000 %;DUT 3TH
6107990000;12.000 %;DUT 3TH
6107990020;12.000 %;DUT 3TH
6107990090;12.000 %;DUT 3TH
6108110000;12.000 %;DUT 3TH
6108190000;12.000 %;DUT 3TH
6108210000;12.000 %;DUT 3TH
6108220000;12.000 %;DUT 3TH
6108290000;12.000 %;DUT 3TH
6108310000;12.000 %;DUT 3TH
6108320000;12.000 %;DUT 3TH
6108390000;12.000 %;DUT 3TH
6108910000;12.000 %;DUT 3TH
6108920000;12.000 %;DUT 3TH
6109100000;12.000 %;DUT 3TH
6109100010;12.000 %;DUT 3TH
6109100010;12.000 %;DUT 3TH
6109100090;12.000 %;DUT 3TH
6109100090;12.000 %;DUT 3TH
6109100090;12.000 %;DUT 3TH
6109100090;12.000 %;DUT 3TH
6109902000;12.000 %;DUT 3TH
6109909000;12.000 %;DUT 3TH
6109909000;12.000 %;DUT 3TH
6109909000;12.000 %;DUT 3TH
6110111000;10.500 %;DUT 3TH
6110113000;12.000 %;DUT 3TH
6110119000;12.000 %;DUT 3TH
6110121000;12.000 %;DUT 3TH
6110121090;12.000 %;DUT 3TH
6110129090;12.000 %;DUT 3TH
6110191000;12.000 %;DUT 3TH
6110191090;12.000 %;DUT 3TH
6110199090;12.000 %;DUT 3TH
6110201000;12.000 %;DUT 3TH
6110209100;12.000 %;DUT 3TH
6110209900;12.000 %;DUT 3TH
6110301000;12.000 %;DUT 3TH
6110301000;12.000 %;DUT 3TH
6110309100;12.000 %;DUT 3TH
6110309900;12.000 %;DUT 3TH
6110309900;12.000 %;DUT 3TH
6110309900;12.000 %;DUT 3TH
6110909030;12.000 %;DUT 3TH
6110909090;12.000 %;DUT 3TH
6111209000;12.000 %;DUT 3TH
6111309000;12.000 %;DUT 3TH
6111909000;12.000 %;DUT 3TH
6111909090;12.000 %;DUT 3TH
6112110000;12.000 %;DUT 3TH
6112120000;12.000 %;DUT 3TH
6112190000;12.000 %;DUT 3TH
6112311000;8.000 %;DUT 3TH
6112319000;12.000 %;DUT 3TH
6112399000;12.000 %;DUT 3TH
6112411000;8.000 %;DUT 3TH
6112419000;12.000 %;DUT 3TH
6112491000;8.000 %;DUT 3TH
6112499000;12.000 %;DUT 3TH
6113001000;8.000 %;DUT 3TH
6113009000;12.000 %;DUT 3TH
6114200000;12.000 %;DUT 3TH
6114300000;12.000 %;DUT 3TH
6114900010;12.000 %;DUT 3TH
6114900090;12.000 %;DUT 3TH
6115109000;12.000 %;DUT 3TH
6115210000;12.000 %;DUT 3TH
6115220000;12.000 %;DUT 3TH
6115290000;12.000 %;DUT 3TH
6115301100;12.000 %;DUT 3TH
6115940000;12.000 %;DUT 3TH
6115950000;12.000 %;DUT 3TH
6115961000;12.000 %;DUT 3TH
6115969100;12.000 %;DUT 3TH
6115969900;12.000 %;DUT 3TH
6115990000;12.000 %;DUT 3TH
6116102000;8.000 %;DUT 3TH
6116102011;8.000 %;DUT 3TH
6116102091;8.000 %;DUT 3TH
6116108000;8.900 %;DUT 3TH
6116108011;8.900 %;DUT 3TH
6116108091;8.900 %;DUT 3TH
6116910000;8.900 %;DUT 3TH
6116920000;8.900 %;DUT 3TH
6116930000;8.900 %;DUT 3TH
6116990000;8.900 %;DUT 3TH
6117100000;12.000 %;DUT 3TH
6117801000;8.000 %;DUT 3TH
6117808000;12.000 %;DUT 3TH
6117900000;12.000 %;DUT 3TH
6201110090;12.000 %;DUT 3TH
6201121010;12.000 %;DUT 3TH
6201121090;12.000 %;DUT 3TH
6201129000;12.000 %;DUT 3TH
6201129010;12.000 %;DUT 3TH
6201129090;12.000 %;DUT 3TH
6201131010;12.000 %;DUT 3TH
6201131090;12.000 %;DUT 3TH
6201131090;12.000 %;DUT 3TH
6201139000;12.000 %;DUT 3TH
6201139010;12.000 %;DUT 3TH
6201139090;12.000 %;DUT 3TH
6201190000;12.000 %;DUT 3TH
6201200000;12.000 %;DUT 3TH
6201200019;12.000 %;DUT 3TH
6201200091;12.000 %;DUT 3TH
6201301000;12.000 %;DUT 3TH
6201301099;12.000 %;DUT 3TH
6201309000;12.000 %;DUT 3TH
6201309019;12.000 %;DUT 3TH
6201401000;12.000 %;DUT 3TH
6201401011;12.000 %;DUT 3TH
6201401019;12.000 %;DUT 3TH
6201401090;12.000 %;DUT 3TH
6201409000;12.000 %;DUT 3TH
6201409090;12.000 %;DUT 3TH
6201900000;12.000 %;DUT 3TH
6201900090;12.000 %;DUT 3TH
6201910000;12.000 %;DUT 3TH
6201920090;12.000 %;DUT 3TH
6201930000;12.000 %;DUT 3TH
6201930000;12.000 %;DUT 3TH
6201990090;12.000 %;DUT 3TH
6202110090;12.000 %;DUT 3TH
6202121090;12.000 %;DUT 3TH
6202129000;12.000 %;DUT 3TH
6202129010;12.000 %;DUT 3TH
6202129090;12.000 %;DUT 3TH
6202131010;12.000 %;DUT 3TH
6202131090;12.000 %;DUT 3TH
6202139000;12.000 %;DUT 3TH
6202139010;12.000 %;DUT 3TH
6202139090;12.000 %;DUT 3TH
6202190000;12.000 %;DUT 3TH
6202200000;12.000 %;DUT 3TH
6202200011;12.000 %;DUT 3TH
6202200015;12.000 %;DUT 3TH
6202200019;12.000 %;DUT 3TH
6202200091;12.000 %;DUT 3TH
6202301000;12.000 %;DUT 3TH
6202301011;12.000 %;DUT 3TH
6202301019;12.000 %;DUT 3TH
6202301099;12.000 %;DUT 3TH
6202309000;12.000 %;DUT 3TH
6202309019;12.000 %;DUT 3TH
6202401000;12.000 %;DUT 3TH
6202401011;12.000 %;DUT 3TH
6202401019;12.000 %;DUT 3TH
6202401091;12.000 %;DUT 3TH
6202409000;12.000 %;DUT 3TH
6202409019;12.000 %;DUT 3TH
6202409091;12.000 %;DUT 3TH
6202900090;12.000 %;DUT 3TH
6202910000;12.000 %;DUT 3TH
6202920000;12.000 %;DUT 3TH
6202920090;12.000 %;DUT 3TH
6202930000;12.000 %;DUT 3TH
6202930000;12.000 %;DUT 3TH
6202930000;12.000 %;DUT 3TH
6202990090;12.000 %;DUT 3TH
6203110000;12.000 %;DUT 3TH
6203120000;12.000 %;DUT 3TH
6203191000;12.000 %;DUT 3TH
6203199000;12.000 %;DUT 3TH
6203221000;12.000 %;DUT 3TH
6203228000;12.000 %;DUT 3TH
6203238000;12.000 %;DUT 3TH
6203299000;12.000 %;DUT 3TH
6203310000;12.000 %;DUT 3TH
6203321000;12.000 %;DUT 3TH
6203329000;12.000 %;DUT 3TH
6203331000;12.000 %;DUT 3TH
6203339000;12.000 %;DUT 3TH
6203399000;12.000 %;DUT 3TH
6203411000;12.000 %;DUT 3TH
6203419000;12.000 %;DUT 3TH
6203421100;12.000 %;DUT 3TH
6203423100;12.000 %;DUT 3TH
6203423300;12.000 %;DUT 3TH
6203423500;12.000 %;DUT 3TH
6203425100;12.000 %;DUT 3TH
6203425900;12.000 %;DUT 3TH
6203429000;12.000 %;DUT 3TH
6203431100;12.000 %;DUT 3TH
6203431900;12.000 %;DUT 3TH
6203433900;12.000 %;DUT 3TH
6203439000;12.000 %;DUT 3TH
6203491900;12.000 %;DUT 3TH
6203499000;12.000 %;DUT 3TH
6204110000;12.000 %;DUT 3TH
6204120090;12.000 %;DUT 3TH
6204130000;12.000 %;DUT 3TH
6204199000;12.000 %;DUT 3TH
6204210000;12.000 %;DUT 3TH
6204221000;12.000 %;DUT 3TH
6204228090;12.000 %;DUT 3TH
6204231000;12.000 %;DUT 3TH
6204238000;12.000 %;DUT 3TH
6204310000;12.000 %;DUT 3TH
6204321000;12.000 %;DUT 3TH
6204329000;12.000 %;DUT 3TH
6204329090;12.000 %;DUT 3TH
6204331000;12.000 %;DUT 3TH
6204339000;12.000 %;DUT 3TH
6204391900;12.000 %;DUT 3TH
6204399000;12.000 %;DUT 3TH
6204399090;12.000 %;DUT 3TH
6204420090;12.000 %;DUT 3TH
6204430000;12.000 %;DUT 3TH
6204440090;12.000 %;DUT 3TH
6204499000;12.000 %;DUT 3TH
6204499090;12.000 %;DUT 3TH
6204510000;12.000 %;DUT 3TH
6204510019;12.000 %;DUT 3TH
6204510090;12.000 %;DUT 3TH
6204520010;12.000 %;DUT 3TH
6204520090;12.000 %;DUT 3TH
6204530010;12.000 %;DUT 3TH
6204530090;12.000 %;DUT 3TH
6204591000;12.000 %;DUT 3TH
6204591090;12.000 %;DUT 3TH
6204599000;12.000 %;DUT 3TH
6204599090;12.000 %;DUT 3TH
6204611000;12.000 %;DUT 3TH
6204618500;12.000 %;DUT 3TH
6204621100;12.000 %;DUT 3TH
6204623100;12.000 %;DUT 3TH
6204623190;12.000 %;DUT 3TH
6204623300;12.000 %;DUT 3TH
6204623390;12.000 %;DUT 3TH
6204623900;12.000 %;DUT 3TH
6204623990;12.000 %;DUT 3TH
6204625900;12.000 %;DUT 3TH
6204625990;12.000 %;DUT 3TH
6204629000;12.000 %;DUT 3TH
6204629090;12.000 %;DUT 3TH
6204631100;12.000 %;DUT 3TH
6204631890;12.000 %;DUT 3TH
6204633100;12.000 %;DUT 3TH
6204633900;12.000 %;DUT 3TH
6204633990;12.000 %;DUT 3TH
6204639090;12.000 %;DUT 3TH
6204691890;12.000 %;DUT 3TH
6204693900;12.000 %;DUT 3TH
6204695090;12.000 %;DUT 3TH
6204699000;12.000 %;DUT 3TH
6204699090;12.000 %;DUT 3TH
6205200000;12.000 %;DUT 3TH
6205200090;12.000 %;DUT 3TH
6205300000;12.000 %;DUT 3TH
6205901090;12.000 %;DUT 3TH
6205908000;12.000 %;DUT 3TH
6205908090;12.000 %;DUT 3TH
6206100000;12.000 %;DUT 3TH
6206200000;12.000 %;DUT 3TH
6206300000;12.000 %;DUT 3TH
6206300090;12.000 %;DUT 3TH
6206400000;12.000 %;DUT 3TH
6206901000;12.000 %;DUT 3TH
6206901090;12.000 %;DUT 3TH
6206909000;12.000 %;DUT 3TH
6207110000;12.000 %;DUT 3TH
6207190000;12.000 %;DUT 3TH
6207210000;12.000 %;DUT 3TH
6207220000;12.000 %;DUT 3TH
6207290000;12.000 %;DUT 3TH
6207910011;12.000 %;DUT 3TH
6207910091;12.000 %;DUT 3TH
6207910099;12.000 %;DUT 3TH
6207991000;12.000 %;DUT 3TH
6207999099;12.000 %;DUT 3TH
6208110000;12.000 %;DUT 3TH
6208190000;12.000 %;DUT 3TH
6208210000;12.000 %;DUT 3TH
6208910011;12.000 %;DUT 3TH
6208910011;12.000 %;DUT 3TH
6208910019;12.000 %;DUT 3TH
6208910090;12.000 %;DUT 3TH
6208920000;12.000 %;DUT 3TH
6208990099;12.000 %;DUT 3TH
6209200000;10.500 %;DUT 3TH
6209200090;10.500 %;DUT 3TH
6209300010;10.500 %;DUT 3TH
6209300020;10.500 %;DUT 3TH
6209300090;10.500 %;DUT 3TH
6209909090;10.500 %;DUT 3TH
6210101000;12.000 %;DUT 3TH
6210109200;12.000 %;DUT 3TH
6210109800;12.000 %;DUT 3TH
6210200000;12.000 %;DUT 3TH
6210200090;12.000 %;DUT 3TH
6210300000;12.000 %;DUT 3TH
6210400000;12.000 %;DUT 3TH
6210500000;12.000 %;DUT 3TH
6211110000;12.000 %;DUT 3TH
6211120000;12.000 %;DUT 3TH
6211200000;12.000 %;DUT 3TH
6211200010;12.000 %;DUT 3TH
6211200090;12.000 %;DUT 3TH
6211321000;12.000 %;DUT 3TH
6211323100;12.000 %;DUT 3TH
6211324100;12.000 %;DUT 3TH
6211329000;12.000 %;DUT 3TH
6211331000;12.000 %;DUT 3TH
6211333100;12.000 %;DUT 3TH
6211334100;12.000 %;DUT 3TH
6211334200;12.000 %;DUT 3TH
6211339000;12.000 %;DUT 3TH
6211390010;12.000 %;DUT 3TH
6211390090;12.000 %;DUT 3TH
6211421000;12.000 %;DUT 3TH
6211429000;12.000 %;DUT 3TH
6211431000;12.000 %;DUT 3TH
6211433100;12.000 %;DUT 3TH
6211434100;12.000 %;DUT 3TH
6211439000;12.000 %;DUT 3TH
6211490000;12.000 %;DUT 3TH
6212101000;6.500 %;DUT 3TH
6212109000;6.500 %;DUT 3TH
6212200000;6.500 %;DUT 3TH
6212900000;6.500 %;DUT 3TH
6213200090;10.000 %;DUT 3TH
6213900090;10.000 %;DUT 3TH
6214100000;8.000 %;DUT 3TH
6214100010;8.000 %;DUT 3TH
6214100090;8.000 %;DUT 3TH
6214200090;8.000 %;DUT 3TH
6214300000;8.000 %;DUT 3TH
6214300010;8.000 %;DUT 3TH
6214300090;8.000 %;DUT 3TH
6214400090;8.000 %;DUT 3TH
6214900011;8.000 %;DUT 3TH
6214900019;8.000 %;DUT 3TH
6214900099;8.000 %;DUT 3TH
6215100000;6.300 %;DUT 3TH
6215100090;6.300 %;DUT 3TH
6215200000;6.300 %;DUT 3TH
6215900090;6.300 %;DUT 3TH
6216000000;7.600 %;DUT 3TH
6217100000;6.300 %;DUT 3TH
6217100090;6.300 %;DUT 3TH
6217900000;12.000 %;DUT 3TH
6301100000;6.900 %;DUT 3TH
6301201000;12.000 %;DUT 3TH
6301209090;12.000 %;DUT 3TH
6301301000;12.000 %;DUT 3TH
6301309010;7.500 %;DUT 3TH
6301309090;7.500 %;DUT 3TH
6301401000;12.000 %;DUT 3TH
6301409010;12.000 %;DUT 3TH
6301409010;12.000 %;DUT 3TH
6301409091;12.000 %;DUT 3TH
6301409099;12.000 %;DUT 3TH
6301909000;12.000 %;DUT 3TH
6301909099;12.000 %;DUT 3TH
6302100000;12.000 %;DUT 3TH
6302210029;12.000 %;DUT 3TH
6302210089;12.000 %;DUT 3TH
6302229000;12.000 %;DUT 3TH
6302229090;12.000 %;DUT 3TH
6302299000;12.000 %;DUT 3TH
6302310000;12.000 %;DUT 3TH
6302310090;12.000 %;DUT 3TH
6302329000;12.000 %;DUT 3TH
6302329090;12.000 %;DUT 3TH
6302392000;12.000 %;DUT 3TH
6302399000;12.000 %;DUT 3TH
6302400000;12.000 %;DUT 3TH
6302510010;12.000 %;DUT 3TH
6302510090;12.000 %;DUT 3TH
6302531000;6.900 %;DUT 3TH
6302539000;12.000 %;DUT 3TH
6302591000;12.000 %;DUT 3TH
6302599000;12.000 %;DUT 3TH
6302599090;12.000 %;DUT 3TH
6302600000;12.000 %;DUT 3TH
6302600010;12.000 %;DUT 3TH
6302600090;12.000 %;DUT 3TH
6302600090;12.000 %;DUT 3TH
6302600090;12.000 %;DUT 3TH
6302910090;12.000 %;DUT 3TH
6302931000;6.900 %;DUT 3TH
6302939000;12.000 %;DUT 3TH
6302999090;12.000 %;DUT 3TH
6303120000;12.000 %;DUT 3TH
6303190000;12.000 %;DUT 3TH
6303910010;12.000 %;DUT 3TH
6303910099;12.000 %;DUT 3TH
6303921000;6.900 %;DUT 3TH
6303929000;12.000 %;DUT 3TH
6303929010;12.000 %;DUT 3TH
6303929090;12.000 %;DUT 3TH
6303999010;12.000 %;DUT 3TH
6303999090;12.000 %;DUT 3TH
6304110000;12.000 %;DUT 3TH
6304191090;12.000 %;DUT 3TH
6304193000;12.000 %;DUT 3TH
6304199099;12.000 %;DUT 3TH
6304200000;12.000 %;DUT 3TH
6304910000;12.000 %;DUT 3TH
6304920090;12.000 %;DUT 3TH
6304930000;12.000 %;DUT 3TH
6304930010;12.000 %;DUT 3TH
6304930090;12.000 %;DUT 3TH
6304990000;12.000 %;DUT 3TH
6304990010;12.000 %;DUT 3TH
6304990099;12.000 %;DUT 3TH
6305109000;4.000 %;DUT 3TH
6305200010;7.200 %;DUT 3TH
6305200090;7.200 %;DUT 3TH
6305321100;12.000 %;DUT 3TH
6305321900;7.200 %;DUT 3TH
6305329000;7.200 %;DUT 3TH
6305329010;7.200 %;DUT 3TH
6305329091;7.200 %;DUT 3TH
6305329099;7.200 %;DUT 3TH
6305331000;12.000 %;DUT 3TH
6305339000;7.200 %;DUT 3TH
6305390099;7.200 %;DUT 3TH
6305900020;6.200 %;DUT 3TH
6305900099;6.200 %;DUT 3TH
6306120000;12.000 %;DUT 3TH
6306190000;12.000 %;DUT 3TH
6306220000;12.000 %;DUT 3TH
6306290000;12.000 %;DUT 3TH
6306400000;12.000 %;DUT 3TH
6306900011;12.000 %;DUT 3TH
6306900019;12.000 %;DUT 3TH
6306900090;12.000 %;DUT 3TH
6307101000;12.000 %;DUT 3TH
6307103000;6.900 %;DUT 3TH
6307109090;7.700 %;DUT 3TH
6307109090;7.700 %;DUT 3TH
6307109090;7.700 %;DUT 3TH
6307200000;6.300 %;DUT 3TH
6307901000;12.000 %;DUT 3TH
6307909100;6.300 %;DUT 3TH
6307909200;6.300 %;DUT 3TH
6307909300;6.300 %;DUT 3TH
6307909311;6.300 %;DUT 3TH
6307909390;6.300 %;DUT 3TH
6307909500;6.300 %;DUT 3TH
6307909800;6.300 %;DUT 3TH
6307909810;6.300 %;DUT 3TH
6307909811;6.300 %;DUT 3TH
6307909815;6.300 %;DUT 3TH
6307909817;6.300 %;DUT 3TH
6307909820;6.300 %;DUT 3TH
6307909891;6.300 %;DUT 3TH
6307909899;6.300 %;DUT 3TH
6307909899;6.300 %;DUT 3TH
6307909899;6.300 %;DUT 3TH
6308000020;12.000 %;DUT 3TH
6308000090;12.000 %;DUT 3TH
6309000000;5.300 %;DUT 3TH
6310100000;0.000 %;DUT 3TH
6310900000;0.000 %;DUT 3TH
6401100000;17.000 %;DUT 3TH
6401921000;17.000 %;DUT 3TH
6401929000;17.000 %;DUT 3TH
6401990090;17.000 %;DUT 3TH
6402121000;17.000 %;DUT 3TH
6402190000;16.900 %;DUT 3TH
6402200000;17.000 %;DUT 3TH
6402919000;16.900 %;DUT 3TH
6402990500;17.000 %;DUT 3TH
6402991000;16.800 %;DUT 3TH
6402993100;16.800 %;DUT 3TH
6402993900;16.800 %;DUT 3TH
6402995000;16.800 %;DUT 3TH
6402999100;16.800 %;DUT 3TH
6402999300;16.800 %;DUT 3TH
6402999600;16.800 %;DUT 3TH
6402999800;16.800 %;DUT 3TH
6403120000;8.000 %;DUT 3TH
6403190000;8.000 %;DUT 3TH
6403400000;8.000 %;DUT 3TH
6403511500;8.000 %;DUT 3TH
6403511900;8.000 %;DUT 3TH
6403519500;8.000 %;DUT 3TH
6403590500;8.000 %;DUT 3TH
6403590510;8.000 %;DUT 3TH
6403591100;5.000 %;DUT 3TH
6403593100;8.000 %;DUT 3TH
6403593500;8.000 %;DUT 3TH
6403593900;8.000 %;DUT 3TH
6403595000;8.000 %;DUT 3TH
6403599100;8.000 %;DUT 3TH
6403599100;8.000 %;DUT 3TH
6403599500;8.000 %;DUT 3TH
6403599900;8.000 %;DUT 3TH
6403911100;8.000 %;DUT 3TH
6403911190;8.000 %;DUT 3TH
6403911390;8.000 %;DUT 3TH
6403911600;8.000 %;DUT 3TH
6403911690;8.000 %;DUT 3TH
6403911800;8.000 %;DUT 3TH
6403911810;8.000 %;DUT 3TH
6403911890;8.000 %;DUT 3TH
6403919100;8.000 %;DUT 3TH
6403919600;8.000 %;DUT 3TH
6403919800;5.000 %;DUT 3TH
6403990590;8.000 %;DUT 3TH
6403991100;8.000 %;DUT 3TH
6403993100;8.000 %;DUT 3TH
6403993300;8.000 %;DUT 3TH
6403993600;8.000 %;DUT 3TH
6403993600;8.000 %;DUT 3TH
6403993800;5.000 %;DUT 3TH
6403995000;8.000 %;DUT 3TH
6403999100;8.000 %;DUT 3TH
6403999110;8.000 %;DUT 3TH
6403999190;8.000 %;DUT 3TH
6403999300;8.000 %;DUT 3TH
6403999390;8.000 %;DUT 3TH
6403999600;8.000 %;DUT 3TH
6403999690;8.000 %;DUT 3TH
6403999800;7.000 %;DUT 3TH
6403999810;7.000 %;DUT 3TH
6403999890;7.000 %;DUT 3TH
6404110000;16.900 %;DUT 3TH
6404191000;16.900 %;DUT 3TH
6404199000;16.900 %;DUT 3TH
6404201000;17.000 %;DUT 3TH
6404209000;17.000 %;DUT 3TH
6405100000;3.500 %;DUT 3TH
6405209100;4.000 %;DUT 3TH
6405209900;4.000 %;DUT 3TH
6405901000;17.000 %;DUT 3TH
6405909000;4.000 %;DUT 3TH
6406101000;3.000 %;DUT 3TH
6406101090;3.000 %;DUT 3TH
6406109000;3.000 %;DUT 3TH
6406109010;3.000 %;DUT 3TH
6406109090;3.000 %;DUT 3TH
6406209000;3.000 %;DUT 3TH
6406903000;3.000 %;DUT 3TH
6406903090;3.000 %;DUT 3TH
6406905000;3.000 %;DUT 3TH
6406905090;3.000 %;DUT 3TH
6406909010;3.000 %;DUT 3TH
6406909090;3.000 %;DUT 3TH
6501000000;2.700 %;DUT 3TH
6502000000;0.000 %;DUT 3TH
6504000000;0.000 %;DUT 3TH
6505001000;5.700 %;DUT 3TH
6505003000;2.700 %;DUT 3TH
6505009000;2.700 %;DUT 3TH
6505009090;2.700 %;DUT 3TH
6505009090;2.700 %;DUT 3TH
6506101000;2.700 %;DUT 3TH
6506108000;2.700 %;DUT 3TH
6506910000;2.700 %;DUT 3TH
6506999000;2.700 %;DUT 3TH
6507000000;2.700 %;DUT 3TH
6601100000;4.700 %;DUT 3TH
6601910000;4.700 %;DUT 3TH
6601992000;4.700 %;DUT 3TH
6601992000;4.700 %;DUT 3TH
6601999000;4.700 %;DUT 3TH
6602000000;2.700 %;DUT 3TH
6602000090;2.700 %;DUT 3TH
6603200000;5.200 %;DUT 3TH
6603901000;2.700 %;DUT 3TH
6603909000;5.000 %;DUT 3TH
6603909000;5.000 %;DUT 3TH
6701000000;2.700 %;DUT 3TH
6702100000;4.700 %;DUT 3TH
6702900000;4.700 %;DUT 3TH
6704110000;2.200 %;DUT 3TH
6704190000;2.200 %;DUT 3TH
6704200000;2.200 %;DUT 3TH
6704900000;2.200 %;DUT 3TH
6801000000;0.000 %;DUT 3TH
6801000000;0.000 %;DUT 3TH
6802100000;0.000 %;DUT 3TH
6802210000;1.700 %;DUT 3TH
6802210000;1.700 %;DUT 3TH
6802230000;1.700 %;DUT 3TH
6802230000;1.700 %;DUT 3TH
6802230000;1.700 %;DUT 3TH
6802290000;1.700 %;DUT 3TH
6802290000;1.700 %;DUT 3TH
6802910000;1.700 %;DUT 3TH
6802910010;1.700 %;DUT 3TH
6802910090;1.700 %;DUT 3TH
6802910090;1.700 %;DUT 3TH
6802920010;1.700 %;DUT 3TH
6802920090;1.700 %;DUT 3TH
6802920090;1.700 %;DUT 3TH
6802931000;0.000 %;DUT 3TH
6802939000;1.700 %;DUT 3TH
6802939010;1.700 %;DUT 3TH
6802939090;1.700 %;DUT 3TH
6802939090;1.700 %;DUT 3TH
6802991000;0.000 %;DUT 3TH
6802991000;0.000 %;DUT 3TH
6802991000;0.000 %;DUT 3TH
6802999000;1.700 %;DUT 3TH
6802999010;1.700 %;DUT 3TH
6802999090;1.700 %;DUT 3TH
6802999090;1.700 %;DUT 3TH
6802999090;1.700 %;DUT 3TH
6803001000;1.700 %;DUT 3TH
6803009000;1.700 %;DUT 3TH
6803009000;1.700 %;DUT 3TH
6803009000;1.700 %;DUT 3TH
6804100000;0.000 %;DUT 3TH
6804210020;1.700 %;DUT 3TH
6804210090;1.700 %;DUT 3TH
6804210090;1.700 %;DUT 3TH
6804221800;0.000 %;DUT 3TH
6804229000;0.000 %;DUT 3TH
6804230000;0.000 %;DUT 3TH
6804300000;0.000 %;DUT 3TH
6805100000;1.700 %;DUT 3TH
6805200000;1.700 %;DUT 3TH
6805200000;1.700 %;DUT 3TH
6805300000;1.700 %;DUT 3TH
6805300090;1.700 %;DUT 3TH
6806100000;0.000 %;DUT 3TH
6806201000;0.000 %;DUT 3TH
6806201000;0.000 %;DUT 3TH
6806209000;0.000 %;DUT 3TH
6806900000;0.000 %;DUT 3TH
6807100000;0.000 %;DUT 3TH
6807900000;0.000 %;DUT 3TH
6808000000;1.700 %;DUT 3TH
6809110000;1.700 %;DUT 3TH
6809190000;1.700 %;DUT 3TH
6809900000;1.700 %;DUT 3TH
6810111000;1.700 %;DUT 3TH
6810119000;1.700 %;DUT 3TH
6810119000;1.700 %;DUT 3TH
6810190000;1.700 %;DUT 3TH
6810910000;1.700 %;DUT 3TH
6810990000;1.700 %;DUT 3TH
6810990000;1.700 %;DUT 3TH
6811820000;1.700 %;DUT 3TH
6811890000;1.700 %;DUT 3TH
6812910000;3.700 %;DUT 3TH
6812930000;3.700 %;DUT 3TH
6813810010;0.000 %;DUT 3TH
6813810090;2.700 %;DUT 3TH
6813810090;2.700 %;DUT 3TH
6813890005;0.000 %;DUT 3TH
6813890090;2.700 %;DUT 3TH
6814100090;1.700 %;DUT 3TH
6815101000;0.000 %;DUT 3TH
6815109000;0.000 %;DUT 3TH
6815110000;0.000 %;DUT 3TH
6815130000;0.000 %;DUT 3TH
6815190000;0.000 %;DUT 3TH
6815200000;0.000 %;DUT 3TH
6815910000;0.000 %;DUT 3TH
6815990000;0.000 %;DUT 3TH
6815990000;0.000 %;DUT 3TH
6901000000;2.000 %;DUT 3TH
6902100000;2.000 %;DUT 3TH
6902201000;2.000 %;DUT 3TH
6902209100;2.000 %;DUT 3TH
6902209900;2.000 %;DUT 3TH
6902900000;2.000 %;DUT 3TH
6902900090;2.000 %;DUT 3TH
6903100000;5.000 %;DUT 3TH
6903201000;5.000 %;DUT 3TH
6903209000;5.000 %;DUT 3TH
6903909090;5.000 %;DUT 3TH
6904100000;2.000 %;DUT 3TH
6904900000;2.000 %;DUT 3TH
6905100000;0.000 %;DUT 3TH
6906000000;0.000 %;DUT 3TH
6907210000;5.000 %;DUT 3TH
6907220000;5.000 %;DUT 3TH
6907220000;5.000 %;DUT 3TH
6907230000;5.000 %;DUT 3TH
6907300000;5.000 %;DUT 3TH
6907400000;5.000 %;DUT 3TH
6908909900;5.000 %;DUT 3TH
6908909900;5.000 %;DUT 3TH
6909110000;5.000 %;DUT 3TH
6909120000;5.000 %;DUT 3TH
6909190000;5.000 %;DUT 3TH
6909900000;5.000 %;DUT 3TH
6910100000;7.000 %;DUT 3TH
6910900000;7.000 %;DUT 3TH
6911100000;12.000 %;DUT 3TH
6911100010;12.000 %;DUT 3TH
6911100090;12.000 %;DUT 3TH
6911100090;12.000 %;DUT 3TH
6911900000;12.000 %;DUT 3TH
6912002111;5.000 %;DUT 3TH
6912002119;5.000 %;DUT 3TH
6912002191;5.000 %;DUT 3TH
6912002191;5.000 %;DUT 3TH
6912002199;5.000 %;DUT 3TH
6912002300;5.500 %;DUT 3TH
6912002310;5.500 %;DUT 3TH
6912002390;5.500 %;DUT 3TH
6912002500;9.000 %;DUT 3TH
6912002510;9.000 %;DUT 3TH
6912002590;9.000 %;DUT 3TH
6912002900;7.000 %;DUT 3TH
6912002910;7.000 %;DUT 3TH
6912002990;7.000 %;DUT 3TH
6912008110;5.000 %;DUT 3TH
6912008190;5.000 %;DUT 3TH
6912008300;5.500 %;DUT 3TH
6912008500;9.000 %;DUT 3TH
6912008900;7.000 %;DUT 3TH
6912008900;7.000 %;DUT 3TH
6912008900;7.000 %;DUT 3TH
6913100010;6.000 %;DUT 3TH
6913100090;6.000 %;DUT 3TH
6913901010;3.500 %;DUT 3TH
6913901090;3.500 %;DUT 3TH
6913909300;6.000 %;DUT 3TH
6913909310;6.000 %;DUT 3TH
6913909390;6.000 %;DUT 3TH
6913909800;6.000 %;DUT 3TH
6913909890;6.000 %;DUT 3TH
6914100000;5.000 %;DUT 3TH
6914900000;3.000 %;DUT 3TH
6914900010;3.000 %;DUT 3TH
6914900090;3.000 %;DUT 3TH
6914900090;3.000 %;DUT 3TH
7001001000;0.000 %;DUT 3TH
7001009100;3.000 %;DUT 3TH
7001009900;0.000 %;DUT 3TH
7002100000;3.000 %;DUT 3TH
7002201000;3.000 %;DUT 3TH
7002310000;3.000 %;DUT 3TH
7003129900;3.800 % MIN 0.600 EUR DTN G;DUT 3TH
7003199000;3.800 % MIN 0.600 EUR DTN G;DUT 3TH
7003200000;3.800 % MIN 0.400 EUR DTN G;DUT 3TH
7003300000;3.000 %;DUT 3TH
7004908000;4.400 % MIN 0.400 EUR DTN G;DUT 3TH
7004908090;4.400 % MIN 0.400 EUR DTN G;DUT 3TH
7005103000;2.000 %;DUT 3TH
7005212500;2.000 %;DUT 3TH
7005213000;2.000 %;DUT 3TH
7005218000;2.000 %;DUT 3TH
7005292500;2.000 %;DUT 3TH
7005298000;2.000 %;DUT 3TH
7005300000;2.000 %;DUT 3TH
7006009000;3.000 %;DUT 3TH
7006009090;3.000 %;DUT 3TH
7007111000;3.000 %;DUT 3TH
7007111010;3.000 %;DUT 3TH
7007111090;3.000 %;DUT 3TH
7007119000;3.000 %;DUT 3TH
7007119000;3.000 %;DUT 3TH
7007191000;3.000 %;DUT 3TH
7007192000;3.000 %;DUT 3TH
7007198095;3.000 %;DUT 3TH
7007212000;3.000 %;DUT 3TH
7007218090;3.000 %;DUT 3TH
7007218090;3.000 %;DUT 3TH
7007290000;3.000 %;DUT 3TH
7007290090;3.000 %;DUT 3TH
7008002000;3.000 %;DUT 3TH
7008008100;3.000 %;DUT 3TH
7008008900;3.000 %;DUT 3TH
7009100000;4.000 %;DUT 3TH
7009100030;4.000 %;DUT 3TH
7009100050;4.000 %;DUT 3TH
7009100090;4.000 %;DUT 3TH
7009910000;4.000 %;DUT 3TH
7009910010;4.000 %;DUT 3TH
7009910090;4.000 %;DUT 3TH
7009910090;4.000 %;DUT 3TH
7009910090;4.000 %;DUT 3TH
7009920000;4.000 %;DUT 3TH
7009920000;4.000 %;DUT 3TH
7010100000;3.000 %;DUT 3TH
7010200000;5.000 %;DUT 3TH
7010901000;5.000 %;DUT 3TH
7010902100;5.000 %;DUT 3TH
7010903100;5.000 %;DUT 3TH
7010904100;5.000 %;DUT 3TH
7010904300;5.000 %;DUT 3TH
7010904500;5.000 %;DUT 3TH
7010904700;5.000 %;DUT 3TH
7010905100;5.000 %;DUT 3TH
7010905300;5.000 %;DUT 3TH
7010905500;5.000 %;DUT 3TH
7010905700;5.000 %;DUT 3TH
7010906100;5.000 %;DUT 3TH
7010906700;5.000 %;DUT 3TH
7010907900;5.000 %;DUT 3TH
7010909100;5.000 %;DUT 3TH
7010909900;5.000 %;DUT 3TH
7010909900;5.000 %;DUT 3TH
7011100000;4.000 %;DUT 3TH
7011900000;4.000 %;DUT 3TH
7013100000;11.000 %;DUT 3TH
7013229000;11.000 %;DUT 3TH
7013289000;11.000 %;DUT 3TH
7013331100;11.000 %;DUT 3TH
7013339100;11.000 %;DUT 3TH
7013371000;11.000 %;DUT 3TH
7013375100;11.000 %;DUT 3TH
7013379100;11.000 %;DUT 3TH
7013379900;11.000 %;DUT 3TH
7013411000;11.000 %;DUT 3TH
7013419000;11.000 %;DUT 3TH
7013420000;11.000 %;DUT 3TH
7013491000;11.000 %;DUT 3TH
7013499100;11.000 %;DUT 3TH
7013499900;11.000 %;DUT 3TH
7013499900;11.000 %;DUT 3TH
7013911000;11.000 %;DUT 3TH
7013919000;11.000 %;DUT 3TH
7013990000;11.000 %;DUT 3TH
7013990010;11.000 %;DUT 3TH
7013990090;11.000 %;DUT 3TH
7014000010;3.000 %;DUT 3TH
7014000090;3.000 %;DUT 3TH
7016100000;8.000 %;DUT 3TH
7016904000;3.000 % MIN 1.200 EUR DTN G;DUT 3TH
7016907000;3.000 % MIN 1.200 EUR DTN G;DUT 3TH
7017200000;3.000 %;DUT 3TH
7017900000;3.000 %;DUT 3TH
7018101990;7.000 %;DUT 3TH
7018103000;0.000 %;DUT 3TH
7018105100;0.000 %;DUT 3TH
7018109000;3.000 %;DUT 3TH
7018909000;6.000 %;DUT 3TH
7019110000;7.000 %;DUT 3TH
7019120019;7.000 %;DUT 3TH
7019130000;7.000 %;DUT 3TH
7019150000;7.000 %;DUT 3TH
7019190000;7.000 %;DUT 3TH
7019190010;7.000 %;DUT 3TH
7019190030;7.000 %;DUT 3TH
7019190085;7.000 %;DUT 3TH
7019190090;7.000 %;DUT 3TH
7019191000;7.000 %;DUT 3TH
7019191090;7.000 %;DUT 3TH
7019199000;7.000 %;DUT 3TH
7019310090;7.000 %;DUT 3TH
7019320090;5.000 %;DUT 3TH
7019390050;5.000 %;DUT 3TH
7019390080;5.000 %;DUT 3TH
7019390085;5.000 %;DUT 3TH
7019390090;5.000 %;DUT 3TH
7019400050;7.000 %;DUT 3TH
7019510090;7.000 %;DUT 3TH
7019520010;7.000 %;DUT 3TH
7019520010;7.000 %;DUT 3TH
7019590011;7.000 %;DUT 3TH
7019590019;7.000 %;DUT 3TH
7019590085;7.000 %;DUT 3TH
7019590090;7.000 %;DUT 3TH
7019620000;5.000 %;DUT 3TH
7019630000;7.000 %;DUT 3TH
7019640000;7.000 %;DUT 3TH
7019640085;7.000 %;DUT 3TH
7019650000;7.000 %;DUT 3TH
7019650085;7.000 %;DUT 3TH
7019660085;7.000 %;DUT 3TH
7019699000;7.000 %;DUT 3TH
7019801020;5.000 %;DUT 3TH
7019809000;7.000 %;DUT 3TH
7019900000;7.000 %;DUT 3TH
7019900030;7.000 %;DUT 3TH
7019900050;7.000 %;DUT 3TH
7019900085;7.000 %;DUT 3TH
7019900090;7.000 %;DUT 3TH
7019900090;7.000 %;DUT 3TH
7020000800;6.000 %;DUT 3TH
7020001090;3.000 %;DUT 3TH
7020003000;3.000 %;DUT 3TH
7020008000;3.000 %;DUT 3TH
7101100000;0.000 %;DUT 3TH
7101220000;0.000 %;DUT 3TH
7102100000;0.000 %;DUT 3TH
7102290000;0.000 %;DUT 3TH
7102390000;0.000 %;DUT 3TH
7103100000;0.000 %;DUT 3TH
7103990000;0.000 %;DUT 3TH
7104100000;0.000 %;DUT 3TH
7104209000;0.000 %;DUT 3TH
7104900000;0.000 %;DUT 3TH
7104990000;0.000 %;DUT 3TH
7106910000;0.000 %;DUT 3TH
7106920000;0.000 %;DUT 3TH
7108120000;0.000 %;DUT 3TH
7108131000;0.000 %;DUT 3TH
7108138000;0.000 %;DUT 3TH
7108200000;0.000 %;DUT 3TH
7109000000;0.000 %;DUT 3TH
7110110000;0.000 %;DUT 3TH
7110191000;0.000 %;DUT 3TH
7110210000;0.000 %;DUT 3TH
7110310000;0.000 %;DUT 3TH
7110390000;0.000 %;DUT 3TH
7110410000;0.000 %;DUT 3TH
7112910000;0.000 %;DUT 3TH
7112920000;0.000 %;DUT 3TH
7112990000;0.000 %;DUT 3TH
7112990000;0.000 %;DUT 3TH
7112990000;0.000 %;DUT 3TH
7112990000;0.000 %;DUT 3TH
7113110000;2.500 %;DUT 3TH
7113190000;2.500 %;DUT 3TH
7113200000;4.000 %;DUT 3TH
7114110000;2.000 %;DUT 3TH
7114200000;2.000 %;DUT 3TH
7115100000;0.000 %;DUT 3TH
7116100000;0.000 %;DUT 3TH
7116201100;0.000 %;DUT 3TH
7116208000;2.500 %;DUT 3TH
7117110000;4.000 %;DUT 3TH
7117190090;4.000 %;DUT 3TH
7117900000;4.000 %;DUT 3TH
7118100000;0.000 %;DUT 3TH
7118900000;0.000 %;DUT 3TH
7202210000;5.700 %;DUT 3TH
7202500000;2.700 %;DUT 3TH
7202920000;2.700 %;DUT 3TH
7203100000;0.000 %;DUT 3TH
7204100000;0.000 %;DUT 3TH
7204211010;0.000 %;DUT 3TH
7204211090;0.000 %;DUT 3TH
7204219090;0.000 %;DUT 3TH
7204290010;0.000 %;DUT 3TH
7204290090;0.000 %;DUT 3TH
7204300090;0.000 %;DUT 3TH
7204411090;0.000 %;DUT 3TH
7204419990;0.000 %;DUT 3TH
7204491090;0.000 %;DUT 3TH
7204499000;0.000 %;DUT 3TH
7204499010;0.000 %;DUT 3TH
7204499090;0.000 %;DUT 3TH
7205100000;0.000 %;DUT 3TH
7205210000;0.000 %;DUT 3TH
7205290000;0.000 %;DUT 3TH
7206100000;0.000 %;DUT 3TH
7207191200;0.000 %;DUT 3TH
7207198000;0.000 %;DUT 3TH
7207203200;0.000 %;DUT 3TH
7207205200;0.000 %;DUT 3TH
7207208000;0.000 %;DUT 3TH
7207208000;0.000 %;DUT 3TH
7207208090;0.000 %;DUT 3TH
7208100000;0.000 %;DUT 3TH
7208250000;0.000 %;DUT 3TH
7208260000;0.000 %;DUT 3TH
7208270000;0.000 %;DUT 3TH
7208360000;0.000 %;DUT 3TH
7208370010;0.000 %;DUT 3TH
7208370090;0.000 %;DUT 3TH
7208380090;0.000 %;DUT 3TH
7208390090;0.000 %;DUT 3TH
7208512010;0.000 %;DUT 3TH
7208519100;0.000 %;DUT 3TH
7208539000;0.000 %;DUT 3TH
7208902000;0.000 %;DUT 3TH
7208908000;0.000 %;DUT 3TH
7208908090;0.000 %;DUT 3TH
7209150090;0.000 %;DUT 3TH
7209169000;0.000 %;DUT 3TH
7209179000;0.000 %;DUT 3TH
7209250000;0.000 %;DUT 3TH
7209279000;0.000 %;DUT 3TH
7209902000;0.000 %;DUT 3TH
7210128000;0.000 %;DUT 3TH
7210128090;0.000 %;DUT 3TH
7210200000;0.000 %;DUT 3TH
7210300010;0.000 %;DUT 3TH
7210300090;0.000 %;DUT 3TH
7210490020;0.000 %;DUT 3TH
7210490030;0.000 %;DUT 3TH
7210490080;0.000 %;DUT 3TH
7210500000;0.000 %;DUT 3TH
7210500090;0.000 %;DUT 3TH
7210701091;0.000 %;DUT 3TH
7210708000;0.000 %;DUT 3TH
7210708011;0.000 %;DUT 3TH
7210708019;0.000 %;DUT 3TH
7210708019;0.000 %;DUT 3TH
7210708095;0.000 %;DUT 3TH
7210708099;0.000 %;DUT 3TH
7210908092;0.000 %;DUT 3TH
7210908099;0.000 %;DUT 3TH
7211130000;0.000 %;DUT 3TH
7211190090;0.000 %;DUT 3TH
7211233091;0.000 %;DUT 3TH
7211233099;0.000 %;DUT 3TH
7211238000;0.000 %;DUT 3TH
7211290000;0.000 %;DUT 3TH
7211902000;0.000 %;DUT 3TH
7211908090;0.000 %;DUT 3TH
7212109090;0.000 %;DUT 3TH
7212200090;0.000 %;DUT 3TH
7212300000;0.000 %;DUT 3TH
7212300080;0.000 %;DUT 3TH
7212408000;0.000 %;DUT 3TH
7212408001;0.000 %;DUT 3TH
7212408091;0.000 %;DUT 3TH
7212408099;0.000 %;DUT 3TH
7212509090;0.000 %;DUT 3TH
7212600000;0.000 %;DUT 3TH
7213200000;0.000 %;DUT 3TH
7213912000;0.000 %;DUT 3TH
7214200080;0.000 %;DUT 3TH
7214911090;0.000 %;DUT 3TH
7214993100;0.000 %;DUT 3TH
7214993900;0.000 %;DUT 3TH
7214995000;0.000 %;DUT 3TH
7214997100;0.000 %;DUT 3TH
7215501900;0.000 %;DUT 3TH
7215508000;0.000 %;DUT 3TH
7215900010;0.000 %;DUT 3TH
7215900090;0.000 %;DUT 3TH
7216100000;0.000 %;DUT 3TH
7216210000;0.000 %;DUT 3TH
7216220000;0.000 %;DUT 3TH
7216311000;0.000 %;DUT 3TH
7216319000;0.000 %;DUT 3TH
7216321100;0.000 %;DUT 3TH
7216321900;0.000 %;DUT 3TH
7216329900;0.000 %;DUT 3TH
7216331000;0.000 %;DUT 3TH
7216339000;0.000 %;DUT 3TH
7216401000;0.000 %;DUT 3TH
7216501000;0.000 %;DUT 3TH
7216509100;0.000 %;DUT 3TH
7216509900;0.000 %;DUT 3TH
7216619000;0.000 %;DUT 3TH
7216911000;0.000 %;DUT 3TH
7216918000;0.000 %;DUT 3TH
7216990090;0.000 %;DUT 3TH
7217109090;0.000 %;DUT 3TH
7217201000;0.000 %;DUT 3TH
7217203000;0.000 %;DUT 3TH
7217205000;0.000 %;DUT 3TH
7217209090;0.000 %;DUT 3TH
7217304900;0.000 %;DUT 3TH
7217902000;0.000 %;DUT 3TH
7217905000;0.000 %;DUT 3TH
7217909000;0.000 %;DUT 3TH
7218100000;0.000 %;DUT 3TH
7218991900;0.000 %;DUT 3TH
7218992000;0.000 %;DUT 3TH
7218998000;0.000 %;DUT 3TH
7219121090;0.000 %;DUT 3TH
7219131090;0.000 %;DUT 3TH
7219211000;0.000 %;DUT 3TH
7219219000;0.000 %;DUT 3TH
7219221000;0.000 %;DUT 3TH
7219221090;0.000 %;DUT 3TH
7219230000;0.000 %;DUT 3TH
7219230090;0.000 %;DUT 3TH
7219310000;0.000 %;DUT 3TH
7219310090;0.000 %;DUT 3TH
7219321000;0.000 %;DUT 3TH
7219321010;0.000 %;DUT 3TH
7219321090;0.000 %;DUT 3TH
7219329000;0.000 %;DUT 3TH
7219331000;0.000 %;DUT 3TH
7219331010;0.000 %;DUT 3TH
7219331090;0.000 %;DUT 3TH
7219339000;0.000 %;DUT 3TH
7219341000;0.000 %;DUT 3TH
7219341010;0.000 %;DUT 3TH
7219341090;0.000 %;DUT 3TH
7219349000;0.000 %;DUT 3TH
7219351010;0.000 %;DUT 3TH
7219359000;0.000 %;DUT 3TH
7219902000;0.000 %;DUT 3TH
7219908000;0.000 %;DUT 3TH
7219908000;0.000 %;DUT 3TH
7219908010;0.000 %;DUT 3TH
7220120000;0.000 %;DUT 3TH
7220202100;0.000 %;DUT 3TH
7220202900;0.000 %;DUT 3TH
7220204100;0.000 %;DUT 3TH
7220204190;0.000 %;DUT 3TH
7220204900;0.000 %;DUT 3TH
7220208100;0.000 %;DUT 3TH
7220208900;0.000 %;DUT 3TH
7220902000;0.000 %;DUT 3TH
7220908000;0.000 %;DUT 3TH
7220908000;0.000 %;DUT 3TH
7220908000;0.000 %;DUT 3TH
7220908090;0.000 %;DUT 3TH
7222111100;0.000 %;DUT 3TH
7222111900;0.000 %;DUT 3TH
7222118100;0.000 %;DUT 3TH
7222118900;0.000 %;DUT 3TH
7222191000;0.000 %;DUT 3TH
7222199000;0.000 %;DUT 3TH
7222201100;0.000 %;DUT 3TH
7222201900;0.000 %;DUT 3TH
7222202100;0.000 %;DUT 3TH
7222202900;0.000 %;DUT 3TH
7222203100;0.000 %;DUT 3TH
7222208100;0.000 %;DUT 3TH
7222208900;0.000 %;DUT 3TH
7222305100;0.000 %;DUT 3TH
7222309100;0.000 %;DUT 3TH
7222309790;0.000 %;DUT 3TH
7222401000;0.000 %;DUT 3TH
7222405000;0.000 %;DUT 3TH
7222409000;0.000 %;DUT 3TH
7222409010;0.000 %;DUT 3TH
7222409090;0.000 %;DUT 3TH
7223001100;0.000 %;DUT 3TH
7223001900;0.000 %;DUT 3TH
7223009100;0.000 %;DUT 3TH
7223009900;0.000 %;DUT 3TH
7224109000;0.000 %;DUT 3TH
7224900200;0.000 %;DUT 3TH
7224900299;0.000 %;DUT 3TH
7224903800;0.000 %;DUT 3TH
7224909000;0.000 %;DUT 3TH
7225110011;0.000 %;DUT 3TH
7225309000;0.000 %;DUT 3TH
7225401200;0.000 %;DUT 3TH
7225404000;0.000 %;DUT 3TH
7225406000;0.000 %;DUT 3TH
7225409000;0.000 %;DUT 3TH
7225508000;0.000 %;DUT 3TH
7225910000;0.000 %;DUT 3TH
7225920080;0.000 %;DUT 3TH
7226919100;0.000 %;DUT 3TH
7226919900;0.000 %;DUT 3TH
7226991000;0.000 %;DUT 3TH
7226993000;0.000 %;DUT 3TH
7226997096;0.000 %;DUT 3TH
7228105000;0.000 %;DUT 3TH
7228109000;0.000 %;DUT 3TH
7228201000;0.000 %;DUT 3TH
7228209100;0.000 %;DUT 3TH
7228304900;0.000 %;DUT 3TH
7228306190;0.000 %;DUT 3TH
7228306990;0.000 %;DUT 3TH
7228308900;0.000 %;DUT 3TH
7228401000;0.000 %;DUT 3TH
7228409000;0.000 %;DUT 3TH
7228504000;0.000 %;DUT 3TH
7228608090;0.000 %;DUT 3TH
7229200000;0.000 %;DUT 3TH
7229909000;0.000 %;DUT 3TH
7301200000;0.000 %;DUT 3TH
7302102200;0.000 %;DUT 3TH
7302105000;0.000 %;DUT 3TH
7302109000;0.000 %;DUT 3TH
7302900000;0.000 %;DUT 3TH
7303001090;3.200 %;DUT 3TH
7303009090;3.200 %;DUT 3TH
7304110010;0.000 %;DUT 3TH
7304110090;0.000 %;DUT 3TH
7304191020;0.000 %;DUT 3TH
7304191080;0.000 %;DUT 3TH
7304193020;0.000 %;DUT 3TH
7304193080;0.000 %;DUT 3TH
7304199000;0.000 %;DUT 3TH
7304230080;0.000 %;DUT 3TH
7304291020;0.000 %;DUT 3TH
7304291080;0.000 %;DUT 3TH
7304293000;0.000 %;DUT 3TH
7304293020;0.000 %;DUT 3TH
7304299000;0.000 %;DUT 3TH
7304299010;0.000 %;DUT 3TH
7304312000;0.000 %;DUT 3TH
7304312095;0.000 %;DUT 3TH
7304318030;0.000 %;DUT 3TH
7304318099;0.000 %;DUT 3TH
7304318099;0.000 %;DUT 3TH
7304318099;0.000 %;DUT 3TH
7304395000;0.000 %;DUT 3TH
7304395099;0.000 %;DUT 3TH
7304398200;0.000 %;DUT 3TH
7304398299;0.000 %;DUT 3TH
7304398300;0.000 %;DUT 3TH
7304398380;0.000 %;DUT 3TH
7304398800;0.000 %;DUT 3TH
7304399230;0.000 %;DUT 3TH
7304399299;0.000 %;DUT 3TH
7304399380;0.000 %;DUT 3TH
7304399800;0.000 %;DUT 3TH
7304410090;0.000 %;DUT 3TH
7304410099;0.000 %;DUT 3TH
7304498300;0.000 %;DUT 3TH
7304498390;0.000 %;DUT 3TH
7304498500;0.000 %;DUT 3TH
7304498900;0.000 %;DUT 3TH
7304498990;0.000 %;DUT 3TH
7304499390;0.000 %;DUT 3TH
7304499990;0.000 %;DUT 3TH
7304511000;0.000 %;DUT 3TH
7304518120;0.000 %;DUT 3TH
7304518900;0.000 %;DUT 3TH
7304598200;0.000 %;DUT 3TH
7304598299;0.000 %;DUT 3TH
7304598300;0.000 %;DUT 3TH
7304598380;0.000 %;DUT 3TH
7304598900;0.000 %;DUT 3TH
7304599900;0.000 %;DUT 3TH
7304900091;0.000 %;DUT 3TH
7304900099;0.000 %;DUT 3TH
7305110000;0.000 %;DUT 3TH
7305120000;0.000 %;DUT 3TH
7305310000;0.000 %;DUT 3TH
7305390000;0.000 %;DUT 3TH
7305900000;0.000 %;DUT 3TH
7306110000;0.000 %;DUT 3TH
7306111000;0.000 %;DUT 3TH
7306119000;0.000 %;DUT 3TH
7306190000;0.000 %;DUT 3TH
7306191000;0.000 %;DUT 3TH
7306199000;0.000 %;DUT 3TH
7306301100;0.000 %;DUT 3TH
7306301100;0.000 %;DUT 3TH
7306301200;0.000 %;DUT 3TH
7306301800;0.000 %;DUT 3TH
7306301900;0.000 %;DUT 3TH
7306301900;0.000 %;DUT 3TH
7306301990;0.000 %;DUT 3TH
7306304120;0.000 %;DUT 3TH
7306307280;0.000 %;DUT 3TH
7306307290;0.000 %;DUT 3TH
7306307780;0.000 %;DUT 3TH
7306307790;0.000 %;DUT 3TH
7306308000;0.000 %;DUT 3TH
7306308090;0.000 %;DUT 3TH
7306308090;0.000 %;DUT 3TH
7306402000;0.000 %;DUT 3TH
7306408000;0.000 %;DUT 3TH
7306611000;0.000 %;DUT 3TH
7306619200;0.000 %;DUT 3TH
7306619900;0.000 %;DUT 3TH
7306699000;0.000 %;DUT 3TH
7306900000;0.000 %;DUT 3TH
7306900000;0.000 %;DUT 3TH
7307111000;3.700 %;DUT 3TH
7307119000;3.700 %;DUT 3TH
7307191000;3.700 %;DUT 3TH
7307191010;3.700 %;DUT 3TH
7307191020;3.700 %;DUT 3TH
7307191030;3.700 %;DUT 3TH
7307191040;3.700 %;DUT 3TH
7307191045;3.700 %;DUT 3TH
7307191090;3.700 %;DUT 3TH
7307191090;3.700 %;DUT 3TH
7307191090;3.700 %;DUT 3TH
7307191090;3.700 %;DUT 3TH
7307199000;3.700 %;DUT 3TH
7307199010;3.700 %;DUT 3TH
7307199090;3.700 %;DUT 3TH
7307210000;3.700 %;DUT 3TH
7307210090;3.700 %;DUT 3TH
7307221000;0.000 %;DUT 3TH
7307221090;0.000 %;DUT 3TH
7307229090;3.700 %;DUT 3TH
7307231055;3.700 %;DUT 3TH
7307231085;3.700 %;DUT 3TH
7307239000;3.700 %;DUT 3TH
7307239055;3.700 %;DUT 3TH
7307239085;3.700 %;DUT 3TH
7307291000;3.700 %;DUT 3TH
7307291090;3.700 %;DUT 3TH
7307298000;3.700 %;DUT 3TH
7307298090;3.700 %;DUT 3TH
7307298090;3.700 %;DUT 3TH
7307910000;3.700 %;DUT 3TH
7307910010;3.700 %;DUT 3TH
7307910090;3.700 %;DUT 3TH
7307921000;0.000 %;DUT 3TH
7307921090;0.000 %;DUT 3TH
7307929090;3.700 %;DUT 3TH
7307931111;3.700 %;DUT 3TH
7307931199;3.700 %;DUT 3TH
7307931900;3.700 %;DUT 3TH
7307931999;3.700 %;DUT 3TH
7307939190;3.700 %;DUT 3TH
7307939900;3.700 %;DUT 3TH
7307939990;3.700 %;DUT 3TH
7307991090;3.700 %;DUT 3TH
7307991090;3.700 %;DUT 3TH
7307991090;3.700 %;DUT 3TH
7307998000;3.700 %;DUT 3TH
7307998019;3.700 %;DUT 3TH
7307998098;3.700 %;DUT 3TH
7307998099;3.700 %;DUT 3TH
7307998099;3.700 %;DUT 3TH
7307998099;3.700 %;DUT 3TH
7308100000;0.000 %;DUT 3TH
7308200000;0.000 %;DUT 3TH
7308200090;0.000 %;DUT 3TH
7308209090;0.000 %;DUT 3TH
7308300000;0.000 %;DUT 3TH
7308400000;0.000 %;DUT 3TH
7308905100;0.000 %;DUT 3TH
7308905900;0.000 %;DUT 3TH
7308909800;0.000 %;DUT 3TH
7308909800;0.000 %;DUT 3TH
7308909800;0.000 %;DUT 3TH
7308909811;0.000 %;DUT 3TH
7308909890;0.000 %;DUT 3TH
7309003000;2.200 %;DUT 3TH
7309005900;2.200 %;DUT 3TH
7309009000;2.200 %;DUT 3TH
7310100000;2.700 %;DUT 3TH
7310100090;2.700 %;DUT 3TH
7310211900;2.700 %;DUT 3TH
7310219100;2.700 %;DUT 3TH
7310219900;2.700 %;DUT 3TH
7310291000;2.700 %;DUT 3TH
7310299000;2.700 %;DUT 3TH
7310299010;2.700 %;DUT 3TH
7310299090;2.700 %;DUT 3TH
7311001120;2.700 %;DUT 3TH
7311001185;2.700 %;DUT 3TH
7311001190;2.700 %;DUT 3TH
7311001390;2.700 %;DUT 3TH
7311003085;2.700 %;DUT 3TH
7311003090;2.700 %;DUT 3TH
7311009100;2.700 %;DUT 3TH
7311009900;2.700 %;DUT 3TH
7312102000;0.000 %;DUT 3TH
7312102000;0.000 %;DUT 3TH
7312104900;0.000 %;DUT 3TH
7312104990;0.000 %;DUT 3TH
7312106199;0.000 %;DUT 3TH
7312106500;0.000 %;DUT 3TH
7312106599;0.000 %;DUT 3TH
7312106900;0.000 %;DUT 3TH
7312106999;0.000 %;DUT 3TH
7312108113;0.000 %;DUT 3TH
7312108119;0.000 %;DUT 3TH
7312108190;0.000 %;DUT 3TH
7312108313;0.000 %;DUT 3TH
7312108319;0.000 %;DUT 3TH
7312108390;0.000 %;DUT 3TH
7312108513;0.000 %;DUT 3TH
7312108519;0.000 %;DUT 3TH
7312108590;0.000 %;DUT 3TH
7312108919;0.000 %;DUT 3TH
7312108990;0.000 %;DUT 3TH
7312109800;0.000 %;DUT 3TH
7312109890;0.000 %;DUT 3TH
7312900000;0.000 %;DUT 3TH
7312900000;0.000 %;DUT 3TH
7313000000;0.000 %;DUT 3TH
7314140000;0.000 %;DUT 3TH
7314190000;0.000 %;DUT 3TH
7314201000;0.000 %;DUT 3TH
7314209000;0.000 %;DUT 3TH
7314310000;0.000 %;DUT 3TH
7314390000;0.000 %;DUT 3TH
7314410000;0.000 %;DUT 3TH
7314420000;0.000 %;DUT 3TH
7314490000;0.000 %;DUT 3TH
7314500000;0.000 %;DUT 3TH
7315111000;2.700 %;DUT 3TH
7315119000;2.700 %;DUT 3TH
7315119090;2.700 %;DUT 3TH
7315120000;2.700 %;DUT 3TH
7315190000;2.700 %;DUT 3TH
7315200000;2.700 %;DUT 3TH
7315820000;2.700 %;DUT 3TH
7315820000;2.700 %;DUT 3TH
7315890000;2.700 %;DUT 3TH
7315900000;2.700 %;DUT 3TH
7315900000;2.700 %;DUT 3TH
7316000000;2.700 %;DUT 3TH
7317002090;0.000 %;DUT 3TH
7317006000;0.000 %;DUT 3TH
7317006040;0.000 %;DUT 3TH
7317006090;0.000 %;DUT 3TH
7317008000;0.000 %;DUT 3TH
7317008090;0.000 %;DUT 3TH
7318110000;3.700 %;DUT 3TH
7318121000;3.700 %;DUT 3TH
7318121090;3.700 %;DUT 3TH
7318129000;3.700 %;DUT 3TH
7318129019;3.700 %;DUT 3TH
7318129090;3.700 %;DUT 3TH
7318129099;3.700 %;DUT 3TH
7318130000;3.700 %;DUT 3TH
7318130090;3.700 %;DUT 3TH
7318141089;3.700 %;DUT 3TH
7318141090;3.700 %;DUT 3TH
7318149110;3.700 %;DUT 3TH
7318149119;3.700 %;DUT 3TH
7318149190;3.700 %;DUT 3TH
7318149199;3.700 %;DUT 3TH
7318149900;3.700 %;DUT 3TH
7318149910;3.700 %;DUT 3TH
7318149989;3.700 %;DUT 3TH
7318149990;3.700 %;DUT 3TH
7318149999;3.700 %;DUT 3TH
7318152000;3.700 %;DUT 3TH
7318152000;3.700 %;DUT 3TH
7318152000;3.700 %;DUT 3TH
7318153098;3.700 %;DUT 3TH
7318153519;3.700 %;DUT 3TH
7318153590;3.700 %;DUT 3TH
7318153599;3.700 %;DUT 3TH
7318153599;3.700 %;DUT 3TH
7318154290;3.700 %;DUT 3TH
7318154290;3.700 %;DUT 3TH
7318154800;3.700 %;DUT 3TH
7318154890;3.700 %;DUT 3TH
7318155290;3.700 %;DUT 3TH
7318155299;3.700 %;DUT 3TH
7318155299;3.700 %;DUT 3TH
7318155800;3.700 %;DUT 3TH
7318155810;3.700 %;DUT 3TH
7318155819;3.700 %;DUT 3TH
7318155860;3.700 %;DUT 3TH
7318155890;3.700 %;DUT 3TH
7318155898;3.700 %;DUT 3TH
7318156290;3.700 %;DUT 3TH
7318156800;3.700 %;DUT 3TH
7318156810;3.700 %;DUT 3TH
7318156819;3.700 %;DUT 3TH
7318156860;3.700 %;DUT 3TH
7318156879;3.700 %;DUT 3TH
7318156881;3.700 %;DUT 3TH
7318156890;3.700 %;DUT 3TH
7318156898;3.700 %;DUT 3TH
7318156969;3.700 %;DUT 3TH
7318156969;3.700 %;DUT 3TH
7318157098;3.700 %;DUT 3TH
7318157590;3.700 %;DUT 3TH
7318158169;3.700 %;DUT 3TH
7318158290;3.700 %;DUT 3TH
7318158298;3.700 %;DUT 3TH
7318158879;3.700 %;DUT 3TH
7318158880;3.700 %;DUT 3TH
7318158881;3.700 %;DUT 3TH
7318158890;3.700 %;DUT 3TH
7318158898;3.700 %;DUT 3TH
7318158969;3.700 %;DUT 3TH
7318158969;3.700 %;DUT 3TH
7318159081;3.700 %;DUT 3TH
7318159081;3.700 %;DUT 3TH
7318159091;3.700 %;DUT 3TH
7318159091;3.700 %;DUT 3TH
7318159091;3.700 %;DUT 3TH
7318159500;3.700 %;DUT 3TH
7318159510;3.700 %;DUT 3TH
7318159585;3.700 %;DUT 3TH
7318159589;3.700 %;DUT 3TH
7318159590;3.700 %;DUT 3TH
7318161099;3.700 %;DUT 3TH
7318163020;3.700 %;DUT 3TH
7318163100;3.700 %;DUT 3TH
7318163190;3.700 %;DUT 3TH
7318163900;3.700 %;DUT 3TH
7318163990;3.700 %;DUT 3TH
7318164090;3.700 %;DUT 3TH
7318166000;3.700 %;DUT 3TH
7318166090;3.700 %;DUT 3TH
7318166090;3.700 %;DUT 3TH
7318169200;3.700 %;DUT 3TH
7318169290;3.700 %;DUT 3TH
7318169900;3.700 %;DUT 3TH
7318169920;3.700 %;DUT 3TH
7318169990;3.700 %;DUT 3TH
7318169990;3.700 %;DUT 3TH
7318169990;3.700 %;DUT 3TH
7318169999;3.700 %;DUT 3TH
7318190000;3.700 %;DUT 3TH
7318190020;3.700 %;DUT 3TH
7318190090;3.700 %;DUT 3TH
7318210000;3.700 %;DUT 3TH
7318210091;3.700 %;DUT 3TH
7318210095;3.700 %;DUT 3TH
7318210098;3.700 %;DUT 3TH
7318220000;3.700 %;DUT 3TH
7318220021;3.700 %;DUT 3TH
7318220039;3.700 %;DUT 3TH
7318220091;3.700 %;DUT 3TH
7318220095;3.700 %;DUT 3TH
7318220095;3.700 %;DUT 3TH
7318220095;3.700 %;DUT 3TH
7318220098;3.700 %;DUT 3TH
7318230000;3.700 %;DUT 3TH
7318230090;3.700 %;DUT 3TH
7318240000;3.700 %;DUT 3TH
7318240020;3.700 %;DUT 3TH
7318240090;3.700 %;DUT 3TH
7318240090;3.700 %;DUT 3TH
7318290000;3.700 %;DUT 3TH
7318290090;3.700 %;DUT 3TH
7318290090;3.700 %;DUT 3TH
7319400000;2.700 %;DUT 3TH
7319901000;2.700 %;DUT 3TH
7319909000;2.700 %;DUT 3TH
7319909000;2.700 %;DUT 3TH
7320101190;2.700 %;DUT 3TH
7320101990;2.700 %;DUT 3TH
7320109000;2.700 %;DUT 3TH
7320109090;2.700 %;DUT 3TH
7320202000;2.700 %;DUT 3TH
7320202010;2.700 %;DUT 3TH
7320202090;2.700 %;DUT 3TH
7320202090;2.700 %;DUT 3TH
7320208100;2.700 %;DUT 3TH
7320208190;2.700 %;DUT 3TH
7320208500;2.700 %;DUT 3TH
7320208590;2.700 %;DUT 3TH
7320208900;2.700 %;DUT 3TH
7320208990;2.700 %;DUT 3TH
7320208990;2.700 %;DUT 3TH
7320208990;2.700 %;DUT 3TH
7320208990;2.700 %;DUT 3TH
7320901000;2.700 %;DUT 3TH
7320903090;2.700 %;DUT 3TH
7320909090;2.700 %;DUT 3TH
7321111000;2.700 %;DUT 3TH
7321119000;2.700 %;DUT 3TH
7321120000;2.700 %;DUT 3TH
7321190000;2.700 %;DUT 3TH
7321810000;2.700 %;DUT 3TH
7321820000;2.700 %;DUT 3TH
7321890000;2.700 %;DUT 3TH
7321900000;2.700 %;DUT 3TH
7322110000;3.200 %;DUT 3TH
7322190000;3.200 %;DUT 3TH
7322900090;3.200 %;DUT 3TH
7323100000;3.200 %;DUT 3TH
7323910000;3.200 %;DUT 3TH
7323920000;3.200 %;DUT 3TH
7323930000;3.200 %;DUT 3TH
7323930010;3.200 %;DUT 3TH
7323930090;3.200 %;DUT 3TH
7323930090;3.200 %;DUT 3TH
7323940000;3.200 %;DUT 3TH
7323990000;3.200 %;DUT 3TH
7323990010;3.200 %;DUT 3TH
7323990090;3.200 %;DUT 3TH
7323990090;3.200 %;DUT 3TH
7323990090;3.200 %;DUT 3TH
7324100090;2.700 %;DUT 3TH
7324900090;3.200 %;DUT 3TH
7325100000;1.700 %;DUT 3TH
7325100010;1.700 %;DUT 3TH
7325100020;1.700 %;DUT 3TH
7325100031;1.700 %;DUT 3TH
7325100099;1.700 %;DUT 3TH
7325910000;2.700 %;DUT 3TH
7325991000;2.700 %;DUT 3TH
7325991040;2.700 %;DUT 3TH
7325991055;2.700 %;DUT 3TH
7325991060;2.700 %;DUT 3TH
7325991090;2.700 %;DUT 3TH
7325999000;2.700 %;DUT 3TH
7325999080;2.700 %;DUT 3TH
7325999090;2.700 %;DUT 3TH
7325999090;2.700 %;DUT 3TH
7326110000;2.700 %;DUT 3TH
7326191000;2.700 %;DUT 3TH
7326199000;2.700 %;DUT 3TH
7326199000;2.700 %;DUT 3TH
7326200020;2.700 %;DUT 3TH
7326200090;2.700 %;DUT 3TH
7326200090;2.700 %;DUT 3TH
7326903000;2.700 %;DUT 3TH
7326904000;2.700 %;DUT 3TH
7326905000;2.700 %;DUT 3TH
7326906000;2.700 %;DUT 3TH
7326906000;2.700 %;DUT 3TH
7326906000;2.700 %;DUT 3TH
7326909200;2.700 %;DUT 3TH
7326909290;2.700 %;DUT 3TH
7326909400;2.700 %;DUT 3TH
7326909490;2.700 %;DUT 3TH
7326909690;2.700 %;DUT 3TH
7326909800;2.700 %;DUT 3TH
7326909840;2.700 %;DUT 3TH
7326909850;2.700 %;DUT 3TH
7326909890;2.700 %;DUT 3TH
7326909890;2.700 %;DUT 3TH
7326909890;2.700 %;DUT 3TH
7401000000;0.000 %;DUT 3TH
7401000000;0.000 %;DUT 3TH
7401000000;0.000 %;DUT 3TH
7402000000;0.000 %;DUT 3TH
7403110000;0.000 %;DUT 3TH
7403130000;0.000 %;DUT 3TH
7403290000;0.000 %;DUT 3TH
7404001000;0.000 %;DUT 3TH
7404009100;0.000 %;DUT 3TH
7404009900;0.000 %;DUT 3TH
7405000000;0.000 %;DUT 3TH
7407100000;4.800 %;DUT 3TH
7407211000;4.800 %;DUT 3TH
7407290000;4.800 %;DUT 3TH
7407290000;4.800 %;DUT 3TH
7408110000;4.800 %;DUT 3TH
7408191000;4.800 %;DUT 3TH
7408199000;4.800 %;DUT 3TH
7409190000;4.800 %;DUT 3TH
7409190090;4.800 %;DUT 3TH
7409210000;4.800 %;DUT 3TH
7409900000;4.800 %;DUT 3TH
7410110090;5.200 %;DUT 3TH
7410110090;5.200 %;DUT 3TH
7410110090;5.200 %;DUT 3TH
7410120000;5.200 %;DUT 3TH
7410210090;5.200 %;DUT 3TH
7411101000;4.800 %;DUT 3TH
7411109000;4.800 %;DUT 3TH
7411211000;4.800 %;DUT 3TH
7411219000;4.800 %;DUT 3TH
7411220000;4.800 %;DUT 3TH
7411290000;4.800 %;DUT 3TH
7412100000;5.200 %;DUT 3TH
7412200000;5.200 %;DUT 3TH
7412200000;5.200 %;DUT 3TH
7412200000;5.200 %;DUT 3TH
7412200000;5.200 %;DUT 3TH
7413000020;5.200 %;DUT 3TH
7413000090;5.200 %;DUT 3TH
7415100000;4.000 %;DUT 3TH
7415210000;3.000 %;DUT 3TH
7415290000;3.000 %;DUT 3TH
7415330000;3.000 %;DUT 3TH
7415390000;3.000 %;DUT 3TH
7418101000;4.000 %;DUT 3TH
7418109000;3.000 %;DUT 3TH
7418109010;3.000 %;DUT 3TH
7418109090;3.000 %;DUT 3TH
7418200000;3.000 %;DUT 3TH
7418200010;3.000 %;DUT 3TH
7418200090;3.000 %;DUT 3TH
7419100090;3.000 %;DUT 3TH
7419200000;3.000 %;DUT 3TH
7419200010;3.000 %;DUT 3TH
7419200090;3.000 %;DUT 3TH
7419803000;4.000 %;DUT 3TH
7419809000;3.000 %;DUT 3TH
7419809098;3.000 %;DUT 3TH
7419809099;3.000 %;DUT 3TH
7419910010;3.000 %;DUT 3TH
7419910090;3.000 %;DUT 3TH
7419991000;4.300 %;DUT 3TH
7419993000;4.000 %;DUT 3TH
7419999010;3.000 %;DUT 3TH
7419999099;3.000 %;DUT 3TH
7419999099;3.000 %;DUT 3TH
7419999099;3.000 %;DUT 3TH
7502100000;0.000 %;DUT 3TH
7502200000;0.000 %;DUT 3TH
7503001000;0.000 %;DUT 3TH
7503009000;0.000 %;DUT 3TH
7504000000;0.000 %;DUT 3TH
7505120000;2.900 %;DUT 3TH
7505220000;2.900 %;DUT 3TH
7506200090;3.300 %;DUT 3TH
7507110000;0.000 %;DUT 3TH
7507120000;0.000 %;DUT 3TH
7507200000;2.500 %;DUT 3TH
7508900000;0.000 %;DUT 3TH
7601100000;3.000 %;DUT 3TH
7601202010;6.000 %;DUT 3TH
7601202090;6.000 %;DUT 3TH
7601208000;6.000 %;DUT 3TH
7602001100;0.000 %;DUT 3TH
7602001900;0.000 %;DUT 3TH
7602001900;0.000 %;DUT 3TH
7602001900;0.000 %;DUT 3TH
7602001900;0.000 %;DUT 3TH
7602009000;0.000 %;DUT 3TH
7603100000;5.000 %;DUT 3TH
7604101000;7.500 %;DUT 3TH
7604101090;7.500 %;DUT 3TH
7604109089;7.500 %;DUT 3TH
7604109090;7.500 %;DUT 3TH
7604210000;7.500 %;DUT 3TH
7604210090;7.500 %;DUT 3TH
7604291000;7.500 %;DUT 3TH
7604291090;7.500 %;DUT 3TH
7604299000;7.500 %;DUT 3TH
7604299010;7.500 %;DUT 3TH
7604299030;7.500 %;DUT 3TH
7604299090;7.500 %;DUT 3TH
7605190090;7.500 %;DUT 3TH
7605210000;7.500 %;DUT 3TH
7605290090;7.500 %;DUT 3TH
7606111010;7.500 %;DUT 3TH
7606111030;7.500 %;DUT 3TH
7606111089;7.500 %;DUT 3TH
7606111090;7.500 %;DUT 3TH
7606113000;7.500 %;DUT 3TH
7606115000;7.500 %;DUT 3TH
7606119100;7.500 %;DUT 3TH
7606119130;7.500 %;DUT 3TH
7606119189;7.500 %;DUT 3TH
7606119190;7.500 %;DUT 3TH
7606119389;7.500 %;DUT 3TH
7606119390;7.500 %;DUT 3TH
7606119900;7.500 %;DUT 3TH
7606119930;7.500 %;DUT 3TH
7606119989;7.500 %;DUT 3TH
7606119990;7.500 %;DUT 3TH
7606122090;7.500 %;DUT 3TH
7606122090;7.500 %;DUT 3TH
7606123000;7.500 %;DUT 3TH
7606125000;7.500 %;DUT 3TH
7606129200;7.500 %;DUT 3TH
7606129290;7.500 %;DUT 3TH
7606129297;7.500 %;DUT 3TH
7606129386;7.500 %;DUT 3TH
7606129388;7.500 %;DUT 3TH
7606129390;7.500 %;DUT 3TH
7606129900;7.500 %;DUT 3TH
7606129986;7.500 %;DUT 3TH
7606129988;7.500 %;DUT 3TH
7606129990;7.500 %;DUT 3TH
7606910086;7.500 %;DUT 3TH
7606910088;7.500 %;DUT 3TH
7606910090;7.500 %;DUT 3TH
7606920030;7.500 %;DUT 3TH
7606920085;7.500 %;DUT 3TH
7606920086;7.500 %;DUT 3TH
7606920090;7.500 %;DUT 3TH
7606920091;7.500 %;DUT 3TH
7606920092;7.500 %;DUT 3TH
7606920095;7.500 %;DUT 3TH
7607111100;7.500 %;DUT 3TH
7607111110;7.500 %;DUT 3TH
7607111119;7.500 %;DUT 3TH
7607111190;7.500 %;DUT 3TH
7607111910;7.500 %;DUT 3TH
7607111930;7.500 %;DUT 3TH
7607111993;7.500 %;DUT 3TH
7607119056;7.500 %;DUT 3TH
7607119057;7.500 %;DUT 3TH
7607119060;7.500 %;DUT 3TH
7607119085;7.500 %;DUT 3TH
7607119085;7.500 %;DUT 3TH
7607119085;7.500 %;DUT 3TH
7607119087;7.500 %;DUT 3TH
7607119096;7.500 %;DUT 3TH
7607191000;7.500 %;DUT 3TH
7607199090;7.500 %;DUT 3TH
7607199096;7.500 %;DUT 3TH
7607201000;10.000 %;DUT 3TH
7607209000;7.500 %;DUT 3TH
7607209090;7.500 %;DUT 3TH
7607209100;7.500 %;DUT 3TH
7607209900;7.500 %;DUT 3TH
7607209990;7.500 %;DUT 3TH
7608100020;7.500 %;DUT 3TH
7608100089;7.500 %;DUT 3TH
7608100090;7.500 %;DUT 3TH
7608202020;7.500 %;DUT 3TH
7608202090;7.500 %;DUT 3TH
7608208190;7.500 %;DUT 3TH
7608208990;7.500 %;DUT 3TH
7609000010;5.900 %;DUT 3TH
7609000090;5.900 %;DUT 3TH
7610100000;6.000 %;DUT 3TH
7610901000;7.000 %;DUT 3TH
7610909000;6.000 %;DUT 3TH
7610909000;6.000 %;DUT 3TH
7610909010;6.000 %;DUT 3TH
7610909090;6.000 %;DUT 3TH
7610909092;6.000 %;DUT 3TH
7610909095;6.000 %;DUT 3TH
7611000000;6.000 %;DUT 3TH
7612100000;6.000 %;DUT 3TH
7612903000;6.000 %;DUT 3TH
7612908000;6.000 %;DUT 3TH
7612908000;6.000 %;DUT 3TH
7613000000;6.000 %;DUT 3TH
7613000020;6.000 %;DUT 3TH
7613000090;6.000 %;DUT 3TH
7615101090;6.000 %;DUT 3TH
7615103000;6.000 %;DUT 3TH
7615108000;6.000 %;DUT 3TH
7615108090;6.000 %;DUT 3TH
7615108090;6.000 %;DUT 3TH
7615108090;6.000 %;DUT 3TH
7615200000;6.000 %;DUT 3TH
7616100000;6.000 %;DUT 3TH
7616100010;6.000 %;DUT 3TH
7616100099;6.000 %;DUT 3TH
7616910000;6.000 %;DUT 3TH
7616991010;6.000 %;DUT 3TH
7616991020;6.000 %;DUT 3TH
7616991091;6.000 %;DUT 3TH
7616991099;6.000 %;DUT 3TH
7616991099;6.000 %;DUT 3TH
7616999000;6.000 %;DUT 3TH
7616999009;6.000 %;DUT 3TH
7616999010;6.000 %;DUT 3TH
7616999077;6.000 %;DUT 3TH
7616999091;6.000 %;DUT 3TH
7616999099;6.000 %;DUT 3TH
7616999099;6.000 %;DUT 3TH
7616999099;6.000 %;DUT 3TH
7616999099;6.000 %;DUT 3TH
7801100000;2.500 %;DUT 3TH
7801910090;2.500 %;DUT 3TH
7802000000;0.000 %;DUT 3TH
7804110000;5.000 %;DUT 3TH
7806001000;0.000 %;DUT 3TH
7901110000;2.500 %;DUT 3TH
7901123000;2.500 %;DUT 3TH
7901129000;2.500 %;DUT 3TH
7901200000;2.500 %;DUT 3TH
7902000000;0.000 %;DUT 3TH
7903100000;2.500 %;DUT 3TH
7904000000;5.000 %;DUT 3TH
7905000000;5.000 %;DUT 3TH
7907000000;5.000 %;DUT 3TH
7907000000;5.000 %;DUT 3TH
7907000000;5.000 %;DUT 3TH
7907000090;5.000 %;DUT 3TH
8001100000;0.000 %;DUT 3TH
8001200000;0.000 %;DUT 3TH
8002000000;0.000 %;DUT 3TH
8003000000;0.000 %;DUT 3TH
8007008000;0.000 %;DUT 3TH
8101960000;6.000 %;DUT 3TH
8101970000;0.000 %;DUT 3TH
8101999000;7.000 %;DUT 3TH
8102990000;7.000 %;DUT 3TH
8104200000;0.000 %;DUT 3TH
8104900090;4.000 %;DUT 3TH
8105200000;0.000 %;DUT 3TH
8105300000;0.000 %;DUT 3TH
8105900090;3.000 %;DUT 3TH
8108200000;5.000 %;DUT 3TH
8108300000;5.000 %;DUT 3TH
8108903060;7.000 %;DUT 3TH
8108905045;7.000 %;DUT 3TH
8108905055;7.000 %;DUT 3TH
8108906090;7.000 %;DUT 3TH
8108909000;7.000 %;DUT 3TH
8108909099;7.000 %;DUT 3TH
8109200000;5.000 %;DUT 3TH
8110100000;7.000 %;DUT 3TH
8112290000;5.000 %;DUT 3TH
8112922100;0.000 %;DUT 3TH
8112992090;7.000 %;DUT 3TH
8113004000;0.000 %;DUT 3TH
8113009000;5.000 %;DUT 3TH
8113009090;5.000 %;DUT 3TH
8201100000;1.700 %;DUT 3TH
8201300000;1.700 %;DUT 3TH
8201400000;1.700 %;DUT 3TH
8201500000;1.700 %;DUT 3TH
8201600000;1.700 %;DUT 3TH
8201900000;1.700 %;DUT 3TH
8202100000;1.700 %;DUT 3TH
8202310000;2.700 %;DUT 3TH
8202390000;2.700 %;DUT 3TH
8202400000;1.700 %;DUT 3TH
8202910000;2.700 %;DUT 3TH
8202992000;2.700 %;DUT 3TH
8202998000;2.700 %;DUT 3TH
8202998000;2.700 %;DUT 3TH
8203100000;1.700 %;DUT 3TH
8203200000;1.700 %;DUT 3TH
8203300000;1.700 %;DUT 3TH
8203400000;1.700 %;DUT 3TH
8204110000;1.700 %;DUT 3TH
8204110000;1.700 %;DUT 3TH
8204120000;1.700 %;DUT 3TH
8204120000;1.700 %;DUT 3TH
8204200000;1.700 %;DUT 3TH
8205100000;1.700 %;DUT 3TH
8205200000;3.700 %;DUT 3TH
8205300000;3.700 %;DUT 3TH
8205400000;3.700 %;DUT 3TH
8205510000;3.700 %;DUT 3TH
8205591000;3.700 %;DUT 3TH
8205598000;2.700 %;DUT 3TH
8205598000;2.700 %;DUT 3TH
8205598000;2.700 %;DUT 3TH
8205600000;2.700 %;DUT 3TH
8205700000;3.700 %;DUT 3TH
8205901000;2.700 %;DUT 3TH
8205909000;3.700 %;DUT 3TH
8205909000;3.700 %;DUT 3TH
8205909000;3.700 %;DUT 3TH
8206000000;3.700 %;DUT 3TH
8207130000;2.700 %;DUT 3TH
8207191000;2.700 %;DUT 3TH
8207191090;2.700 %;DUT 3TH
8207199000;2.700 %;DUT 3TH
8207209000;2.700 %;DUT 3TH
8207301010;2.700 %;DUT 3TH
8207301090;2.700 %;DUT 3TH
8207309000;2.700 %;DUT 3TH
8207401000;2.700 %;DUT 3TH
8207403000;2.700 %;DUT 3TH
8207409000;2.700 %;DUT 3TH
8207409000;2.700 %;DUT 3TH
8207501000;2.700 %;DUT 3TH
8207503000;2.700 %;DUT 3TH
8207505000;2.700 %;DUT 3TH
8207506000;2.700 %;DUT 3TH
8207507000;2.700 %;DUT 3TH
8207509000;2.700 %;DUT 3TH
8207601000;2.700 %;DUT 3TH
8207603000;2.700 %;DUT 3TH
8207609000;2.700 %;DUT 3TH
8207701000;2.700 %;DUT 3TH
8207703100;2.700 %;DUT 3TH
8207703700;2.700 %;DUT 3TH
8207709000;2.700 %;DUT 3TH
8207801100;2.700 %;DUT 3TH
8207801900;2.700 %;DUT 3TH
8207809000;2.700 %;DUT 3TH
8207901000;2.700 %;DUT 3TH
8207903000;2.700 %;DUT 3TH
8207907100;2.700 %;DUT 3TH
8207909100;2.700 %;DUT 3TH
8207909900;2.700 %;DUT 3TH
8208100000;1.700 %;DUT 3TH
8208200000;1.700 %;DUT 3TH
8208300000;1.700 %;DUT 3TH
8208400000;1.700 %;DUT 3TH
8208900000;1.700 %;DUT 3TH
8209002000;2.700 %;DUT 3TH
8209008000;2.700 %;DUT 3TH
8210000000;2.700 %;DUT 3TH
8211100000;8.500 %;DUT 3TH
8211910000;8.500 %;DUT 3TH
8211920000;8.500 %;DUT 3TH
8211930000;8.500 %;DUT 3TH
8211940000;6.700 %;DUT 3TH
8211950000;2.700 %;DUT 3TH
8212101000;2.700 %;DUT 3TH
8212109000;2.700 %;DUT 3TH
8212200000;2.700 %;DUT 3TH
8213000000;4.200 %;DUT 3TH
8214100000;2.700 %;DUT 3TH
8214200000;2.700 %;DUT 3TH
8214900000;2.700 %;DUT 3TH
8215102000;4.700 %;DUT 3TH
8215103000;8.500 %;DUT 3TH
8215108000;4.700 %;DUT 3TH
8215201000;8.500 %;DUT 3TH
8215209000;4.700 %;DUT 3TH
8215910000;4.700 %;DUT 3TH
8215991000;8.500 %;DUT 3TH
8215999000;4.700 %;DUT 3TH
8215999000;4.700 %;DUT 3TH
8301100000;2.700 %;DUT 3TH
8301200000;2.700 %;DUT 3TH
8301200010;2.700 %;DUT 3TH
8301200090;2.700 %;DUT 3TH
8301300000;2.700 %;DUT 3TH
8301401100;2.700 %;DUT 3TH
8301401900;2.700 %;DUT 3TH
8301409000;2.700 %;DUT 3TH
8301500000;2.700 %;DUT 3TH
8301600000;2.700 %;DUT 3TH
8301600090;2.700 %;DUT 3TH
8301600090;2.700 %;DUT 3TH
8301700000;2.700 %;DUT 3TH
8302100090;2.700 %;DUT 3TH
8302200090;2.700 %;DUT 3TH
8302300000;2.700 %;DUT 3TH
8302300090;2.700 %;DUT 3TH
8302411000;2.700 %;DUT 3TH
8302415000;2.700 %;DUT 3TH
8302419000;2.700 %;DUT 3TH
8302419000;2.700 %;DUT 3TH
8302420090;2.700 %;DUT 3TH
8302490010;0.000 %;DUT 3TH
8302490091;2.700 %;DUT 3TH
8302490099;2.700 %;DUT 3TH
8302500000;2.700 %;DUT 3TH
8302600090;2.700 %;DUT 3TH
8303004000;2.700 %;DUT 3TH
8303009000;2.700 %;DUT 3TH
8304000000;2.700 %;DUT 3TH
8305200000;2.700 %;DUT 3TH
8305900000;2.700 %;DUT 3TH
8306100000;0.000 %;DUT 3TH
8306210000;0.000 %;DUT 3TH
8306290000;0.000 %;DUT 3TH
8306290000;0.000 %;DUT 3TH
8306300000;2.700 %;DUT 3TH
8307100090;2.700 %;DUT 3TH
8307100090;2.700 %;DUT 3TH
8307100090;2.700 %;DUT 3TH
8307900090;2.700 %;DUT 3TH
8308100000;2.700 %;DUT 3TH
8308100040;2.700 %;DUT 3TH
8308100090;2.700 %;DUT 3TH
8308200090;2.700 %;DUT 3TH
8308900000;2.700 %;DUT 3TH
8308900090;2.700 %;DUT 3TH
8309901000;3.700 %;DUT 3TH
8309909000;2.700 %;DUT 3TH
8309909090;2.700 %;DUT 3TH
8309909090;2.700 %;DUT 3TH
8310000000;2.700 %;DUT 3TH
8311100000;2.700 %;DUT 3TH
8311200000;2.700 %;DUT 3TH
8311300000;2.700 %;DUT 3TH
8311900000;2.700 %;DUT 3TH
8401100000;5.700 %;DUT 3TH
8401200000;3.700 %;DUT 3TH
8401400090;3.700 %;DUT 3TH
8402199000;2.700 %;DUT 3TH
8402200000;2.700 %;DUT 3TH
8402900000;2.700 %;DUT 3TH
8403101000;2.700 %;DUT 3TH
8403109000;2.700 %;DUT 3TH
8403909000;2.700 %;DUT 3TH
8404900000;2.700 %;DUT 3TH
8405100000;1.700 %;DUT 3TH
8405900000;1.700 %;DUT 3TH
8405900090;1.700 %;DUT 3TH
8407100090;1.700 %;DUT 3TH
8407211000;6.200 %;DUT 3TH
8407219900;4.200 %;DUT 3TH
8407290000;4.200 %;DUT 3TH
8407310000;2.700 %;DUT 3TH
8407329000;2.700 %;DUT 3TH
8407332090;2.700 %;DUT 3TH
8407338000;2.700 %;DUT 3TH
8407338090;2.700 %;DUT 3TH
8407343000;4.200 %;DUT 3TH
8407349900;4.200 %;DUT 3TH
8407901010;2.700 %;DUT 3TH
8407901090;2.700 %;DUT 3TH
8407908090;4.200 %;DUT 3TH
8407909090;4.200 %;DUT 3TH
8408101900;2.700 %;DUT 3TH
8408103900;2.700 %;DUT 3TH
8408108900;2.700 %;DUT 3TH
8408203500;4.200 %;DUT 3TH
8408205500;4.200 %;DUT 3TH
8408205700;4.200 %;DUT 3TH
8408209900;4.200 %;DUT 3TH
8408902100;4.200 %;DUT 3TH
8408902790;4.200 %;DUT 3TH
8408904190;4.200 %;DUT 3TH
8408908590;4.200 %;DUT 3TH
8408908990;4.200 %;DUT 3TH
8409100010;0.000 %;DUT 3TH
8409100090;1.700 %;DUT 3TH
8409100090;1.700 %;DUT 3TH
8409910000;2.700 %;DUT 3TH
8409910040;2.700 %;DUT 3TH
8409910080;2.700 %;DUT 3TH
8409910090;2.700 %;DUT 3TH
8409910090;2.700 %;DUT 3TH
8409990000;2.700 %;DUT 3TH
8409990010;2.700 %;DUT 3TH
8409990065;2.700 %;DUT 3TH
8409990070;2.700 %;DUT 3TH
8409990075;2.700 %;DUT 3TH
8409990090;2.700 %;DUT 3TH
8409990090;2.700 %;DUT 3TH
8410110000;4.500 %;DUT 3TH
8410900000;4.500 %;DUT 3TH
8411128090;2.700 %;DUT 3TH
8411810090;4.100 %;DUT 3TH
8411828090;4.100 %;DUT 3TH
8411910090;2.700 %;DUT 3TH
8411990020;4.100 %;DUT 3TH
8411990080;4.100 %;DUT 3TH
8411990099;4.100 %;DUT 3TH
8412212090;2.700 %;DUT 3TH
8412218090;2.700 %;DUT 3TH
8412218090;2.700 %;DUT 3TH
8412292090;4.200 %;DUT 3TH
8412298190;4.200 %;DUT 3TH
8412298990;4.200 %;DUT 3TH
8412310090;4.200 %;DUT 3TH
8412390020;4.200 %;DUT 3TH
8412390090;4.200 %;DUT 3TH
8412801000;2.700 %;DUT 3TH
8412808090;4.200 %;DUT 3TH
8412902090;1.700 %;DUT 3TH
8412904090;2.700 %;DUT 3TH
8412907090;2.700 %;DUT 3TH
8412908090;2.700 %;DUT 3TH
8413110000;1.700 %;DUT 3TH
8413190010;0.000 %;DUT 3TH
8413190090;1.700 %;DUT 3TH
8413200090;1.700 %;DUT 3TH
8413302030;1.700 %;DUT 3TH
8413302090;1.700 %;DUT 3TH
8413302090;1.700 %;DUT 3TH
8413308090;1.700 %;DUT 3TH
8413308090;1.700 %;DUT 3TH
8413308090;1.700 %;DUT 3TH
8413308090;1.700 %;DUT 3TH
8413400000;1.700 %;DUT 3TH
8413502090;1.700 %;DUT 3TH
8413506190;1.700 %;DUT 3TH
8413508090;1.700 %;DUT 3TH
8413602090;1.700 %;DUT 3TH
8413603190;1.700 %;DUT 3TH
8413603990;1.700 %;DUT 3TH
8413606190;1.700 %;DUT 3TH
8413606990;1.700 %;DUT 3TH
8413607090;1.700 %;DUT 3TH
8413608090;1.700 %;DUT 3TH
8413608090;1.700 %;DUT 3TH
8413702100;1.700 %;DUT 3TH
8413702900;1.700 %;DUT 3TH
8413703000;1.700 %;DUT 3TH
8413703589;1.700 %;DUT 3TH
8413703590;1.700 %;DUT 3TH
8413704590;1.700 %;DUT 3TH
8413705990;1.700 %;DUT 3TH
8413706590;1.700 %;DUT 3TH
8413708190;1.700 %;DUT 3TH
8413708990;1.700 %;DUT 3TH
8413708990;1.700 %;DUT 3TH
8413708990;1.700 %;DUT 3TH
8413708990;1.700 %;DUT 3TH
8413810090;1.700 %;DUT 3TH
8413820000;1.700 %;DUT 3TH
8413910010;0.000 %;DUT 3TH
8413910030;1.700 %;DUT 3TH
8413910040;1.700 %;DUT 3TH
8413910050;1.700 %;DUT 3TH
8413910090;1.700 %;DUT 3TH
8413910090;1.700 %;DUT 3TH
8413910090;1.700 %;DUT 3TH
8413910090;1.700 %;DUT 3TH
8413920000;1.700 %;DUT 3TH
8414102590;1.700 %;DUT 3TH
8414108190;1.700 %;DUT 3TH
8414108990;1.700 %;DUT 3TH
8414202000;1.700 %;DUT 3TH
8414208090;2.200 %;DUT 3TH
8414302090;2.200 %;DUT 3TH
8414308189;2.200 %;DUT 3TH
8414308920;2.200 %;DUT 3TH
8414308990;2.200 %;DUT 3TH
8414401000;2.200 %;DUT 3TH
8414409000;2.200 %;DUT 3TH
8414510090;3.200 %;DUT 3TH
8414510090;3.200 %;DUT 3TH
8414591500;0.000 %;DUT 3TH
8414592090;2.300 %;DUT 3TH
8414592530;2.300 %;DUT 3TH
8414592590;2.300 %;DUT 3TH
8414593520;2.300 %;DUT 3TH
8414593590;2.300 %;DUT 3TH
8414598099;2.300 %;DUT 3TH
8414598099;2.300 %;DUT 3TH
8414599590;2.300 %;DUT 3TH
8414599590;2.300 %;DUT 3TH
8414600000;2.700 %;DUT 3TH
8414801110;0.000 %;DUT 3TH
8414801190;2.200 %;DUT 3TH
8414801990;2.200 %;DUT 3TH
8414802290;2.200 %;DUT 3TH
8414802890;2.200 %;DUT 3TH
8414805190;2.200 %;DUT 3TH
8414805990;2.200 %;DUT 3TH
8414807389;2.200 %;DUT 3TH
8414807590;2.200 %;DUT 3TH
8414808090;2.200 %;DUT 3TH
8414808090;2.200 %;DUT 3TH
8414808090;2.200 %;DUT 3TH
8414808090;2.200 %;DUT 3TH
8414900015;2.200 %;DUT 3TH
8414900040;2.200 %;DUT 3TH
8414900090;2.200 %;DUT 3TH
8414900090;2.200 %;DUT 3TH
8415101090;2.200 %;DUT 3TH
8415109010;2.500 %;DUT 3TH
8415109090;2.500 %;DUT 3TH
8415200090;2.700 %;DUT 3TH
8415810099;2.700 %;DUT 3TH
8415810099;2.700 %;DUT 3TH
8415820091;2.700 %;DUT 3TH
8415820099;2.700 %;DUT 3TH
8415830090;2.700 %;DUT 3TH
8415900091;2.700 %;DUT 3TH
8415900099;2.700 %;DUT 3TH
8416101000;1.700 %;DUT 3TH
8416109000;1.700 %;DUT 3TH
8416208000;1.700 %;DUT 3TH
8416300000;1.700 %;DUT 3TH
8416900000;1.700 %;DUT 3TH
8417100000;1.700 %;DUT 3TH
8417201000;1.700 %;DUT 3TH
8417209000;1.700 %;DUT 3TH
8417803000;1.700 %;DUT 3TH
8417805000;1.700 %;DUT 3TH
8417807000;1.700 %;DUT 3TH
8417900000;1.700 %;DUT 3TH
8418102091;1.900 %;DUT 3TH
8418102099;1.900 %;DUT 3TH
8418108091;1.900 %;DUT 3TH
8418108099;1.900 %;DUT 3TH
8418211010;1.500 %;DUT 3TH
8418211090;1.500 %;DUT 3TH
8418215190;2.500 %;DUT 3TH
8418215990;1.900 %;DUT 3TH
8418219100;2.500 %;DUT 3TH
8418219190;2.500 %;DUT 3TH
8418219900;1.900 %;DUT 3TH
8418219910;1.900 %;DUT 3TH
8418219990;1.900 %;DUT 3TH
8418290090;2.200 %;DUT 3TH
8418302099;2.200 %;DUT 3TH
8418308091;2.200 %;DUT 3TH
8418308099;2.200 %;DUT 3TH
8418402091;2.200 %;DUT 3TH
8418402099;2.200 %;DUT 3TH
8418408091;2.200 %;DUT 3TH
8418408099;2.200 %;DUT 3TH
8418501190;2.200 %;DUT 3TH
8418501910;2.200 %;DUT 3TH
8418501990;2.200 %;DUT 3TH
8418509000;2.200 %;DUT 3TH
8418509010;2.200 %;DUT 3TH
8418509090;2.200 %;DUT 3TH
8418610091;2.200 %;DUT 3TH
8418610099;2.200 %;DUT 3TH
8418690091;2.200 %;DUT 3TH
8418690099;2.200 %;DUT 3TH
8418910000;2.200 %;DUT 3TH
8418991000;2.200 %;DUT 3TH
8418991010;2.200 %;DUT 3TH
8418991059;2.200 %;DUT 3TH
8418991079;2.200 %;DUT 3TH
8418991081;2.200 %;DUT 3TH
8418991087;2.200 %;DUT 3TH
8418999000;2.200 %;DUT 3TH
8418999010;2.200 %;DUT 3TH
8418999030;2.200 %;DUT 3TH
8418999099;2.200 %;DUT 3TH
8419110000;2.600 %;DUT 3TH
8419120000;2.600 %;DUT 3TH
8419190000;2.600 %;DUT 3TH
8419200000;0.000 %;DUT 3TH
8419330000;1.700 %;DUT 3TH
8419390000;1.700 %;DUT 3TH
8419400000;1.700 %;DUT 3TH
8419502000;0.000 %;DUT 3TH
8419508090;1.700 %;DUT 3TH
8419812010;0.000 %;DUT 3TH
8419812090;2.700 %;DUT 3TH
8419818090;1.700 %;DUT 3TH
8419891000;1.700 %;DUT 3TH
8419899800;2.400 %;DUT 3TH
8419899890;2.400 %;DUT 3TH
8419901500;0.000 %;DUT 3TH
8419908590;1.700 %;DUT 3TH
8420101000;1.700 %;DUT 3TH
8420103000;1.700 %;DUT 3TH
8420108900;1.700 %;DUT 3TH
8420911000;1.700 %;DUT 3TH
8420918000;2.200 %;DUT 3TH
8420990000;2.200 %;DUT 3TH
8421110000;2.200 %;DUT 3TH
8421120000;2.700 %;DUT 3TH
8421192000;1.500 %;DUT 3TH
8421197000;0.000 %;DUT 3TH
8421197090;0.000 %;DUT 3TH
8421197090;0.000 %;DUT 3TH
8421210020;1.700 %;DUT 3TH
8421210090;1.700 %;DUT 3TH
8421220000;1.700 %;DUT 3TH
8421230010;0.000 %;DUT 3TH
8421230090;1.700 %;DUT 3TH
8421230090;1.700 %;DUT 3TH
8421230090;1.700 %;DUT 3TH
8421290090;1.700 %;DUT 3TH
8421290090;1.700 %;DUT 3TH
8421292000;0.000 %;DUT 3TH
8421298090;1.700 %;DUT 3TH
8421310090;1.700 %;DUT 3TH
8421310090;1.700 %;DUT 3TH
8421320000;1.700 %;DUT 3TH
8421391500;0.000 %;DUT 3TH
8421391500;0.000 %;DUT 3TH
8421392510;0.000 %;DUT 3TH
8421392590;1.700 %;DUT 3TH
8421393590;1.700 %;DUT 3TH
8421398090;1.700 %;DUT 3TH
8421398590;1.700 %;DUT 3TH
8421910000;1.700 %;DUT 3TH
8421990099;1.700 %;DUT 3TH
8421990099;1.700 %;DUT 3TH
8421991000;0.000 %;DUT 3TH
8421991000;0.000 %;DUT 3TH
8421999000;1.700 %;DUT 3TH
8421999093;1.700 %;DUT 3TH
8421999099;1.700 %;DUT 3TH
8422110000;2.700 %;DUT 3TH
8422190000;1.700 %;DUT 3TH
8422200000;1.700 %;DUT 3TH
8422300000;1.700 %;DUT 3TH
8422300090;1.700 %;DUT 3TH
8422400000;1.700 %;DUT 3TH
8422901000;1.700 %;DUT 3TH
8422909000;1.700 %;DUT 3TH
8423101000;1.700 %;DUT 3TH
8423109000;1.700 %;DUT 3TH
8423201000;0.000 %;DUT 3TH
8423209000;1.700 %;DUT 3TH
8423301000;0.000 %;DUT 3TH
8423309000;1.700 %;DUT 3TH
8423812100;0.000 %;DUT 3TH
8423812900;0.000 %;DUT 3TH
8423818000;1.700 %;DUT 3TH
8423822000;0.000 %;DUT 3TH
8423828900;1.700 %;DUT 3TH
8423892000;0.000 %;DUT 3TH
8423898000;1.700 %;DUT 3TH
8423901000;0.000 %;DUT 3TH
8423909000;1.700 %;DUT 3TH
8424100080;1.700 %;DUT 3TH
8424100090;1.700 %;DUT 3TH
8424200000;1.700 %;DUT 3TH
8424300100;1.700 %;DUT 3TH
8424300800;1.700 %;DUT 3TH
8424301000;1.700 %;DUT 3TH
8424309000;1.700 %;DUT 3TH
8424309000;1.700 %;DUT 3TH
8424410000;1.700 %;DUT 3TH
8424491000;1.700 %;DUT 3TH
8424499000;1.700 %;DUT 3TH
8424821000;1.700 %;DUT 3TH
8424829000;1.700 %;DUT 3TH
8424890090;1.700 %;DUT 3TH
8424890090;1.700 %;DUT 3TH
8424890090;1.700 %;DUT 3TH
8424894000;0.000 %;DUT 3TH
8424897000;1.700 %;DUT 3TH
8424897020;1.700 %;DUT 3TH
8424897090;1.700 %;DUT 3TH
8424900080;1.700 %;DUT 3TH
8424900080;1.700 %;DUT 3TH
8424902000;0.000 %;DUT 3TH
8424908000;1.700 %;DUT 3TH
8424908030;1.700 %;DUT 3TH
8424908080;1.700 %;DUT 3TH
8425110000;0.000 %;DUT 3TH
8425110000;0.000 %;DUT 3TH
8425190000;0.000 %;DUT 3TH
8425310000;0.000 %;DUT 3TH
8425310000;0.000 %;DUT 3TH
8425390000;0.000 %;DUT 3TH
8425390000;0.000 %;DUT 3TH
8425410000;0.000 %;DUT 3TH
8425420000;0.000 %;DUT 3TH
8425420000;0.000 %;DUT 3TH
8425490000;0.000 %;DUT 3TH
8425490090;0.000 %;DUT 3TH
8426110000;0.000 %;DUT 3TH
8426190000;0.000 %;DUT 3TH
8426200000;0.000 %;DUT 3TH
8426410000;0.000 %;DUT 3TH
8426490000;0.000 %;DUT 3TH
8426919000;0.000 %;DUT 3TH
8426990000;0.000 %;DUT 3TH
8427101000;4.500 %;DUT 3TH
8427101010;4.500 %;DUT 3TH
8427101090;4.500 %;DUT 3TH
8427109000;4.500 %;DUT 3TH
8427201100;4.500 %;DUT 3TH
8427201900;4.500 %;DUT 3TH
8427201990;4.500 %;DUT 3TH
8427209000;4.500 %;DUT 3TH
8427900011;4.000 %;DUT 3TH
8427900019;4.000 %;DUT 3TH
8427900080;4.000 %;DUT 3TH
8428102000;0.000 %;DUT 3TH
8428108000;0.000 %;DUT 3TH
8428202000;0.000 %;DUT 3TH
8428208000;0.000 %;DUT 3TH
8428320000;0.000 %;DUT 3TH
8428330000;0.000 %;DUT 3TH
8428392000;0.000 %;DUT 3TH
8428399000;0.000 %;DUT 3TH
8428600000;0.000 %;DUT 3TH
8428700000;0.000 %;DUT 3TH
8428907100;0.000 %;DUT 3TH
8428909000;0.000 %;DUT 3TH
8428909000;0.000 %;DUT 3TH
8428909020;0.000 %;DUT 3TH
8428909080;0.000 %;DUT 3TH
8428909090;0.000 %;DUT 3TH
8429110000;0.000 %;DUT 3TH
8429190000;0.000 %;DUT 3TH
8429200000;0.000 %;DUT 3TH
8429300000;0.000 %;DUT 3TH
8429401000;0.000 %;DUT 3TH
8429403000;0.000 %;DUT 3TH
8429409000;0.000 %;DUT 3TH
8429511000;0.000 %;DUT 3TH
8429519100;0.000 %;DUT 3TH
8429519900;0.000 %;DUT 3TH
8429521000;0.000 %;DUT 3TH
8429529000;0.000 %;DUT 3TH
8429590000;0.000 %;DUT 3TH
8430100000;0.000 %;DUT 3TH
8430200000;0.000 %;DUT 3TH
8430390000;0.000 %;DUT 3TH
8430410000;0.000 %;DUT 3TH
8430490000;0.000 %;DUT 3TH
8430500000;0.000 %;DUT 3TH
8430610000;0.000 %;DUT 3TH
8430690000;0.000 %;DUT 3TH
8431100000;0.000 %;DUT 3TH
8431200000;4.000 %;DUT 3TH
8431200019;4.000 %;DUT 3TH
8431200050;4.000 %;DUT 3TH
8431200080;4.000 %;DUT 3TH
8431200080;"Cond: Y cert: Y-035 (01):0.000 % ; Y (01):4.000 %";DUT 3TH
8431200080;"Cond: Y cert: Y-035 (01):0.000 % ; Y (01):4.000 %";DUT 3TH
8431200080;"Cond: Y cert: Y-035 (01):0.000 % ; Y (01):4.000 %";DUT 3TH
8431310000;0.000 %;DUT 3TH
8431390000;0.000 %;DUT 3TH
8431390090;0.000 %;DUT 3TH
8431410000;0.000 %;DUT 3TH
8431410000;0.000 %;DUT 3TH
8431410000;0.000 %;DUT 3TH
8431410090;0.000 %;DUT 3TH
8431420000;0.000 %;DUT 3TH
8431430000;0.000 %;DUT 3TH
8431492000;0.000 %;DUT 3TH
8431492010;0.000 %;DUT 3TH
8431492090;0.000 %;DUT 3TH
8431498000;0.000 %;DUT 3TH
8431498000;0.000 %;DUT 3TH
8431498090;0.000 %;DUT 3TH
8432100000;0.000 %;DUT 3TH
8432210000;0.000 %;DUT 3TH
8432291000;0.000 %;DUT 3TH
8432295000;0.000 %;DUT 3TH
8432299000;0.000 %;DUT 3TH
8432310000;0.000 %;DUT 3TH
8432391100;0.000 %;DUT 3TH
8432391900;0.000 %;DUT 3TH
8432399000;0.000 %;DUT 3TH
8432410000;0.000 %;DUT 3TH
8432420000;0.000 %;DUT 3TH
8432800000;0.000 %;DUT 3TH
8432900000;0.000 %;DUT 3TH
8433111000;0.000 %;DUT 3TH
8433115100;0.000 %;DUT 3TH
8433115100;0.000 %;DUT 3TH
8433115900;0.000 %;DUT 3TH
8433119000;0.000 %;DUT 3TH
8433191000;0.000 %;DUT 3TH
8433195900;0.000 %;DUT 3TH
8433197000;0.000 %;DUT 3TH
8433199000;0.000 %;DUT 3TH
8433205000;0.000 %;DUT 3TH
8433209000;0.000 %;DUT 3TH
8433209000;0.000 %;DUT 3TH
8433300000;0.000 %;DUT 3TH
8433300000;0.000 %;DUT 3TH
8433300000;0.000 %;DUT 3TH
8433300000;0.000 %;DUT 3TH
8433520000;0.000 %;DUT 3TH
8433533000;0.000 %;DUT 3TH
8433539000;0.000 %;DUT 3TH
8433591100;0.000 %;DUT 3TH
8433591900;0.000 %;DUT 3TH
8433598500;0.000 %;DUT 3TH
8433600000;0.000 %;DUT 3TH
8433900000;0.000 %;DUT 3TH
8433900000;0.000 %;DUT 3TH
8434100000;0.000 %;DUT 3TH
8434200000;0.000 %;DUT 3TH
8434900000;0.000 %;DUT 3TH
8435100000;1.700 %;DUT 3TH
8436100000;1.700 %;DUT 3TH
8436210000;1.700 %;DUT 3TH
8436290000;1.700 %;DUT 3TH
8436809000;1.700 %;DUT 3TH
8436809000;1.700 %;DUT 3TH
8436910000;1.700 %;DUT 3TH
8436990000;1.700 %;DUT 3TH
8436990090;1.700 %;DUT 3TH
8436990090;1.700 %;DUT 3TH
8436990090;1.700 %;DUT 3TH
8437100000;1.700 %;DUT 3TH
8437800000;1.700 %;DUT 3TH
8437900000;1.700 %;DUT 3TH
8438101000;1.700 %;DUT 3TH
8438109000;1.700 %;DUT 3TH
8438200000;1.700 %;DUT 3TH
8438300000;1.700 %;DUT 3TH
8438400000;1.700 %;DUT 3TH
8438500000;1.700 %;DUT 3TH
8438600000;1.700 %;DUT 3TH
8438801000;1.700 %;DUT 3TH
8438809100;1.700 %;DUT 3TH
8438809900;1.700 %;DUT 3TH
8438900000;1.700 %;DUT 3TH
8438900090;1.700 %;DUT 3TH
8438900090;1.700 %;DUT 3TH
8439100000;1.700 %;DUT 3TH
8439910000;1.700 %;DUT 3TH
8439990000;1.700 %;DUT 3TH
8439990010;1.700 %;DUT 3TH
8439990090;1.700 %;DUT 3TH
8440101000;1.700 %;DUT 3TH
8440102000;1.700 %;DUT 3TH
8440103000;1.700 %;DUT 3TH
8440104000;1.700 %;DUT 3TH
8440109000;1.700 %;DUT 3TH
8440900000;1.700 %;DUT 3TH
8441101000;1.700 %;DUT 3TH
8441102000;1.700 %;DUT 3TH
8441103000;1.700 %;DUT 3TH
8441107000;1.700 %;DUT 3TH
8441200000;1.700 %;DUT 3TH
8441300000;1.700 %;DUT 3TH
8441400000;1.700 %;DUT 3TH
8441800000;1.700 %;DUT 3TH
8441901000;1.700 %;DUT 3TH
8441909000;1.700 %;DUT 3TH
8442300000;0.000 %;DUT 3TH
8442400000;0.000 %;DUT 3TH
8442500000;0.000 %;DUT 3TH
8443110000;1.700 %;DUT 3TH
8443131000;1.700 %;DUT 3TH
8443139000;1.700 %;DUT 3TH
8443140000;1.700 %;DUT 3TH
8443150000;1.700 %;DUT 3TH
8443160000;1.700 %;DUT 3TH
8443192000;1.700 %;DUT 3TH
8443197000;1.700 %;DUT 3TH
8443310000;0.000 %;DUT 3TH
8443321000;0.000 %;DUT 3TH
8443321090;0.000 %;DUT 3TH
8443328000;0.000 %;DUT 3TH
8443390000;0.000 %;DUT 3TH
8443919100;0.000 %;DUT 3TH
8443919900;0.000 %;DUT 3TH
8443991000;0.000 %;DUT 3TH
8443999000;0.000 %;DUT 3TH
8444001000;1.700 %;DUT 3TH
8444009000;1.700 %;DUT 3TH
8445400000;1.700 %;DUT 3TH
8446210000;1.700 %;DUT 3TH
8446290000;1.700 %;DUT 3TH
8446300000;1.700 %;DUT 3TH
8447202000;1.700 %;DUT 3TH
8447900000;1.700 %;DUT 3TH
8448190000;1.700 %;DUT 3TH
8448200000;1.700 %;DUT 3TH
8448320000;1.700 %;DUT 3TH
8448330000;1.700 %;DUT 3TH
8448390000;1.700 %;DUT 3TH
8448490000;1.700 %;DUT 3TH
8450111100;3.000 %;DUT 3TH
8450120000;2.700 %;DUT 3TH
8450190000;2.700 %;DUT 3TH
8450200000;2.200 %;DUT 3TH
8450900000;2.700 %;DUT 3TH
8451100000;2.200 %;DUT 3TH
8451210000;2.200 %;DUT 3TH
8451210000;2.200 %;DUT 3TH
8451290000;2.200 %;DUT 3TH
8451300000;2.200 %;DUT 3TH
8451500000;2.200 %;DUT 3TH
8451801000;2.200 %;DUT 3TH
8451803000;2.200 %;DUT 3TH
8451808000;2.200 %;DUT 3TH
8451900000;2.200 %;DUT 3TH
8452101100;5.700 %;DUT 3TH
8452101900;9.700 %;DUT 3TH
8452109000;3.700 %;DUT 3TH
8452290000;3.700 %;DUT 3TH
8452300000;2.700 %;DUT 3TH
8452900000;2.700 %;DUT 3TH
8453100000;1.700 %;DUT 3TH
8453800000;1.700 %;DUT 3TH
8454100000;1.700 %;DUT 3TH
8454200000;1.700 %;DUT 3TH
8454309000;1.700 %;DUT 3TH
8454900000;1.700 %;DUT 3TH
8455210000;2.700 %;DUT 3TH
8455220000;2.700 %;DUT 3TH
8455301000;2.700 %;DUT 3TH
8455303100;2.700 %;DUT 3TH
8455309000;2.700 %;DUT 3TH
8455309000;2.700 %;DUT 3TH
8455900000;2.700 %;DUT 3TH
8456111000;0.000 %;DUT 3TH
8456119000;4.500 %;DUT 3TH
8456129000;4.500 %;DUT 3TH
8456200000;3.500 %;DUT 3TH
8456301100;3.500 %;DUT 3TH
8456301900;3.500 %;DUT 3TH
8456400000;3.500 %;DUT 3TH
8456500000;1.700 %;DUT 3TH
8456900000;3.500 %;DUT 3TH
8457101000;2.700 %;DUT 3TH
8457109000;2.700 %;DUT 3TH
8457200000;2.700 %;DUT 3TH
8457301000;2.700 %;DUT 3TH
8457309000;2.700 %;DUT 3TH
8458112000;2.700 %;DUT 3TH
8458114100;2.700 %;DUT 3TH
8458114900;2.700 %;DUT 3TH
8458118000;2.700 %;DUT 3TH
8458190000;2.700 %;DUT 3TH
8458918000;2.700 %;DUT 3TH
8458990000;2.700 %;DUT 3TH
8459210000;2.700 %;DUT 3TH
8459290000;2.700 %;DUT 3TH
8459310000;1.700 %;DUT 3TH
8459390000;1.700 %;DUT 3TH
8459490000;1.700 %;DUT 3TH
8459510000;2.700 %;DUT 3TH
8459590000;2.700 %;DUT 3TH
8459619000;2.700 %;DUT 3TH
8459699000;2.700 %;DUT 3TH
8459700000;2.700 %;DUT 3TH
8460120000;1.700 %;DUT 3TH
8460190000;1.700 %;DUT 3TH
8460220000;1.700 %;DUT 3TH
8460230000;1.700 %;DUT 3TH
8460240000;1.700 %;DUT 3TH
8460291000;2.700 %;DUT 3TH
8460310000;1.700 %;DUT 3TH
8460390000;1.700 %;DUT 3TH
8460409000;1.700 %;DUT 3TH
8460900000;1.700 %;DUT 3TH
8461200000;1.700 %;DUT 3TH
8461401900;2.700 %;DUT 3TH
8461403100;1.700 %;DUT 3TH
8461403900;1.700 %;DUT 3TH
8461501100;1.700 %;DUT 3TH
8461501900;1.700 %;DUT 3TH
8461509000;1.700 %;DUT 3TH
8461900000;2.700 %;DUT 3TH
8462109000;1.700 %;DUT 3TH
8462199000;1.700 %;DUT 3TH
8462211000;2.700 %;DUT 3TH
8462211000;2.700 %;DUT 3TH
8462218000;2.700 %;DUT 3TH
8462221000;2.700 %;DUT 3TH
8462229000;1.700 %;DUT 3TH
8462230000;2.700 %;DUT 3TH
8462260000;2.700 %;DUT 3TH
8462290000;1.700 %;DUT 3TH
8462291000;1.700 %;DUT 3TH
8462299000;1.700 %;DUT 3TH
8462299100;1.700 %;DUT 3TH
8462299800;1.700 %;DUT 3TH
8462299800;1.700 %;DUT 3TH
8462310000;2.700 %;DUT 3TH
8462321000;2.700 %;DUT 3TH
8462329000;1.700 %;DUT 3TH
8462330000;2.700 %;DUT 3TH
8462390000;1.700 %;DUT 3TH
8462399900;1.700 %;DUT 3TH
8462419000;2.700 %;DUT 3TH
8462420000;2.700 %;DUT 3TH
8462490000;1.700 %;DUT 3TH
8462491000;1.700 %;DUT 3TH
8462499000;1.700 %;DUT 3TH
8462611000;2.700 %;DUT 3TH
8462619000;2.700 %;DUT 3TH
8462629000;1.700 %;DUT 3TH
8462699000;1.700 %;DUT 3TH
8462901000;2.700 %;DUT 3TH
8462909000;1.700 %;DUT 3TH
8462918000;2.700 %;DUT 3TH
8462992000;2.700 %;DUT 3TH
8462998000;2.700 %;DUT 3TH
8463101000;2.700 %;DUT 3TH
8463900000;2.700 %;DUT 3TH
8464100000;2.200 %;DUT 3TH
8464201100;2.200 %;DUT 3TH
8464201900;2.200 %;DUT 3TH
8464208000;2.200 %;DUT 3TH
8464900000;2.200 %;DUT 3TH
8465101000;2.700 %;DUT 3TH
8465109000;2.700 %;DUT 3TH
8465200000;2.700 %;DUT 3TH
8465912000;2.700 %;DUT 3TH
8465919000;2.700 %;DUT 3TH
8465920000;2.700 %;DUT 3TH
8465930000;2.700 %;DUT 3TH
8465940000;2.700 %;DUT 3TH
8465950000;2.700 %;DUT 3TH
8465960000;2.700 %;DUT 3TH
8465990000;2.700 %;DUT 3TH
8466102000;1.200 %;DUT 3TH
8466103100;1.200 %;DUT 3TH
8466103800;1.200 %;DUT 3TH
8466108000;1.200 %;DUT 3TH
8466209100;1.200 %;DUT 3TH
8466209800;1.200 %;DUT 3TH
8466300000;1.200 %;DUT 3TH
8466912000;1.200 %;DUT 3TH
8466919500;1.200 %;DUT 3TH
8466922000;1.200 %;DUT 3TH
8466928000;1.200 %;DUT 3TH
8466934000;0.000 %;DUT 3TH
8466935000;1.700 %;DUT 3TH
8466936000;1.200 %;DUT 3TH
8466937090;"Cond: Y cert: Y-035 (01):0.000 % ; Y (01):1.200 %";DUT 3TH
8466940000;1.200 %;DUT 3TH
8467111000;1.700 %;DUT 3TH
8467119000;1.700 %;DUT 3TH
8467119000;1.700 %;DUT 3TH
8467190000;1.700 %;DUT 3TH
8467211000;2.700 %;DUT 3TH
8467219100;2.700 %;DUT 3TH
8467219900;2.700 %;DUT 3TH
8467221000;2.700 %;DUT 3TH
8467223000;2.700 %;DUT 3TH
8467229000;2.700 %;DUT 3TH
8467292000;2.700 %;DUT 3TH
8467295100;2.700 %;DUT 3TH
8467295300;2.700 %;DUT 3TH
8467295900;2.700 %;DUT 3TH
8467297000;2.700 %;DUT 3TH
8467298000;2.700 %;DUT 3TH
8467298500;2.700 %;DUT 3TH
8467298500;2.700 %;DUT 3TH
8467298500;2.700 %;DUT 3TH
8467298500;2.700 %;DUT 3TH
8467810000;1.700 %;DUT 3TH
8467810000;1.700 %;DUT 3TH
8467810000;1.700 %;DUT 3TH
8467890000;1.700 %;DUT 3TH
8467890000;1.700 %;DUT 3TH
8467910000;1.700 %;DUT 3TH
8467920000;1.700 %;DUT 3TH
8467990000;1.700 %;DUT 3TH
8467990010;1.700 %;DUT 3TH
8467990090;1.700 %;DUT 3TH
8467990090;1.700 %;DUT 3TH
8468100000;2.200 %;DUT 3TH
8468200000;2.200 %;DUT 3TH
8468800000;2.200 %;DUT 3TH
8468900000;2.200 %;DUT 3TH
8468900090;2.200 %;DUT 3TH
8470100000;0.000 %;DUT 3TH
8470290000;0.000 %;DUT 3TH
8470300000;0.000 %;DUT 3TH
8470500000;0.000 %;DUT 3TH
8470900000;0.000 %;DUT 3TH
8471300000;0.000 %;DUT 3TH
8471410000;0.000 %;DUT 3TH
8471410090;0.000 %;DUT 3TH
8471490000;0.000 %;DUT 3TH
8471500000;0.000 %;DUT 3TH
8471606000;0.000 %;DUT 3TH
8471607000;0.000 %;DUT 3TH
8471702000;0.000 %;DUT 3TH
8471703000;0.000 %;DUT 3TH
8471705000;0.000 %;DUT 3TH
8471707000;0.000 %;DUT 3TH
8471708000;0.000 %;DUT 3TH
8471709800;0.000 %;DUT 3TH
8471800000;0.000 %;DUT 3TH
8471900000;0.000 %;DUT 3TH
8472100000;0.000 %;DUT 3TH
8472100000;1.500 %;DUT 3TH
8472901000;0.000 %;DUT 3TH
8472901000;0.600 %;DUT 3TH
8472903000;0.000 %;DUT 3TH
8472908000;0.000 %;DUT 3TH
8472909000;0.000 %;DUT 3TH
8472909000;0.600 %;DUT 3TH
8472909000;1.100 %;DUT 3TH
8472909000;1.700 %;DUT 3TH
8472909000;1.700 %;DUT 3TH
8473291000;0.000 %;DUT 3TH
8473299000;0.000 %;DUT 3TH
8473302000;0.000 %;DUT 3TH
8473308000;0.000 %;DUT 3TH
8473408000;0.000 %;DUT 3TH
8473508000;0.000 %;DUT 3TH
8474100000;0.000 %;DUT 3TH
8474200000;0.000 %;DUT 3TH
8474310000;0.000 %;DUT 3TH
8474310000;0.000 %;DUT 3TH
8474390000;0.000 %;DUT 3TH
8474801000;0.000 %;DUT 3TH
8474809000;0.000 %;DUT 3TH
8474901000;0.000 %;DUT 3TH
8474909000;0.000 %;DUT 3TH
8475210000;0.000 %;DUT 3TH
8475290000;1.700 %;DUT 3TH
8475909000;1.700 %;DUT 3TH
8476210000;1.700 %;DUT 3TH
8476290000;1.700 %;DUT 3TH
8476810000;1.700 %;DUT 3TH
8476891000;0.000 %;DUT 3TH
8476899000;1.700 %;DUT 3TH
8476909000;1.700 %;DUT 3TH
8476909090;1.700 %;DUT 3TH
8477100000;1.700 %;DUT 3TH
8477200000;1.700 %;DUT 3TH
8477300000;1.700 %;DUT 3TH
8477400000;1.700 %;DUT 3TH
8477591000;1.700 %;DUT 3TH
8477598000;1.700 %;DUT 3TH
8477801100;1.700 %;DUT 3TH
8477801900;1.700 %;DUT 3TH
8477809100;1.700 %;DUT 3TH
8477809300;1.700 %;DUT 3TH
8477809500;1.700 %;DUT 3TH
8477809900;1.700 %;DUT 3TH
8477809990;1.700 %;DUT 3TH
8477901000;1.700 %;DUT 3TH
8477908000;1.700 %;DUT 3TH
8479100000;0.000 %;DUT 3TH
8479200000;1.700 %;DUT 3TH
8479301000;1.700 %;DUT 3TH
8479309000;1.700 %;DUT 3TH
8479500000;1.700 %;DUT 3TH
8479600000;1.700 %;DUT 3TH
8479790000;1.700 %;DUT 3TH
8479810000;1.700 %;DUT 3TH
8479820000;1.700 %;DUT 3TH
8479820090;1.700 %;DUT 3TH
8479830000;1.700 %;DUT 3TH
8479896000;1.700 %;DUT 3TH
8479897000;0.000 %;DUT 3TH
8479899710;0.000 %;DUT 3TH
8479899760;1.700 %;DUT 3TH
8479899790;1.700 %;DUT 3TH
8479899790;1.700 %;DUT 3TH
8479899790;1.700 %;DUT 3TH
8479899790;1.700 %;DUT 3TH
8479901500;0.000 %;DUT 3TH
8479902090;1.700 %;DUT 3TH
8479907099;1.700 %;DUT 3TH
8479907099;1.700 %;DUT 3TH
8479908099;1.700 %;DUT 3TH
8480100000;1.700 %;DUT 3TH
8480200000;1.700 %;DUT 3TH
8480309000;2.700 %;DUT 3TH
8480410000;1.700 %;DUT 3TH
8480490000;1.700 %;DUT 3TH
8480500000;1.700 %;DUT 3TH
8480600000;1.700 %;DUT 3TH
8480600000;1.700 %;DUT 3TH
8480710000;1.700 %;DUT 3TH
8480790000;1.700 %;DUT 3TH
8481100500;2.200 %;DUT 3TH
8481100590;2.200 %;DUT 3TH
8481101990;2.200 %;DUT 3TH
8481109900;2.200 %;DUT 3TH
8481109990;2.200 %;DUT 3TH
8481201000;2.200 %;DUT 3TH
8481201090;2.200 %;DUT 3TH
8481209000;2.200 %;DUT 3TH
8481209090;2.200 %;DUT 3TH
8481309100;2.200 %;DUT 3TH
8481309199;2.200 %;DUT 3TH
8481309900;2.200 %;DUT 3TH
8481309990;2.200 %;DUT 3TH
8481309990;2.200 %;DUT 3TH
8481309990;2.200 %;DUT 3TH
8481309990;2.200 %;DUT 3TH
8481401090;2.200 %;DUT 3TH
8481409000;2.200 %;DUT 3TH
8481409090;2.200 %;DUT 3TH
8481409090;2.200 %;DUT 3TH
8481409090;2.200 %;DUT 3TH
8481801190;2.200 %;DUT 3TH
8481801900;2.200 %;DUT 3TH
8481801990;2.200 %;DUT 3TH
8481801990;2.200 %;DUT 3TH
8481803100;2.200 %;DUT 3TH
8481803100;2.200 %;DUT 3TH
8481803900;2.200 %;DUT 3TH
8481804000;2.200 %;DUT 3TH
8481804090;2.200 %;DUT 3TH
8481805100;2.200 %;DUT 3TH
8481805900;2.200 %;DUT 3TH
8481805950;2.200 %;DUT 3TH
8481805990;2.200 %;DUT 3TH
8481806100;2.200 %;DUT 3TH
8481806900;2.200 %;DUT 3TH
8481806999;2.200 %;DUT 3TH
8481807100;2.200 %;DUT 3TH
8481807390;2.200 %;DUT 3TH
8481807920;2.200 %;DUT 3TH
8481807990;2.200 %;DUT 3TH
8481808100;2.200 %;DUT 3TH
8481808190;2.200 %;DUT 3TH
8481808590;2.200 %;DUT 3TH
8481808790;2.200 %;DUT 3TH
8481809900;2.200 %;DUT 3TH
8481809970;2.200 %;DUT 3TH
8481809990;2.200 %;DUT 3TH
8481809990;2.200 %;DUT 3TH
8481809990;2.200 %;DUT 3TH
8481900000;2.200 %;DUT 3TH
8481900010;2.200 %;DUT 3TH
8481900030;2.200 %;DUT 3TH
8481900090;2.200 %;DUT 3TH
8481900090;2.200 %;DUT 3TH
8481900090;2.200 %;DUT 3TH
8482101000;8.000 %;DUT 3TH
8482101090;8.000 %;DUT 3TH
8482109000;8.000 %;DUT 3TH
8482109090;8.000 %;DUT 3TH
8482109090;8.000 %;DUT 3TH
8482109090;8.000 %;DUT 3TH
8482200000;8.000 %;DUT 3TH
8482300000;8.000 %;DUT 3TH
8482300000;8.000 %;DUT 3TH
8482400000;8.000 %;DUT 3TH
8482500090;8.000 %;DUT 3TH
8482500090;8.000 %;DUT 3TH
8482500090;8.000 %;DUT 3TH
8482500090;8.000 %;DUT 3TH
8482500090;8.000 %;DUT 3TH
8482800090;8.000 %;DUT 3TH
8482911000;8.000 %;DUT 3TH
8482919000;7.700 %;DUT 3TH
8482919090;7.700 %;DUT 3TH
8482990000;8.000 %;DUT 3TH
8482990000;8.000 %;DUT 3TH
8482990000;8.000 %;DUT 3TH
8482990090;8.000 %;DUT 3TH
8483102190;4.000 %;DUT 3TH
8483102590;4.000 %;DUT 3TH
8483102990;4.000 %;DUT 3TH
8483102990;4.000 %;DUT 3TH
8483105090;4.000 %;DUT 3TH
8483105090;4.000 %;DUT 3TH
8483109590;4.000 %;DUT 3TH
8483109590;4.000 %;DUT 3TH
8483200000;6.000 %;DUT 3TH
8483303290;5.700 %;DUT 3TH
8483303899;3.400 %;DUT 3TH
8483308090;3.400 %;DUT 3TH
8483308090;3.400 %;DUT 3TH
8483402190;3.700 %;DUT 3TH
8483402590;3.700 %;DUT 3TH
8483402989;3.700 %;DUT 3TH
8483402989;3.700 %;DUT 3TH
8483405190;3.700 %;DUT 3TH
8483405920;3.700 %;DUT 3TH
8483405990;3.700 %;DUT 3TH
8483409080;3.700 %;DUT 3TH
8483409099;3.700 %;DUT 3TH
8483502090;2.700 %;DUT 3TH
8483508090;2.700 %;DUT 3TH
8483602090;2.700 %;DUT 3TH
8483608090;2.700 %;DUT 3TH
8483902090;5.700 %;DUT 3TH
8483908190;2.700 %;DUT 3TH
8483908990;2.700 %;DUT 3TH
8484100090;1.700 %;DUT 3TH
8484100090;1.700 %;DUT 3TH
8484200090;1.700 %;DUT 3TH
8484900090;1.700 %;DUT 3TH
8484900090;1.700 %;DUT 3TH
8485100000;2.700 %;DUT 3TH
8485200000;1.700 %;DUT 3TH
8485909000;1.700 %;DUT 3TH
8485909090;1.700 %;DUT 3TH
8486100000;0.000 %;DUT 3TH
8486200000;0.000 %;DUT 3TH
8486200000;0.000 %;DUT 3TH
8486209000;0.000 %;DUT 3TH
8486300000;0.000 %;DUT 3TH
8486400000;0.000 %;DUT 3TH
8486900000;0.000 %;DUT 3TH
8486900000;0.000 %;DUT 3TH
8486909000;0.000 %;DUT 3TH
8487101000;1.700 %;DUT 3TH
8487109000;1.700 %;DUT 3TH
8487904000;1.700 %;DUT 3TH
8487904090;1.700 %;DUT 3TH
8487905190;1.700 %;DUT 3TH
8487905990;1.700 %;DUT 3TH
8487909000;1.700 %;DUT 3TH
8487909090;1.700 %;DUT 3TH
8501101000;4.700 %;DUT 3TH
8501101090;4.700 %;DUT 3TH
8501109190;2.700 %;DUT 3TH
8501109390;2.700 %;DUT 3TH
8501109900;2.700 %;DUT 3TH
8501109910;2.700 %;DUT 3TH
8501109954;2.700 %;DUT 3TH
8501109957;2.700 %;DUT 3TH
8501109990;2.700 %;DUT 3TH
8501200090;2.700 %;DUT 3TH
8501310050;2.700 %;DUT 3TH
8501310078;2.700 %;DUT 3TH
8501310081;2.700 %;DUT 3TH
8501310099;2.700 %;DUT 3TH
8501310099;2.700 %;DUT 3TH
8501320099;2.700 %;DUT 3TH
8501330055;2.700 %;DUT 3TH
8501330099;2.700 %;DUT 3TH
8501340099;2.700 %;DUT 3TH
8501402080;2.700 %;DUT 3TH
8501408090;2.700 %;DUT 3TH
8501408090;2.700 %;DUT 3TH
8501510090;2.700 %;DUT 3TH
8501522089;2.700 %;DUT 3TH
8501522089;2.700 %;DUT 3TH
8501523090;2.700 %;DUT 3TH
8501529090;2.700 %;DUT 3TH
8501535090;2.700 %;DUT 3TH
8501538190;2.700 %;DUT 3TH
8501539490;2.700 %;DUT 3TH
8501539990;2.700 %;DUT 3TH
8501612099;2.700 %;DUT 3TH
8501618099;2.700 %;DUT 3TH
8501620098;2.700 %;DUT 3TH
8501620098;2.700 %;DUT 3TH
8501620098;2.700 %;DUT 3TH
8501640000;2.700 %;DUT 3TH
8501640090;2.700 %;DUT 3TH
8501710000;2.700 %;DUT 3TH
8502112090;2.700 %;DUT 3TH
8502118090;2.700 %;DUT 3TH
8502120090;2.700 %;DUT 3TH
8502132090;2.700 %;DUT 3TH
8502134090;2.700 %;DUT 3TH
8502138090;2.700 %;DUT 3TH
8502202090;2.700 %;DUT 3TH
8502204090;2.700 %;DUT 3TH
8502206090;2.700 %;DUT 3TH
8502208090;2.700 %;DUT 3TH
8502310090;2.700 %;DUT 3TH
8502310097;2.700 %;DUT 3TH
8502398090;2.700 %;DUT 3TH
8503002090;2.700 %;DUT 3TH
8503009131;2.700 %;DUT 3TH
8503009199;2.700 %;DUT 3TH
8503009800;2.700 %;DUT 3TH
8503009899;2.700 %;DUT 3TH
8503009900;2.700 %;DUT 3TH
8503009980;2.700 %;DUT 3TH
8503009999;2.700 %;DUT 3TH
8504108090;3.700 %;DUT 3TH
8504210000;3.700 %;DUT 3TH
8504229000;3.700 %;DUT 3TH
8504230000;3.700 %;DUT 3TH
8504312190;3.700 %;DUT 3TH
8504312990;3.700 %;DUT 3TH
8504318090;3.700 %;DUT 3TH
8504320090;3.700 %;DUT 3TH
8504330090;3.700 %;DUT 3TH
8504403000;0.000 %;DUT 3TH
8504403090;0.000 %;DUT 3TH
8504405590;0.000 %;DUT 3TH
8504405590;0.800 %;DUT 3TH
8504405590;1.700 %;DUT 3TH
8504405590;2.500 %;DUT 3TH
8504405590;2.500 %;DUT 3TH
8504406090;0.000 %;DUT 3TH
8504408290;0.000 %;DUT 3TH
8504408290;0.800 %;DUT 3TH
8504408290;1.700 %;DUT 3TH
8504408390;0.000 %;DUT 3TH
8504408490;0.000 %;DUT 3TH
8504408490;0.000 %;DUT 3TH
8504408490;0.800 %;DUT 3TH
8504408590;0.000 %;DUT 3TH
8504408690;0.000 %;DUT 3TH
8504408890;0.000 %;DUT 3TH
8504408899;0.800 %;DUT 3TH
8504409040;1.700 %;DUT 3TH
8504409070;1.700 %;DUT 3TH
8504409090;0.000 %;DUT 3TH
8504409090;0.800 %;DUT 3TH
8504409090;1.700 %;DUT 3TH
8504409090;2.500 %;DUT 3TH
8504409090;2.500 %;DUT 3TH
8504409090;2.500 %;DUT 3TH
8504409590;0.000 %;DUT 3TH
8504500000;0.000 %;DUT 3TH
8504500090;0.000 %;DUT 3TH
8504502000;0.000 %;DUT 3TH
8504509590;0.000 %;DUT 3TH
8504901100;0.000 %;DUT 3TH
8504901700;0.000 %;DUT 3TH
8504901900;0.000 %;DUT 3TH
8504909000;0.000 %;DUT 3TH
8504909100;0.000 %;DUT 3TH
8504909900;1.100 %;DUT 3TH
8504909990;0.600 %;DUT 3TH
8504909990;1.100 %;DUT 3TH
8505110010;2.200 %;DUT 3TH
8505110047;2.200 %;DUT 3TH
8505110070;2.200 %;DUT 3TH
8505110099;2.200 %;DUT 3TH
8505111010;2.200 %;DUT 3TH
8505119000;2.200 %;DUT 3TH
8505119099;2.200 %;DUT 3TH
8505191000;2.200 %;DUT 3TH
8505191090;2.200 %;DUT 3TH
8505199030;2.200 %;DUT 3TH
8505199089;2.200 %;DUT 3TH
8505200000;2.200 %;DUT 3TH
8505200030;2.200 %;DUT 3TH
8505200090;2.200 %;DUT 3TH
8505902999;1.800 %;DUT 3TH
8505905000;2.200 %;DUT 3TH
8505905090;2.200 %;DUT 3TH
8505909090;1.800 %;DUT 3TH
8506101100;4.700 %;DUT 3TH
8506101800;4.700 %;DUT 3TH
8506109800;4.700 %;DUT 3TH
8506300000;4.700 %;DUT 3TH
8506300000;4.700 %;DUT 3TH
8506400000;4.700 %;DUT 3TH
8506501000;4.700 %;DUT 3TH
8506501090;4.700 %;DUT 3TH
8506503000;4.700 %;DUT 3TH
8506503090;4.700 %;DUT 3TH
8506509000;4.700 %;DUT 3TH
8506509010;4.700 %;DUT 3TH
8506509090;4.700 %;DUT 3TH
8506800500;0.000 %;DUT 3TH
8506808000;4.700 %;DUT 3TH
8506900090;4.700 %;DUT 3TH
8507102080;3.700 %;DUT 3TH
8507102090;3.700 %;DUT 3TH
8507102099;3.700 %;DUT 3TH
8507108090;3.700 %;DUT 3TH
8507202090;3.700 %;DUT 3TH
8507208090;3.700 %;DUT 3TH
8507208090;3.700 %;DUT 3TH
8507308090;2.600 %;DUT 3TH
8507400090;2.700 %;DUT 3TH
8507500090;2.700 %;DUT 3TH
8507600013;2.700 %;DUT 3TH
8507600015;2.700 %;DUT 3TH
8507600017;2.700 %;DUT 3TH
8507600065;2.700 %;DUT 3TH
8507600090;2.700 %;DUT 3TH
8507800090;2.700 %;DUT 3TH
8507908090;2.700 %;DUT 3TH
8507908099;2.700 %;DUT 3TH
8508110000;2.200 %;DUT 3TH
8508190000;1.700 %;DUT 3TH
8508600000;1.700 %;DUT 3TH
8508700090;1.700 %;DUT 3TH
8509400000;2.200 %;DUT 3TH
8509800000;2.200 %;DUT 3TH
8509900000;2.200 %;DUT 3TH
8510100000;2.200 %;DUT 3TH
8510200000;2.200 %;DUT 3TH
8510300000;2.200 %;DUT 3TH
8510900000;2.200 %;DUT 3TH
8511100090;3.200 %;DUT 3TH
8511100090;3.200 %;DUT 3TH
8511100090;3.200 %;DUT 3TH
8511200090;3.200 %;DUT 3TH
8511300090;3.200 %;DUT 3TH
8511400090;3.200 %;DUT 3TH
8511500090;3.200 %;DUT 3TH
8511800090;3.200 %;DUT 3TH
8511900090;3.200 %;DUT 3TH
8511900090;3.200 %;DUT 3TH
8511900090;3.200 %;DUT 3TH
8512100000;2.700 %;DUT 3TH
8512200000;2.700 %;DUT 3TH
8512200030;2.700 %;DUT 3TH
8512200080;2.700 %;DUT 3TH
8512200090;2.700 %;DUT 3TH
8512200090;2.700 %;DUT 3TH
8512301000;2.200 %;DUT 3TH
8512309000;2.700 %;DUT 3TH
8512309090;2.700 %;DUT 3TH
8512400000;2.700 %;DUT 3TH
8512400090;2.700 %;DUT 3TH
8512400090;2.700 %;DUT 3TH
8512400090;2.700 %;DUT 3TH
8512400090;2.700 %;DUT 3TH
8512400090;2.700 %;DUT 3TH
8512901000;2.200 %;DUT 3TH
8512909000;2.700 %;DUT 3TH
8512909000;2.700 %;DUT 3TH
8512909000;2.700 %;DUT 3TH
8512909090;2.700 %;DUT 3TH
8513100000;5.700 %;DUT 3TH
8513900000;5.700 %;DUT 3TH
8514101000;2.200 %;DUT 3TH
8514108000;2.200 %;DUT 3TH
8514108090;2.200 %;DUT 3TH
8514110000;2.200 %;DUT 3TH
8514191000;2.200 %;DUT 3TH
8514198000;2.200 %;DUT 3TH
8514208090;2.200 %;DUT 3TH
8514208090;2.200 %;DUT 3TH
8514308000;2.200 %;DUT 3TH
8514399000;2.200 %;DUT 3TH
8514400000;2.200 %;DUT 3TH
8514903000;0.000 %;DUT 3TH
8514903000;1.700 %;DUT 3TH
8514907000;2.200 %;DUT 3TH
8515110000;2.700 %;DUT 3TH
8515199000;2.700 %;DUT 3TH
8515210000;2.700 %;DUT 3TH
8515290000;2.700 %;DUT 3TH
8515310000;2.700 %;DUT 3TH
8515391300;2.700 %;DUT 3TH
8515391800;2.700 %;DUT 3TH
8515399000;2.700 %;DUT 3TH
8515801000;2.700 %;DUT 3TH
8515809000;2.700 %;DUT 3TH
8515902000;0.000 %;DUT 3TH
8515908000;2.700 %;DUT 3TH
8515908090;2.700 %;DUT 3TH
8516101100;2.700 %;DUT 3TH
8516108000;2.700 %;DUT 3TH
8516108090;2.700 %;DUT 3TH
8516291000;2.700 %;DUT 3TH
8516295000;2.700 %;DUT 3TH
8516299100;2.700 %;DUT 3TH
8516299900;2.700 %;DUT 3TH
8516310000;2.700 %;DUT 3TH
8516320000;2.700 %;DUT 3TH
8516330000;2.700 %;DUT 3TH
8516400000;2.700 %;DUT 3TH
8516500000;5.000 %;DUT 3TH
8516500090;5.000 %;DUT 3TH
8516601000;2.700 %;DUT 3TH
8516605000;2.700 %;DUT 3TH
8516607000;2.700 %;DUT 3TH
8516608090;2.700 %;DUT 3TH
8516609000;2.700 %;DUT 3TH
8516710000;2.700 %;DUT 3TH
8516720000;2.700 %;DUT 3TH
8516792000;2.700 %;DUT 3TH
8516797000;2.700 %;DUT 3TH
8516797090;2.700 %;DUT 3TH
8516802090;2.700 %;DUT 3TH
8516808000;2.700 %;DUT 3TH
8516900099;2.700 %;DUT 3TH
8517110000;0.000 %;DUT 3TH
8517120000;0.000 %;DUT 3TH
8517130000;0.000 %;DUT 3TH
8517140000;0.000 %;DUT 3TH
8517180000;0.000 %;DUT 3TH
8517610000;0.000 %;DUT 3TH
8517620000;0.000 %;DUT 3TH
8517620000;0.000 %;DUT 3TH
8517620000;0.000 %;DUT 3TH
8517691000;0.000 %;DUT 3TH
8517693000;0.000 %;DUT 3TH
8517699000;0.000 %;DUT 3TH
8517700000;0.000 %;DUT 3TH
8517710000;0.000 %;DUT 3TH
8517790000;0.000 %;DUT 3TH
8518100090;0.000 %;DUT 3TH
8518109590;0.000 %;DUT 3TH
8518109590;0.600 %;DUT 3TH
8518109590;1.300 %;DUT 3TH
8518109590;1.900 %;DUT 3TH
8518210000;0.000 %;DUT 3TH
8518220090;0.000 %;DUT 3TH
8518220090;1.100 %;DUT 3TH
8518220090;2.300 %;DUT 3TH
8518290000;0.000 %;DUT 3TH
8518290090;0.000 %;DUT 3TH
8518293090;0.000 %;DUT 3TH
8518299590;0.000 %;DUT 3TH
8518299599;0.800 %;DUT 3TH
8518299599;1.500 %;DUT 3TH
8518300000;0.000 %;DUT 3TH
8518300090;0.000 %;DUT 3TH
8518309590;0.000 %;DUT 3TH
8518309590;0.500 %;DUT 3TH
8518309590;1.000 %;DUT 3TH
8518309590;1.500 %;DUT 3TH
8518400000;0.000 %;DUT 3TH
8518400090;0.000 %;DUT 3TH
8518408090;0.000 %;DUT 3TH
8518408099;1.100 %;DUT 3TH
8518408099;2.300 %;DUT 3TH
8518500090;0.000 %;DUT 3TH
8518500090;1.000 %;DUT 3TH
8518900000;0.000 %;DUT 3TH
8518900099;0.000 %;DUT 3TH
8518900099;0.500 %;DUT 3TH
8518900099;1.000 %;DUT 3TH
8519201000;6.000 %;DUT 3TH
8519300000;2.000 %;DUT 3TH
8519810000;0.000 %;DUT 3TH
8519810090;0.000 %;DUT 3TH
8519813500;2.400 %;DUT 3TH
8519813500;4.800 %;DUT 3TH
8519814500;0.000 %;DUT 3TH
8519814590;1.100 %;DUT 3TH
8519814590;2.300 %;DUT 3TH
8519819590;0.000 %;DUT 3TH
8519890000;0.000 %;DUT 3TH
8521102000;0.000 %;DUT 3TH
8521900000;0.000 %;DUT 3TH
8521900000;1.700 %;DUT 3TH
8521900010;3.500 %;DUT 3TH
8521900020;8.700 %;DUT 3TH
8521900090;1.700 %;DUT 3TH
8521900090;3.500 %;DUT 3TH
8521900090;5.200 %;DUT 3TH
8521900090;7.000 %;DUT 3TH
8521900090;8.700 %;DUT 3TH
8522100000;4.000 %;DUT 3TH
8522900090;0.000 %;DUT 3TH
8522908000;0.000 %;DUT 3TH
8522908099;0.000 %;DUT 3TH
8523210000;0.000 %;DUT 3TH
8523291900;0.000 %;DUT 3TH
8523299000;0.000 %;DUT 3TH
8523419000;0.000 %;DUT 3TH
8523491000;0.000 %;DUT 3TH
8523492000;0.000 %;DUT 3TH
8523499000;0.000 %;DUT 3TH
8523511000;0.000 %;DUT 3TH
8523519000;0.000 %;DUT 3TH
8523520000;0.000 %;DUT 3TH
8523591000;0.000 %;DUT 3TH
8523599000;0.000 %;DUT 3TH
8523801000;0.000 %;DUT 3TH
8523809000;0.000 %;DUT 3TH
8524110000;0.000 %;DUT 3TH
8524910000;0.000 %;DUT 3TH
8524920000;0.000 %;DUT 3TH
8525500000;0.000 %;DUT 3TH
8525500000;1.800 %;DUT 3TH
8525600000;0.000 %;DUT 3TH
8525801990;0.800 %;DUT 3TH
8525801990;1.600 %;DUT 3TH
8525801990;2.500 %;DUT 3TH
8525801990;3.300 %;DUT 3TH
8525803000;0.000 %;DUT 3TH
8525803000;0.000 %;DUT 3TH
8525809100;0.000 %;DUT 3TH
8525809100;1.600 %;DUT 3TH
8525809190;0.800 %;DUT 3TH
8525809190;1.600 %;DUT 3TH
8525809190;2.500 %;DUT 3TH
8525809190;3.300 %;DUT 3TH
8525809900;0.000 %;DUT 3TH
8525809900;0.000 %;DUT 3TH
8525809900;3.500 %;DUT 3TH
8525809900;7.000 %;DUT 3TH
8525810000;0.000 %;DUT 3TH
8525820000;0.000 %;DUT 3TH
8525890000;0.000 %;DUT 3TH
8526100090;0.000 %;DUT 3TH
8526912000;0.000 %;DUT 3TH
8526912099;0.000 %;DUT 3TH
8526912099;0.000 %;DUT 3TH
8526918000;0.000 %;DUT 3TH
8526918090;0.000 %;DUT 3TH
8526918090;0.000 %;DUT 3TH
8526918090;0.900 %;DUT 3TH
8526920000;0.000 %;DUT 3TH
8526920090;0.000 %;DUT 3TH
8526920090;0.000 %;DUT 3TH
8526920090;0.900 %;DUT 3TH
8526920090;1.900 %;DUT 3TH
8526920090;2.800 %;DUT 3TH
8526920090;2.800 %;DUT 3TH
8527130000;0.000 %;DUT 3TH
8527131000;3.000 %;DUT 3TH
8527131000;6.000 %;DUT 3TH
8527131000;9.000 %;DUT 3TH
8527139100;0.000 %;DUT 3TH
8527139900;0.000 %;DUT 3TH
8527190000;0.000 %;DUT 3TH
8527215900;0.000 %;DUT 3TH
8527215900;1.300 %;DUT 3TH
8527215900;2.500 %;DUT 3TH
8527219800;10.000 %;DUT 3TH
8527910000;0.000 %;DUT 3TH
8527919990;2.500 %;DUT 3TH
8527920000;0.000 %;DUT 3TH
8527921000;0.000 %;DUT 3TH
8527929000;2.300 %;DUT 3TH
8527990000;0.000 %;DUT 3TH
8527990090;2.300 %;DUT 3TH
8528420000;0.000 %;DUT 3TH
8528490000;0.000 %;DUT 3TH
8528521000;0.000 %;DUT 3TH
8528529100;0.000 %;DUT 3TH
8528529900;0.000 %;DUT 3TH
8528590000;14.000 %;DUT 3TH
8528590020;14.000 %;DUT 3TH
8528590090;14.000 %;DUT 3TH
8528620000;0.000 %;DUT 3TH
8528698000;14.000 %;DUT 3TH
8528698090;14.000 %;DUT 3TH
8528710000;0.000 %;DUT 3TH
8528711500;0.000 %;DUT 3TH
8528711900;8.800 %;DUT 3TH
8528719100;0.000 %;DUT 3TH
8528719900;10.500 %;DUT 3TH
8528719900;7.000 %;DUT 3TH
8528719900;8.800 %;DUT 3TH
8528721000;14.000 %;DUT 3TH
8528722000;14.000 %;DUT 3TH
8528723000;14.000 %;DUT 3TH
8528724000;14.000 %;DUT 3TH
8528728000;14.000 %;DUT 3TH
8528730000;2.000 %;DUT 3TH
8529101100;0.000 %;DUT 3TH
8529101100;1.300 %;DUT 3TH
8529103100;1.800 %;DUT 3TH
8529106900;0.000 %;DUT 3TH
8529106900;0.000 %;DUT 3TH
8529108090;0.000 %;DUT 3TH
8529108090;0.000 %;DUT 3TH
8529108090;0.900 %;DUT 3TH
8529109500;0.000 %;DUT 3TH
8529109500;0.000 %;DUT 3TH
8529901500;3.000 %;DUT 3TH
8529902000;0.000 %;DUT 3TH
8529903000;0.000 %;DUT 3TH
8529904000;0.000 %;DUT 3TH
8529904100;0.000 %;DUT 3TH
8529904900;0.000 %;DUT 3TH
8529906500;0.000 %;DUT 3TH
8529906590;0.400 %;DUT 3TH
8529906590;0.800 %;DUT 3TH
8529906590;1.100 %;DUT 3TH
8529906590;1.500 %;DUT 3TH
8529906590;1.900 %;DUT 3TH
8529906590;2.300 %;DUT 3TH
8529909100;0.000 %;DUT 3TH
8529909200;0.000 %;DUT 3TH
8529909215;2.500 %;DUT 3TH
8529909215;3.800 %;DUT 3TH
8529909299;0.600 %;DUT 3TH
8529909299;2.500 %;DUT 3TH
8529909299;3.100 %;DUT 3TH
8529909299;3.800 %;DUT 3TH
8529909300;0.000 %;DUT 3TH
8529909600;0.000 %;DUT 3TH
8529909700;0.000 %;DUT 3TH
8529909790;0.400 %;DUT 3TH
8529909790;1.100 %;DUT 3TH
8529909790;1.500 %;DUT 3TH
8529909790;1.900 %;DUT 3TH
8529909790;2.300 %;DUT 3TH
8530800000;1.700 %;DUT 3TH
8530900000;1.700 %;DUT 3TH
8531103000;2.200 %;DUT 3TH
8531109590;2.200 %;DUT 3TH
8531202090;0.000 %;DUT 3TH
8531204090;0.000 %;DUT 3TH
8531209590;0.000 %;DUT 3TH
8531804090;2.200 %;DUT 3TH
8531807000;0.000 %;DUT 3TH
8531900000;0.000 %;DUT 3TH
8532100000;0.000 %;DUT 3TH
8532220000;0.000 %;DUT 3TH
8532230000;0.000 %;DUT 3TH
8532240000;0.000 %;DUT 3TH
8532250000;0.000 %;DUT 3TH
8532290000;0.000 %;DUT 3TH
8532300000;0.000 %;DUT 3TH
8532900000;0.000 %;DUT 3TH
8533100000;0.000 %;DUT 3TH
8533210000;0.000 %;DUT 3TH
8533290000;0.000 %;DUT 3TH
8533310000;0.000 %;DUT 3TH
8533390000;0.000 %;DUT 3TH
8533401000;0.000 %;DUT 3TH
8533409000;0.000 %;DUT 3TH
8533900000;0.000 %;DUT 3TH
8534001100;0.000 %;DUT 3TH
8534001900;0.000 %;DUT 3TH
8534009000;0.000 %;DUT 3TH
8535100000;2.700 %;DUT 3TH
8535100090;2.700 %;DUT 3TH
8535210000;2.700 %;DUT 3TH
8535290090;2.700 %;DUT 3TH
8535301090;2.700 %;DUT 3TH
8535309090;2.700 %;DUT 3TH
8535309090;"Cond: Y cert: Y-035 (01):0.000 % ; Y (01):2.700 %";DUT 3TH
8535900000;2.700 %;DUT 3TH
8535900089;2.700 %;DUT 3TH
8535900090;2.700 %;DUT 3TH
8536101090;2.300 %;DUT 3TH
8536105090;2.300 %;DUT 3TH
8536105090;"Cond: Y cert: Y-035 (01):0.000 % ; Y (01):2.300 %";DUT 3TH
8536109010;2.300 %;DUT 3TH
8536109090;2.300 %;DUT 3TH
8536201090;2.300 %;DUT 3TH
8536209000;2.300 %;DUT 3TH
8536209090;2.300 %;DUT 3TH
8536209090;2.300 %;DUT 3TH
8536209090;"Cond: Y cert: Y-035 (01):0.000 % ; Y (01):2.300 %";DUT 3TH
8536301000;0.000 %;DUT 3TH
8536301090;0.000 %;DUT 3TH
8536303000;0.000 %;DUT 3TH
8536303099;0.000 %;DUT 3TH
8536309000;0.000 %;DUT 3TH
8536309090;0.000 %;DUT 3TH
8536411090;2.300 %;DUT 3TH
8536419000;2.300 %;DUT 3TH
8536419040;2.300 %;DUT 3TH
8536419089;2.300 %;DUT 3TH
8536490000;2.300 %;DUT 3TH
8536490050;2.300 %;DUT 3TH
8536490091;2.300 %;DUT 3TH
8536490099;2.300 %;DUT 3TH
8536490099;2.300 %;DUT 3TH
8536490099;"Cond: Y cert: Y-035 (01):0.000 % ; Y (01):2.300 %";DUT 3TH
8536500300;0.000 %;DUT 3TH
8536500300;0.000 %;DUT 3TH
8536500500;0.000 %;DUT 3TH
8536500700;0.000 %;DUT 3TH
8536500700;0.000 %;DUT 3TH
8536501100;0.000 %;DUT 3TH
8536501190;0.000 %;DUT 3TH
8536501190;0.000 %;DUT 3TH
8536501199;0.600 %;DUT 3TH
8536501500;0.000 %;DUT 3TH
8536501590;0.000 %;DUT 3TH
8536501900;0.000 %;DUT 3TH
8536501990;0.000 %;DUT 3TH
8536501999;0.600 %;DUT 3TH
8536508000;0.000 %;DUT 3TH
8536508000;0.000 %;DUT 3TH
8536508090;0.000 %;DUT 3TH
8536508099;0.600 %;DUT 3TH
8536508099;1.200 %;DUT 3TH
8536508099;1.700 %;DUT 3TH
8536611090;2.300 %;DUT 3TH
8536619000;2.300 %;DUT 3TH
8536619090;2.300 %;DUT 3TH
8536691000;0.000 %;DUT 3TH
8536693000;0.000 %;DUT 3TH
8536699000;2.300 %;DUT 3TH
8536699010;2.300 %;DUT 3TH
8536699084;2.300 %;DUT 3TH
8536699085;2.300 %;DUT 3TH
8536699099;2.300 %;DUT 3TH
8536699099;2.300 %;DUT 3TH
8536699099;"Cond: Y cert: Y-035 (01):0.000 % ; Y (01):2.300 %";DUT 3TH
8536700010;3.000 %;DUT 3TH
8536700093;3.000 %;DUT 3TH
8536700099;3.000 %;DUT 3TH
8536900100;0.000 %;DUT 3TH
8536900100;1.200 %;DUT 3TH
8536900110;0.000 %;DUT 3TH
8536900190;0.000 %;DUT 3TH
8536900190;1.200 %;DUT 3TH
8536901000;0.000 %;DUT 3TH
8536901000;0.000 %;DUT 3TH
8536902000;0.000 %;DUT 3TH
8536904000;2.300 %;DUT 3TH
8536909500;0.000 %;DUT 3TH
8536909599;0.000 %;DUT 3TH
8536909599;0.600 %;DUT 3TH
8536909599;1.200 %;DUT 3TH
8537101000;2.100 %;DUT 3TH
8537101090;2.100 %;DUT 3TH
8537109100;2.100 %;DUT 3TH
8537109110;2.100 %;DUT 3TH
8537109120;2.100 %;DUT 3TH
8537109160;2.100 %;DUT 3TH
8537109160;"Cond: Y cert: Y-035 (01):0.000 % ; Y (01):2.100 %";DUT 3TH
8537109170;2.100 %;DUT 3TH
8537109199;2.100 %;DUT 3TH
8537109199;2.100 %;DUT 3TH
8537109199;"Cond: Y cert: Y-035 (01):0.000 % ; Y (01):2.100 %";DUT 3TH
8537109500;0.000 %;DUT 3TH
8537109800;2.100 %;DUT 3TH
8537109810;2.100 %;DUT 3TH
8537109840;2.100 %;DUT 3TH
8537109848;2.100 %;DUT 3TH
8537109898;2.100 %;DUT 3TH
8537109899;2.100 %;DUT 3TH
8537209100;2.100 %;DUT 3TH
8537209190;2.100 %;DUT 3TH
8537209900;2.100 %;DUT 3TH
8537209990;2.100 %;DUT 3TH
8538100000;0.000 %;DUT 3TH
8538100090;0.000 %;DUT 3TH
8538100090;0.600 %;DUT 3TH
8538100090;1.100 %;DUT 3TH
8538901100;0.000 %;DUT 3TH
8538901900;0.000 %;DUT 3TH
8538909110;3.200 %;DUT 3TH
8538909189;3.200 %;DUT 3TH
8538909900;1.700 %;DUT 3TH
8538909910;1.700 %;DUT 3TH
8538909999;1.700 %;DUT 3TH
8539100090;2.700 %;DUT 3TH
8539213000;2.700 %;DUT 3TH
8539219290;2.700 %;DUT 3TH
8539219890;2.700 %;DUT 3TH
8539229090;2.700 %;DUT 3TH
8539293000;2.700 %;DUT 3TH
8539299290;2.700 %;DUT 3TH
8539299890;2.700 %;DUT 3TH
8539319090;2.700 %;DUT 3TH
8539322000;2.700 %;DUT 3TH
8539329090;2.700 %;DUT 3TH
8539392000;0.000 %;DUT 3TH
8539398090;2.700 %;DUT 3TH
8539410000;2.700 %;DUT 3TH
8539490000;2.700 %;DUT 3TH
8539500000;3.700 %;DUT 3TH
8539510000;2.700 %;DUT 3TH
8539520000;3.700 %;DUT 3TH
8539901000;2.700 %;DUT 3TH
8539909000;2.700 %;DUT 3TH
8540600080;2.600 %;DUT 3TH
8540710000;2.700 %;DUT 3TH
8540710090;2.700 %;DUT 3TH
8540990090;2.700 %;DUT 3TH
8541100000;0.000 %;DUT 3TH
8541210000;0.000 %;DUT 3TH
8541290000;0.000 %;DUT 3TH
8541300000;0.000 %;DUT 3TH
8541401000;0.000 %;DUT 3TH
8541409000;0.000 %;DUT 3TH
8541409033;0.000 %;DUT 3TH
8541409041;0.000 %;DUT 3TH
8541409049;0.000 %;DUT 3TH
8541409051;0.000 %;DUT 3TH
8541409069;0.000 %;DUT 3TH
8541409090;0.000 %;DUT 3TH
8541410000;0.000 %;DUT 3TH
8541430000;0.000 %;DUT 3TH
8541490000;0.000 %;DUT 3TH
8541500000;0.000 %;DUT 3TH
8541600000;0.000 %;DUT 3TH
8541900000;0.000 %;DUT 3TH
8542311100;0.000 %;DUT 3TH
8542311900;0.000 %;DUT 3TH
8542319000;0.000 %;DUT 3TH
8542326100;0.000 %;DUT 3TH
8542331000;0.000 %;DUT 3TH
8542339000;0.000 %;DUT 3TH
8542391900;0.000 %;DUT 3TH
8542399000;0.000 %;DUT 3TH
8542900000;0.000 %;DUT 3TH
8543100000;4.000 %;DUT 3TH
8543200000;0.000 %;DUT 3TH
8543200000;0.900 %;DUT 3TH
8543200000;1.900 %;DUT 3TH
8543304000;0.000 %;DUT 3TH
8543307000;3.700 %;DUT 3TH
8543700490;0.000 %;DUT 3TH
8543700490;0.900 %;DUT 3TH
8543700500;0.000 %;DUT 3TH
8543700600;0.000 %;DUT 3TH
8543700900;0.000 %;DUT 3TH
8543701000;0.000 %;DUT 3TH
8543703000;3.700 %;DUT 3TH
8543705000;3.700 %;DUT 3TH
8543707000;3.700 %;DUT 3TH
8543709030;3.700 %;DUT 3TH
8543709034;3.700 %;DUT 3TH
8543709055;3.700 %;DUT 3TH
8543709099;3.700 %;DUT 3TH
8543709099;3.700 %;DUT 3TH
8543709099;3.700 %;DUT 3TH
8543900000;0.000 %;DUT 3TH
8543900090;0.000 %;DUT 3TH
8543909000;0.000 %;DUT 3TH
8544111000;3.700 %;DUT 3TH
8544119000;3.700 %;DUT 3TH
8544190000;3.700 %;DUT 3TH
8544200000;3.700 %;DUT 3TH
8544200010;3.700 %;DUT 3TH
8544200090;3.700 %;DUT 3TH
8544200090;3.700 %;DUT 3TH
8544200090;3.700 %;DUT 3TH
8544300085;3.700 %;DUT 3TH
8544300089;3.700 %;DUT 3TH
8544421000;0.000 %;DUT 3TH
8544429000;3.300 %;DUT 3TH
8544429090;3.300 %;DUT 3TH
8544492000;0.000 %;DUT 3TH
8544499100;3.700 %;DUT 3TH
8544499110;3.700 %;DUT 3TH
8544499190;3.700 %;DUT 3TH
8544499320;3.700 %;DUT 3TH
8544499390;3.700 %;DUT 3TH
8544499500;3.700 %;DUT 3TH
8544499500;3.700 %;DUT 3TH
8544499590;3.700 %;DUT 3TH
8544499900;3.700 %;DUT 3TH
8544499900;3.700 %;DUT 3TH
8544601000;3.700 %;DUT 3TH
8544601090;3.700 %;DUT 3TH
8544609000;3.700 %;DUT 3TH
8544700000;0.000 %;DUT 3TH
8544700010;0.000 %;DUT 3TH
8544700090;0.000 %;DUT 3TH
8544700099;0.000 %;DUT 3TH
8545110010;2.700 %;DUT 3TH
8545110090;2.700 %;DUT 3TH
8545190000;2.700 %;DUT 3TH
8545200000;2.700 %;DUT 3TH
8546100000;3.700 %;DUT 3TH
8546200000;4.700 %;DUT 3TH
8546901000;3.700 %;DUT 3TH
8546909000;3.700 %;DUT 3TH
8547200000;3.700 %;DUT 3TH
8547200090;3.700 %;DUT 3TH
8547200090;3.700 %;DUT 3TH
8547200090;3.700 %;DUT 3TH
8547200090;3.700 %;DUT 3TH
8547200090;3.700 %;DUT 3TH
8547900000;3.700 %;DUT 3TH
8548009000;2.700 %;DUT 3TH
8548009099;2.700 %;DUT 3TH
8548109900;0.000 %;DUT 3TH
8548903000;0.000 %;DUT 3TH
8548909060;2.700 %;DUT 3TH
8548909065;2.700 %;DUT 3TH
8548909099;2.700 %;DUT 3TH
8549199000;0.000 %;DUT 3TH
8549210000;0.000 %;DUT 3TH
8549290000;0.000 %;DUT 3TH
8549990000;0.000 %;DUT 3TH
8602900000;1.700 %;DUT 3TH
8603100000;1.700 %;DUT 3TH
8603900000;1.700 %;DUT 3TH
8607110000;1.700 %;DUT 3TH
8607191000;2.700 %;DUT 3TH
8607199000;1.700 %;DUT 3TH
8607211000;1.700 %;DUT 3TH
8607219000;1.700 %;DUT 3TH
8607290000;1.700 %;DUT 3TH
8607300000;1.700 %;DUT 3TH
8607911000;3.700 %;DUT 3TH
8607919000;1.700 %;DUT 3TH
8607991000;3.700 %;DUT 3TH
8607998000;1.700 %;DUT 3TH
8608000000;1.700 %;DUT 3TH
8609001000;0.000 %;DUT 3TH
8609009000;0.000 %;DUT 3TH
8701100000;3.000 %;DUT 3TH
8701201000;16.000 %;DUT 3TH
8701209000;16.000 %;DUT 3TH
8701211000;16.000 %;DUT 3TH
8701219000;16.000 %;DUT 3TH
8701290000;16.000 %;DUT 3TH
8701911000;0.000 %;DUT 3TH
8701911000;0.000 %;DUT 3TH
8701919000;7.000 %;DUT 3TH
8701919000;7.000 %;DUT 3TH
8701921000;0.000 %;DUT 3TH
8701921000;0.000 %;DUT 3TH
8701929000;7.000 %;DUT 3TH
8701931000;0.000 %;DUT 3TH
8701939000;7.000 %;DUT 3TH
8701941000;0.000 %;DUT 3TH
8701949000;7.000 %;DUT 3TH
8701951000;0.000 %;DUT 3TH
8701959000;7.000 %;DUT 3TH
8701959000;7.000 %;DUT 3TH
8702101100;16.000 %;DUT 3TH
8702101900;16.000 %;DUT 3TH
8702109100;10.000 %;DUT 3TH
8702109900;10.000 %;DUT 3TH
8702201000;16.000 %;DUT 3TH
8702209000;10.000 %;DUT 3TH
8702309000;10.000 %;DUT 3TH
8702400000;10.000 %;DUT 3TH
8702909000;10.000 %;DUT 3TH
8703101100;5.000 %;DUT 3TH
8703101800;10.000 %;DUT 3TH
8703211000;10.000 %;DUT 3TH
8703219000;10.000 %;DUT 3TH
8703221000;10.000 %;DUT 3TH
8703221000;10.000 %;DUT 3TH
8703229000;10.000 %;DUT 3TH
8703231100;10.000 %;DUT 3TH
8703231900;10.000 %;DUT 3TH
8703239000;10.000 %;DUT 3TH
8703241000;10.000 %;DUT 3TH
8703249000;10.000 %;DUT 3TH
8703311000;10.000 %;DUT 3TH
8703319000;10.000 %;DUT 3TH
8703321100;10.000 %;DUT 3TH
8703321900;10.000 %;DUT 3TH
8703329000;10.000 %;DUT 3TH
8703339000;10.000 %;DUT 3TH
8703401000;10.000 %;DUT 3TH
8703401010;10.000 %;DUT 3TH
8703401090;10.000 %;DUT 3TH
8703409000;10.000 %;DUT 3TH
8703409090;10.000 %;DUT 3TH
8703500000;10.000 %;DUT 3TH
8703601000;10.000 %;DUT 3TH
8703609000;10.000 %;DUT 3TH
8703609090;10.000 %;DUT 3TH
8703801000;10.000 %;DUT 3TH
8703809000;10.000 %;DUT 3TH
8703900000;10.000 %;DUT 3TH
8704101000;0.000 %;DUT 3TH
8704219100;10.000 %;DUT 3TH
8704219900;10.000 %;DUT 3TH
8704221000;3.500 %;DUT 3TH
8704229100;22.000 %;DUT 3TH
8704229900;22.000 %;DUT 3TH
8704231000;3.500 %;DUT 3TH
8704239100;22.000 %;DUT 3TH
8704239900;22.000 %;DUT 3TH
8704313900;22.000 %;DUT 3TH
8704319100;10.000 %;DUT 3TH
8704321000;3.500 %;DUT 3TH
8704329900;22.000 %;DUT 3TH
8704900000;10.000 %;DUT 3TH
8705100000;3.700 %;DUT 3TH
8705300000;3.700 %;DUT 3TH
8705903000;3.700 %;DUT 3TH
8705908000;3.700 %;DUT 3TH
8706001100;19.000 %;DUT 3TH
8706009900;10.000 %;DUT 3TH
8707101000;4.500 %;DUT 3TH
8707109000;4.500 %;DUT 3TH
8707909000;4.500 %;DUT 3TH
8708101000;3.000 %;DUT 3TH
8708109000;4.500 %;DUT 3TH
8708109090;4.500 %;DUT 3TH
8708219000;4.500 %;DUT 3TH
8708219090;4.500 %;DUT 3TH
8708221000;3.000 %;DUT 3TH
8708229000;4.500 %;DUT 3TH
8708291000;3.000 %;DUT 3TH
8708291099;3.000 %;DUT 3TH
8708299000;4.500 %;DUT 3TH
8708299010;4.500 %;DUT 3TH
8708299090;4.500 %;DUT 3TH
8708299090;4.500 %;DUT 3TH
8708299090;4.500 %;DUT 3TH
8708299099;4.500 %;DUT 3TH
8708309110;4.500 %;DUT 3TH
8708309190;4.500 %;DUT 3TH
8708309900;4.500 %;DUT 3TH
8708309910;4.500 %;DUT 3TH
8708309990;4.500 %;DUT 3TH
8708402090;3.000 %;DUT 3TH
8708405010;4.500 %;DUT 3TH
8708405040;4.500 %;DUT 3TH
8708405090;4.500 %;DUT 3TH
8708409100;4.500 %;DUT 3TH
8708409900;3.500 %;DUT 3TH
8708409900;3.500 %;DUT 3TH
8708502000;3.000 %;DUT 3TH
8708503500;4.500 %;DUT 3TH
8708505500;4.500 %;DUT 3TH
8708505550;4.500 %;DUT 3TH
8708505590;4.500 %;DUT 3TH
8708509190;4.500 %;DUT 3TH
8708509900;3.500 %;DUT 3TH
8708509950;3.500 %;DUT 3TH
8708509990;3.500 %;DUT 3TH
8708705050;4.500 %;DUT 3TH
8708705080;4.500 %;DUT 3TH
8708705085;4.500 %;DUT 3TH
8708709190;3.000 %;DUT 3TH
8708709900;4.500 %;DUT 3TH
8708709900;4.500 %;DUT 3TH
8708709980;4.500 %;DUT 3TH
8708709985;4.500 %;DUT 3TH
8708709990;4.500 %;DUT 3TH
8708802010;3.000 %;DUT 3TH
8708802090;3.000 %;DUT 3TH
8708803500;4.500 %;DUT 3TH
8708803510;4.500 %;DUT 3TH
8708803590;4.500 %;DUT 3TH
8708803590;4.500 %;DUT 3TH
8708803590;4.500 %;DUT 3TH
8708803590;4.500 %;DUT 3TH
8708805500;3.500 %;DUT 3TH
8708809100;4.500 %;DUT 3TH
8708809120;4.500 %;DUT 3TH
8708809190;4.500 %;DUT 3TH
8708809900;3.500 %;DUT 3TH
8708809900;3.500 %;DUT 3TH
8708809910;3.500 %;DUT 3TH
8708809930;3.500 %;DUT 3TH
8708809990;3.500 %;DUT 3TH
8708899790;2.70%;DUT 3TH
8708912000;3.000 %;DUT 3TH
8708913500;4.500 %;DUT 3TH
8708913510;4.500 %;DUT 3TH
8708913590;4.500 %;DUT 3TH
8708919100;4.500 %;DUT 3TH
8708919900;3.500 %;DUT 3TH
8708919990;3.500 %;DUT 3TH
8708923500;4.500 %;DUT 3TH
8708929900;3.500 %;DUT 3TH
8708929900;3.500 %;DUT 3TH
8708929900;3.500 %;DUT 3TH
8708929990;3.500 %;DUT 3TH
8708939000;4.500 %;DUT 3TH
8708939090;4.500 %;DUT 3TH
8708942090;3.000 %;DUT 3TH
8708943500;4.500 %;DUT 3TH
8708943590;4.500 %;DUT 3TH
8708943590;4.500 %;DUT 3TH
8708943590;4.500 %;DUT 3TH
8708943590;4.500 %;DUT 3TH
8708949100;4.500 %;DUT 3TH
8708949900;3.500 %;DUT 3TH
8708949900;3.500 %;DUT 3TH
8708949990;3.500 %;DUT 3TH
8708959100;4.500 %;DUT 3TH
8708959990;3.500 %;DUT 3TH
8708991000;3.000 %;DUT 3TH
8708991090;3.000 %;DUT 3TH
8708999300;4.500 %;DUT 3TH
8708999300;4.500 %;DUT 3TH
8708999390;4.500 %;DUT 3TH
8708999700;3.500 %;DUT 3TH
8708999750;3.500 %;DUT 3TH
8708999790;3.500 %;DUT 3TH
8708999790;3.500 %;DUT 3TH
8708999790;3.500 %;DUT 3TH
8708999790;3.500 %;DUT 3TH
8709111000;2.000 %;DUT 3TH
8709119000;4.000 %;DUT 3TH
8709199000;4.000 %;DUT 3TH
8709900000;3.500 %;DUT 3TH
8709900000;3.500 %;DUT 3TH
8710000000;1.700 %;DUT 3TH
8711100000;8.000 %;DUT 3TH
8711201000;8.000 %;DUT 3TH
8711209200;8.000 %;DUT 3TH
8711209800;8.000 %;DUT 3TH
8711301000;6.000 %;DUT 3TH
8711309000;6.000 %;DUT 3TH
8711400000;6.000 %;DUT 3TH
8711500000;6.000 %;DUT 3TH
8711601000;6.000 %;DUT 3TH
8711609000;6.000 %;DUT 3TH
8711609010;6.000 %;DUT 3TH
8711609090;6.000 %;DUT 3TH
8711900000;6.000 %;DUT 3TH
8711900000;6.000 %;DUT 3TH
8712003000;14.000 %;DUT 3TH
8712003010;14.000 %;DUT 3TH
8712003090;14.000 %;DUT 3TH
8712007000;15.000 %;DUT 3TH
8712007091;15.000 %;DUT 3TH
8712007099;15.000 %;DUT 3TH
8712007099;15.000 %;DUT 3TH
8713100000;0.000 %;DUT 3TH
8713900000;0.000 %;DUT 3TH
8714101000;3.700 %;DUT 3TH
8714102000;3.700 %;DUT 3TH
8714103000;3.700 %;DUT 3TH
8714104000;3.700 %;DUT 3TH
8714105000;3.700 %;DUT 3TH
8714109000;3.700 %;DUT 3TH
8714109010;3.700 %;DUT 3TH
8714109030;3.700 %;DUT 3TH
8714109090;3.700 %;DUT 3TH
8714109090;3.700 %;DUT 3TH
8714109090;3.700 %;DUT 3TH
8714200000;0.000 %;DUT 3TH
8714911021;4.700 %;DUT 3TH
8714911023;4.700 %;DUT 3TH
8714911029;4.700 %;DUT 3TH
8714911031;4.700 %;DUT 3TH
8714911033;4.700 %;DUT 3TH
8714911039;4.700 %;DUT 3TH
8714911039;4.700 %;DUT 3TH
8714911070;4.700 %;DUT 3TH
8714911089;4.700 %;DUT 3TH
8714913021;4.700 %;DUT 3TH
8714913025;4.700 %;DUT 3TH
8714913029;4.700 %;DUT 3TH
8714913031;4.700 %;DUT 3TH
8714913031;4.700 %;DUT 3TH
8714913031;4.700 %;DUT 3TH
8714913034;4.700 %;DUT 3TH
8714913035;4.700 %;DUT 3TH
8714913039;4.700 %;DUT 3TH
8714913039;4.700 %;DUT 3TH
8714913071;4.700 %;DUT 3TH
8714913071;4.700 %;DUT 3TH
8714913071;4.700 %;DUT 3TH
8714913072;4.700 %;DUT 3TH
8714913089;4.700 %;DUT 3TH
8714913089;4.700 %;DUT 3TH
8714919000;4.700 %;DUT 3TH
8714921000;4.700 %;DUT 3TH
8714929000;4.700 %;DUT 3TH
8714930019;4.700 %;DUT 3TH
8714930090;4.700 %;DUT 3TH
8714942000;4.700 %;DUT 3TH
8714942005;4.700 %;DUT 3TH
8714942091;4.700 %;DUT 3TH
8714942099;4.700 %;DUT 3TH
8714949011;4.700 %;DUT 3TH
8714949019;4.700 %;DUT 3TH
8714949090;4.700 %;DUT 3TH
8714950000;4.700 %;DUT 3TH
8714961010;4.700 %;DUT 3TH
8714961090;4.700 %;DUT 3TH
8714963000;4.700 %;DUT 3TH
8714963010;4.700 %;DUT 3TH
8714963090;4.700 %;DUT 3TH
8714969000;4.700 %;DUT 3TH
8714991010;4.700 %;DUT 3TH
8714991020;4.700 %;DUT 3TH
8714991029;4.700 %;DUT 3TH
8714991089;4.700 %;DUT 3TH
8714991090;4.700 %;DUT 3TH
8714991099;4.700 %;DUT 3TH
8714993000;4.700 %;DUT 3TH
8714993000;4.700 %;DUT 3TH
8714995090;4.700 %;DUT 3TH
8714995090;4.700 %;DUT 3TH
8714995091;4.700 %;DUT 3TH
8714995099;4.700 %;DUT 3TH
8714999000;4.700 %;DUT 3TH
8714999011;4.700 %;DUT 3TH
8714999019;4.700 %;DUT 3TH
8714999030;4.700 %;DUT 3TH
8714999040;4.700 %;DUT 3TH
8714999089;4.700 %;DUT 3TH
8714999089;4.700 %;DUT 3TH
8715001000;2.700 %;DUT 3TH
8715009000;2.700 %;DUT 3TH
8716109800;2.700 %;DUT 3TH
8716200000;2.700 %;DUT 3TH
8716310000;2.700 %;DUT 3TH
8716391000;2.700 %;DUT 3TH
8716393000;2.700 %;DUT 3TH
8716395000;2.700 %;DUT 3TH
8716398000;2.700 %;DUT 3TH
8716400000;2.700 %;DUT 3TH
8716800000;1.700 %;DUT 3TH
8716901000;1.700 %;DUT 3TH
8716903000;1.700 %;DUT 3TH
8716905000;1.700 %;DUT 3TH
8716909000;1.700 %;DUT 3TH
8716909010;1.700 %;DUT 3TH
8716909050;1.700 %;DUT 3TH
8716909085;1.700 %;DUT 3TH
8716909090;1.700 %;DUT 3TH
8716909090;1.700 %;DUT 3TH
8716909095;1.700 %;DUT 3TH
8716909096;1.700 %;DUT 3TH
8716909098;1.700 %;DUT 3TH
8801009090;2.700 %;DUT 3TH
8802110090;7.500 %;DUT 3TH
8802300090;2.700 %;DUT 3TH
8803200090;2.700 %;DUT 3TH
8803300099;2.700 %;DUT 3TH
8804000000;2.700 %;DUT 3TH
8805290000;0.000 %;DUT 3TH
8806211000;0.000 %;DUT 3TH
8807200010;0.000 %;DUT 3TH
8807300010;0.000 %;DUT 3TH
8807300040;2.700 %;DUT 3TH
8807300099;2.700 %;DUT 3TH
8807909090;2.700 %;DUT 3TH
8901109000;1.700 %;DUT 3TH
8901901000;0.000 %;DUT 3TH
8901909000;1.700 %;DUT 3TH
8903101000;2.700 %;DUT 3TH
8903109000;1.700 %;DUT 3TH
8903110000;2.700 %;DUT 3TH
8903120000;2.700 %;DUT 3TH
8903210000;1.700 %;DUT 3TH
8903310000;1.700 %;DUT 3TH
8903329000;1.700 %;DUT 3TH
8903919000;1.700 %;DUT 3TH
8903929100;1.700 %;DUT 3TH
8903939000;1.700 %;DUT 3TH
8903991000;2.700 %;DUT 3TH
8903999900;1.700 %;DUT 3TH
8905101000;0.000 %;DUT 3TH
8905109000;1.700 %;DUT 3TH
8905909000;1.700 %;DUT 3TH
8907100000;2.700 %;DUT 3TH
8907900000;2.700 %;DUT 3TH
9001101000;2.900 %;DUT 3TH
9001109010;2.900 %;DUT 3TH
9001109090;2.900 %;DUT 3TH
9001300000;2.900 %;DUT 3TH
9001402000;2.900 %;DUT 3TH
9001900000;0.000 %;DUT 3TH
9001900090;0.000 %;DUT 3TH
9001900090;1.000 %;DUT 3TH
9001900090;1.500 %;DUT 3TH
9002110020;6.700 %;DUT 3TH
9002110090;6.700 %;DUT 3TH
9002190000;0.000 %;DUT 3TH
9002200000;0.000 %;DUT 3TH
9002900000;0.000 %;DUT 3TH
9002900090;1.700 %;DUT 3TH
9002900090;2.500 %;DUT 3TH
9002900090;3.400 %;DUT 3TH
9003110000;2.200 %;DUT 3TH
9003110010;2.200 %;DUT 3TH
9003110090;2.200 %;DUT 3TH
9003110090;2.200 %;DUT 3TH
9003190020;2.200 %;DUT 3TH
9003190020;2.200 %;DUT 3TH
9003190040;2.200 %;DUT 3TH
9003190090;2.200 %;DUT 3TH
9003900020;2.200 %;DUT 3TH
9003900090;2.200 %;DUT 3TH
9004101000;2.900 %;DUT 3TH
9004109100;2.900 %;DUT 3TH
9004109100;2.900 %;DUT 3TH
9004109100;2.900 %;DUT 3TH
9004109900;2.900 %;DUT 3TH
9004901000;2.900 %;DUT 3TH
9004909000;2.900 %;DUT 3TH
9004909000;2.900 %;DUT 3TH
9005100000;4.200 %;DUT 3TH
9005800000;4.200 %;DUT 3TH
9006531000;4.200 %;DUT 3TH
9006590000;4.200 %;DUT 3TH
9006690000;3.200 %;DUT 3TH
9006910000;3.700 %;DUT 3TH
9006910000;3.700 %;DUT 3TH
9006910000;3.700 %;DUT 3TH
9006990000;3.200 %;DUT 3TH
9007100000;3.700 %;DUT 3TH
9007200000;3.700 %;DUT 3TH
9007200090;3.700 %;DUT 3TH
9007910000;3.700 %;DUT 3TH
9007920000;3.700 %;DUT 3TH
9008500000;3.700 %;DUT 3TH
9008900000;3.700 %;DUT 3TH
9010100000;2.700 %;DUT 3TH
9010600000;0.000 %;DUT 3TH
9010600000;0.700 %;DUT 3TH
9010600000;1.400 %;DUT 3TH
9010600000;2.000 %;DUT 3TH
9010600000;2.000 %;DUT 3TH
9010900080;2.700 %;DUT 3TH
9010900080;2.700 %;DUT 3TH
9010902000;0.000 %;DUT 3TH
9010908000;2.700 %;DUT 3TH
9011109000;1.700 %;DUT 3TH
9011209000;6.700 %;DUT 3TH
9011800000;0.000 %;DUT 3TH
9011800000;1.700 %;DUT 3TH
9011900000;0.000 %;DUT 3TH
9011901000;0.000 %;DUT 3TH
9011909000;5.000 %;DUT 3TH
9012100000;0.000 %;DUT 3TH
9012109000;0.000 %;DUT 3TH
9012109000;1.900 %;DUT 3TH
9012900000;0.000 %;DUT 3TH
9013101000;0.000 %;DUT 3TH
9013200000;0.000 %;DUT 3TH
9013800000;4.700 %;DUT 3TH
9013809000;4.700 %;DUT 3TH
9013809090;4.700 %;DUT 3TH
9013900500;4.700 %;DUT 3TH
9013901000;0.000 %;DUT 3TH
9013908000;0.000 %;DUT 3TH
9014100090;0.000 %;DUT 3TH
9014100090;0.700 %;DUT 3TH
9014208000;0.000 %;DUT 3TH
9014800000;0.000 %;DUT 3TH
9014900000;0.000 %;DUT 3TH
9015100000;0.000 %;DUT 3TH
9015109090;0.000 %;DUT 3TH
9015200000;0.000 %;DUT 3TH
9015201000;0.000 %;DUT 3TH
9015301000;3.700 %;DUT 3TH
9015301000;3.700 %;DUT 3TH
9015309000;2.700 %;DUT 3TH
9015400000;0.000 %;DUT 3TH
9015802000;0.000 %;DUT 3TH
9015804000;0.000 %;DUT 3TH
9015808000;0.000 %;DUT 3TH
9015900000;0.000 %;DUT 3TH
9015900090;0.000 %;DUT 3TH
9015900090;0.000 %;DUT 3TH
9016001000;3.700 %;DUT 3TH
9016009000;3.700 %;DUT 3TH
9017101000;0.000 %;DUT 3TH
9017109000;2.700 %;DUT 3TH
9017201000;2.700 %;DUT 3TH
9017209000;2.700 %;DUT 3TH
9017300000;2.700 %;DUT 3TH
9017801000;2.700 %;DUT 3TH
9017809000;2.700 %;DUT 3TH
9017900000;2.700 %;DUT 3TH
9018110000;0.000 %;DUT 3TH
9018120000;0.000 %;DUT 3TH
9018140000;0.000 %;DUT 3TH
9018191000;0.000 %;DUT 3TH
9018199000;0.000 %;DUT 3TH
9018200000;0.000 %;DUT 3TH
9018311000;0.000 %;DUT 3TH
9018319000;0.000 %;DUT 3TH
9018321000;0.000 %;DUT 3TH
9018329000;0.000 %;DUT 3TH
9018390000;0.000 %;DUT 3TH
9018491000;0.000 %;DUT 3TH
9018499000;0.000 %;DUT 3TH
9018501000;0.000 %;DUT 3TH
9018509000;0.000 %;DUT 3TH
9018901000;0.000 %;DUT 3TH
9018902000;0.000 %;DUT 3TH
9018903000;0.000 %;DUT 3TH
9018904000;0.000 %;DUT 3TH
9018905000;0.000 %;DUT 3TH
9018906000;0.000 %;DUT 3TH
9018907500;0.000 %;DUT 3TH
9018908400;0.000 %;DUT 3TH
9019101000;0.000 %;DUT 3TH
9019101000;0.000 %;DUT 3TH
9019109000;0.000 %;DUT 3TH
9019109000;0.000 %;DUT 3TH
9019200000;0.000 %;DUT 3TH
9019201000;0.000 %;DUT 3TH
9019202000;0.000 %;DUT 3TH
9019209000;0.000 %;DUT 3TH
9020000080;1.700 %;DUT 3TH
9020001010;0.000 %;DUT 3TH
9020009091;0.000 %;DUT 3TH
9020009099;1.700 %;DUT 3TH
9021101000;0.000 %;DUT 3TH
9021109000;0.000 %;DUT 3TH
9021211000;0.000 %;DUT 3TH
9021310000;0.000 %;DUT 3TH
9021399000;0.000 %;DUT 3TH
9021500000;0.000 %;DUT 3TH
9021901000;0.000 %;DUT 3TH
9021909000;0.000 %;DUT 3TH
9022120000;0.000 %;DUT 3TH
9022130000;0.000 %;DUT 3TH
9022140000;0.000 %;DUT 3TH
9022190000;0.000 %;DUT 3TH
9022210000;0.000 %;DUT 3TH
9022300000;0.000 %;DUT 3TH
9022902000;0.000 %;DUT 3TH
9022908000;2.100 %;DUT 3TH
9022908000;2.100 %;DUT 3TH
9023001000;0.000 %;DUT 3TH
9023008000;0.000 %;DUT 3TH
9024104000;0.000 %;DUT 3TH
9024108000;0.000 %;DUT 3TH
9024800000;0.000 %;DUT 3TH
9024801100;0.000 %;DUT 3TH
9024809000;0.000 %;DUT 3TH
9024809000;0.500 %;DUT 3TH
9024809000;1.100 %;DUT 3TH
9024900000;0.000 %;DUT 3TH
9025118090;2.800 %;DUT 3TH
9025190000;0.000 %;DUT 3TH
9025190090;0.000 %;DUT 3TH
9025192000;0.000 %;DUT 3TH
9025192090;0.000 %;DUT 3TH
9025198090;0.000 %;DUT 3TH
9025198090;0.500 %;DUT 3TH
9025198090;1.100 %;DUT 3TH
9025802000;2.100 %;DUT 3TH
9025804030;3.200 %;DUT 3TH
9025804089;3.200 %;DUT 3TH
9025808090;2.100 %;DUT 3TH
9025900090;0.000 %;DUT 3TH
9025900090;0.800 %;DUT 3TH
9025900090;1.600 %;DUT 3TH
9026102100;0.000 %;DUT 3TH
9026102900;0.000 %;DUT 3TH
9026108100;0.000 %;DUT 3TH
9026108900;0.000 %;DUT 3TH
9026108900;0.000 %;DUT 3TH
9026202000;0.000 %;DUT 3TH
9026204000;0.000 %;DUT 3TH
9026208000;0.000 %;DUT 3TH
9026802000;0.000 %;DUT 3TH
9026808000;0.000 %;DUT 3TH
9026900000;0.000 %;DUT 3TH
9027101000;0.000 %;DUT 3TH
9027101000;1.300 %;DUT 3TH
9027109000;0.000 %;DUT 3TH
9027109090;1.300 %;DUT 3TH
9027200000;0.000 %;DUT 3TH
9027300000;0.000 %;DUT 3TH
9027500000;0.000 %;DUT 3TH
9027800500;0.000 %;DUT 3TH
9027801100;0.000 %;DUT 3TH
9027801700;0.000 %;DUT 3TH
9027802000;0.000 %;DUT 3TH
9027808000;0.000 %;DUT 3TH
9027809100;0.000 %;DUT 3TH
9027809900;0.000 %;DUT 3TH
9027810000;0.000 %;DUT 3TH
9027893000;0.000 %;DUT 3TH
9027899000;0.000 %;DUT 3TH
9027900000;0.000 %;DUT 3TH
9028100000;2.100 %;DUT 3TH
9028200000;2.100 %;DUT 3TH
9028200000;2.100 %;DUT 3TH
9028301100;0.700 %;DUT 3TH
9028301900;0.700 %;DUT 3TH
9028309000;0.000 %;DUT 3TH
9028309000;0.400 %;DUT 3TH
9028309000;0.700 %;DUT 3TH
9029100090;1.900 %;DUT 3TH
9029203190;2.600 %;DUT 3TH
9029203890;2.600 %;DUT 3TH
9029209000;2.600 %;DUT 3TH
9029900090;2.200 %;DUT 3TH
9030200000;0.000 %;DUT 3TH
9030310090;0.000 %;DUT 3TH
9030310090;1.100 %;DUT 3TH
9030310090;2.100 %;DUT 3TH
9030320000;0.000 %;DUT 3TH
9030332090;2.100 %;DUT 3TH
9030333090;0.000 %;DUT 3TH
9030333090;1.100 %;DUT 3TH
9030333090;2.100 %;DUT 3TH
9030333090;3.200 %;DUT 3TH
9030337000;0.000 %;DUT 3TH
9030338090;0.000 %;DUT 3TH
9030338090;0.500 %;DUT 3TH
9030338090;1.100 %;DUT 3TH
9030338090;1.600 %;DUT 3TH
9030338090;1.600 %;DUT 3TH
9030390000;0.000 %;DUT 3TH
9030820000;0.000 %;DUT 3TH
9030840000;0.000 %;DUT 3TH
9030890000;0.000 %;DUT 3TH
9030893000;0.000 %;DUT 3TH
9030899090;0.000 %;DUT 3TH
9030900000;0.000 %;DUT 3TH
9030900000;0.000 %;DUT 3TH
9031100000;0.000 %;DUT 3TH
9031200000;2.800 %;DUT 3TH
9031491000;0.000 %;DUT 3TH
9031499000;0.000 %;DUT 3TH
9031802000;0.000 %;DUT 3TH
9031803200;0.000 %;DUT 3TH
9031808000;0.000 %;DUT 3TH
9031808000;0.000 %;DUT 3TH
9031809899;0.000 %;DUT 3TH
9031809899;0.000 %;DUT 3TH
9031900000;0.000 %;DUT 3TH
9032102090;2.800 %;DUT 3TH
9032108090;2.100 %;DUT 3TH
9032200090;0.000 %;DUT 3TH
9032200090;0.700 %;DUT 3TH
9032200090;1.400 %;DUT 3TH
9032810000;0.000 %;DUT 3TH
9032890090;2.800 %;DUT 3TH
9032900090;2.800 %;DUT 3TH
9033009000;3.700 %;DUT 3TH
9101110000;4.500 % MIN 0.300 EUR NAR MAX 0.800 EUR NAR;DUT 3TH
9101210000;4.500 % MIN 0.300 EUR NAR MAX 0.800 EUR NAR;DUT 3TH
9101910000;4.500 % MIN 0.300 EUR NAR MAX 0.800 EUR NAR;DUT 3TH
9101990000;4.500 % MIN 0.300 EUR NAR MAX 0.800 EUR NAR;DUT 3TH
9102110000;4.500 % MIN 0.300 EUR NAR MAX 0.800 EUR NAR;DUT 3TH
9102110000;4.500 % MIN 4.500 EUR NAR MAX 4.500 EUR NAR;DUT 3TH
9102120000;4.500 % MIN 0.300 EUR NAR MAX 0.800 EUR NAR;DUT 3TH
9102190000;4.500 % MIN 0.300 EUR NAR MAX 0.800 EUR NAR;DUT 3TH
9102210000;4.500 % MIN 0.300 EUR NAR MAX 0.800 EUR NAR;DUT 3TH
9102290000;4.500 % MIN 0.300 EUR NAR MAX 0.800 EUR NAR;DUT 3TH
9102910000;4.500 % MIN 0.300 EUR NAR MAX 0.800 EUR NAR;DUT 3TH
9102990000;4.500 % MIN 0.300 EUR NAR MAX 0.800 EUR NAR;DUT 3TH
9103100000;4.700 %;DUT 3TH
9103900000;4.700 %;DUT 3TH
9104000090;3.700 %;DUT 3TH
9105110000;4.700 %;DUT 3TH
9105190000;3.700 %;DUT 3TH
9105210000;4.700 %;DUT 3TH
9105290000;3.700 %;DUT 3TH
9105910000;4.700 %;DUT 3TH
9105990000;3.700 %;DUT 3TH
9106100000;4.700 %;DUT 3TH
9106900000;4.700 %;DUT 3TH
9107000090;4.700 %;DUT 3TH
9108110000;4.700 %;DUT 3TH
9108900000;5.000 % MIN 0.170 EUR NAR;DUT 3TH
9109100090;4.700 %;DUT 3TH
9109900090;4.700 %;DUT 3TH
9110900000;3.700 %;DUT 3TH
9111200000;0.500 EUR NAR MIN 2.700 % MAX 4.600 %;DUT 3TH
9113900000;6.000 %;DUT 3TH
9113900099;6.000 %;DUT 3TH
9114300090;2.700 %;DUT 3TH
9114900000;2.700 %;DUT 3TH
9114900090;2.700 %;DUT 3TH
9201101000;4.000 %;DUT 3TH
9201109000;4.000 %;DUT 3TH
9201200000;4.000 %;DUT 3TH
9201900000;4.000 %;DUT 3TH
9202101000;3.200 %;DUT 3TH
9202109000;3.200 %;DUT 3TH
9202903000;3.200 %;DUT 3TH
9202908000;3.200 %;DUT 3TH
9205100000;3.200 %;DUT 3TH
9205901000;3.700 %;DUT 3TH
9205903000;3.700 %;DUT 3TH
9205905000;3.200 %;DUT 3TH
9205909000;3.200 %;DUT 3TH
9206000000;3.200 %;DUT 3TH
9207101000;3.200 %;DUT 3TH
9207103000;3.200 %;DUT 3TH
9207105000;3.200 %;DUT 3TH
9207108000;3.200 %;DUT 3TH
9207909000;3.700 %;DUT 3TH
9208100000;2.700 %;DUT 3TH
9208900000;3.200 %;DUT 3TH
9209300000;2.700 %;DUT 3TH
9209910000;2.700 %;DUT 3TH
9209920000;2.700 %;DUT 3TH
9209940000;2.700 %;DUT 3TH
9209992000;2.700 %;DUT 3TH
9209997000;2.700 %;DUT 3TH
9301100000;0.000 %;DUT 3TH
9301200000;0.000 %;DUT 3TH
9301900000;0.000 %;DUT 3TH
9302000000;2.700 %;DUT 3TH
9303100000;3.200 %;DUT 3TH
9303900000;3.200 %;DUT 3TH
9304000000;3.200 %;DUT 3TH
9305200090;2.700 %;DUT 3TH
9305990000;2.700 %;DUT 3TH
9306290090;2.700 %;DUT 3TH
9306309000;2.700 %;DUT 3TH
9306909000;2.700 %;DUT 3TH
9307000000;1.700 %;DUT 3TH
9401100000;0.000 %;DUT 3TH
9401200000;3.700 %;DUT 3TH
9401300000;0.000 %;DUT 3TH
9401310000;0.000 %;DUT 3TH
9401390000;0.000 %;DUT 3TH
9401400000;0.000 %;DUT 3TH
9401410000;0.000 %;DUT 3TH
9401490000;0.000 %;DUT 3TH
9401520000;5.600 %;DUT 3TH
9401530000;5.600 %;DUT 3TH
9401590000;5.600 %;DUT 3TH
9401610000;0.000 %;DUT 3TH
9401610000;0.000 %;DUT 3TH
9401690000;0.000 %;DUT 3TH
9401690000;0.000 %;DUT 3TH
9401710000;0.000 %;DUT 3TH
9401710000;0.000 %;DUT 3TH
9401790000;0.000 %;DUT 3TH
9401800000;0.000 %;DUT 3TH
9401901010;1.700 %;DUT 3TH
9401901090;1.700 %;DUT 3TH
9401903000;2.700 %;DUT 3TH
9401908000;2.700 %;DUT 3TH
9401908090;2.700 %;DUT 3TH
9401908090;2.700 %;DUT 3TH
9401911090;1.700 %;DUT 3TH
9401919000;2.700 %;DUT 3TH
9401991090;1.700 %;DUT 3TH
9401992090;2.700 %;DUT 3TH
9401998000;2.700 %;DUT 3TH
9401999000;2.700 %;DUT 3TH
9401999090;2.700 %;DUT 3TH
9402100000;0.000 %;DUT 3TH
9402900000;0.000 %;DUT 3TH
9403105100;0.000 %;DUT 3TH
9403105800;0.000 %;DUT 3TH
9403109100;0.000 %;DUT 3TH
9403109300;0.000 %;DUT 3TH
9403109800;0.000 %;DUT 3TH
9403202000;0.000 %;DUT 3TH
9403202000;0.000 %;DUT 3TH
9403202000;0.000 %;DUT 3TH
9403208000;0.000 %;DUT 3TH
9403301100;0.000 %;DUT 3TH
9403301900;0.000 %;DUT 3TH
9403309100;0.000 %;DUT 3TH
9403309900;0.000 %;DUT 3TH
9403309900;0.000 %;DUT 3TH
9403401090;2.700 %;DUT 3TH
9403409000;2.700 %;DUT 3TH
9403409010;2.700 %;DUT 3TH
9403409090;2.700 %;DUT 3TH
9403409090;2.700 %;DUT 3TH
9403409090;2.700 %;DUT 3TH
9403409090;2.700 %;DUT 3TH
9403500000;0.000 %;DUT 3TH
9403500000;0.000 %;DUT 3TH
9403601000;0.000 %;DUT 3TH
9403603000;0.000 %;DUT 3TH
9403609000;0.000 %;DUT 3TH
9403609000;0.000 %;DUT 3TH
9403700000;0.000 %;DUT 3TH
9403820000;5.600 %;DUT 3TH
9403820090;5.600 %;DUT 3TH
9403830000;5.600 %;DUT 3TH
9403830010;5.600 %;DUT 3TH
9403830090;5.600 %;DUT 3TH
9403890000;5.600 %;DUT 3TH
9403890010;5.600 %;DUT 3TH
9403890090;5.600 %;DUT 3TH
9403890090;5.600 %;DUT 3TH
9403901010;2.700 %;DUT 3TH
9403901090;2.700 %;DUT 3TH
9403901090;2.700 %;DUT 3TH
9403903000;2.700 %;DUT 3TH
9403903010;2.700 %;DUT 3TH
9403903090;2.700 %;DUT 3TH
9403909090;2.700 %;DUT 3TH
9403909090;2.700 %;DUT 3TH
9403910000;2.700 %;DUT 3TH
9403910090;2.700 %;DUT 3TH
9403991000;2.700 %;DUT 3TH
9403991090;2.700 %;DUT 3TH
9403999000;2.700 %;DUT 3TH
9403999090;2.700 %;DUT 3TH
9404100000;3.700 %;DUT 3TH
9404211000;3.700 %;DUT 3TH
9404219000;3.700 %;DUT 3TH
9404291000;3.700 %;DUT 3TH
9404299000;3.700 %;DUT 3TH
9404299000;3.700 %;DUT 3TH
9404300000;3.700 %;DUT 3TH
9404401000;3.700 %;DUT 3TH
9404409000;3.700 %;DUT 3TH
9404901000;3.700 %;DUT 3TH
9404909000;3.700 %;DUT 3TH
9404909000;3.700 %;DUT 3TH
9404909000;3.700 %;DUT 3TH
9405102190;4.700 %;DUT 3TH
9405104090;4.700 %;DUT 3TH
9405105000;3.700 %;DUT 3TH
9405109110;2.700 %;DUT 3TH
9405109190;2.700 %;DUT 3TH
9405109820;2.700 %;DUT 3TH
9405109890;2.700 %;DUT 3TH
9405109890;2.700 %;DUT 3TH
9405114010;0.000 %;DUT 3TH
9405114090;4.700 %;DUT 3TH
9405115000;3.700 %;DUT 3TH
9405119090;2.700 %;DUT 3TH
9405194090;4.700 %;DUT 3TH
9405195000;3.700 %;DUT 3TH
9405199010;2.700 %;DUT 3TH
9405199090;2.700 %;DUT 3TH
9405201100;4.700 %;DUT 3TH
9405204000;4.700 %;DUT 3TH
9405205000;3.700 %;DUT 3TH
9405209100;2.700 %;DUT 3TH
9405209990;2.700 %;DUT 3TH
9405214000;4.700 %;DUT 3TH
9405215000;3.700 %;DUT 3TH
9405219000;2.700 %;DUT 3TH
9405219010;2.700 %;DUT 3TH
9405219090;2.700 %;DUT 3TH
9405294000;4.700 %;DUT 3TH
9405295000;3.700 %;DUT 3TH
9405299000;2.700 %;DUT 3TH
9405299010;2.700 %;DUT 3TH
9405299090;2.700 %;DUT 3TH
9405300000;3.700 %;DUT 3TH
9405300000;3.700 %;DUT 3TH
9405300000;3.700 %;DUT 3TH
9405310000;3.700 %;DUT 3TH
9405390000;3.700 %;DUT 3TH
9405401000;3.700 %;DUT 3TH
9405403100;4.700 %;DUT 3TH
9405403500;4.700 %;DUT 3TH
9405403990;4.700 %;DUT 3TH
9405403990;4.700 %;DUT 3TH
9405403990;4.700 %;DUT 3TH
9405409100;2.700 %;DUT 3TH
9405409500;2.700 %;DUT 3TH
9405409910;2.700 %;DUT 3TH
9405409990;2.700 %;DUT 3TH
9405409990;2.700 %;DUT 3TH
9405411000;3.700 %;DUT 3TH
9405413100;4.700 %;DUT 3TH
9405413900;2.700 %;DUT 3TH
9405413910;2.700 %;DUT 3TH
9405413990;2.700 %;DUT 3TH
9405421000;3.700 %;DUT 3TH
9405423100;4.700 %;DUT 3TH
9405423190;4.700 %;DUT 3TH
9405423900;2.700 %;DUT 3TH
9405423990;2.700 %;DUT 3TH
9405491000;3.700 %;DUT 3TH
9405494000;4.700 %;DUT 3TH
9405499000;2.700 %;DUT 3TH
9405499090;2.700 %;DUT 3TH
9405500000;2.700 %;DUT 3TH
9405500010;2.700 %;DUT 3TH
9405500090;2.700 %;DUT 3TH
9405602090;4.700 %;DUT 3TH
9405608090;2.700 %;DUT 3TH
9405612090;4.700 %;DUT 3TH
9405618090;2.700 %;DUT 3TH
9405692090;4.700 %;DUT 3TH
9405698090;2.700 %;DUT 3TH
9405911000;5.700 %;DUT 3TH
9405919000;3.700 %;DUT 3TH
9405920090;4.700 %;DUT 3TH
9405990090;2.700 %;DUT 3TH
9405990090;2.700 %;DUT 3TH
9406008000;2.700 %;DUT 3TH
9406100000;2.700 %;DUT 3TH
9406200000;2.700 %;DUT 3TH
9406901000;2.700 %;DUT 3TH
9406903100;2.700 %;DUT 3TH
9406903800;2.700 %;DUT 3TH
9406909000;2.700 %;DUT 3TH
9406909000;2.700 %;DUT 3TH
9503001000;0.000 %;DUT 3TH
9503002110;4.700 %;DUT 3TH
9503002190;4.700 %;DUT 3TH
9503002190;4.700 %;DUT 3TH
9503002900;0.000 %;DUT 3TH
9503003000;0.000 %;DUT 3TH
9503003500;4.700 %;DUT 3TH
9503003900;0.000 %;DUT 3TH
9503003910;0.000 %;DUT 3TH
9503003990;0.000 %;DUT 3TH
9503004100;4.700 %;DUT 3TH
9503004900;0.000 %;DUT 3TH
9503004990;0.000 %;DUT 3TH
9503004990;0.000 %;DUT 3TH
9503004990;0.000 %;DUT 3TH
9503005500;0.000 %;DUT 3TH
9503005510;0.000 %;DUT 3TH
9503005590;0.000 %;DUT 3TH
9503005590;0.000 %;DUT 3TH
9503006110;0.000 %;DUT 3TH
9503006190;0.000 %;DUT 3TH
9503006900;4.700 %;DUT 3TH
9503007000;4.700 %;DUT 3TH
9503007000;4.700 %;DUT 3TH
9503007590;4.700 %;DUT 3TH
9503007900;0.000 %;DUT 3TH
9503008190;0.000 %;DUT 3TH
9503008190;0.000 %;DUT 3TH
9503008500;4.700 %;DUT 3TH
9503008700;0.000 %;DUT 3TH
9503009500;4.700 %;DUT 3TH
9503009510;4.700 %;DUT 3TH
9503009590;4.700 %;DUT 3TH
9503009590;4.700 %;DUT 3TH
9503009590;4.700 %;DUT 3TH
9503009900;0.000 %;DUT 3TH
9503009910;0.000 %;DUT 3TH
9503009990;0.000 %;DUT 3TH
9503009990;0.000 %;DUT 3TH
9504200000;0.000 %;DUT 3TH
9504301000;0.000 %;DUT 3TH
9504302000;0.000 %;DUT 3TH
9504309000;0.000 %;DUT 3TH
9504400000;2.700 %;DUT 3TH
9504500000;0.000 %;DUT 3TH
9504901000;0.000 %;DUT 3TH
9504908000;0.000 %;DUT 3TH
9504908000;0.000 %;DUT 3TH
9505101000;0.000 %;DUT 3TH
9505109000;2.700 %;DUT 3TH
9505109000;2.700 %;DUT 3TH
9505900000;2.700 %;DUT 3TH
9505900000;2.700 %;DUT 3TH
9505900000;2.700 %;DUT 3TH
9506111000;3.700 %;DUT 3TH
9506112100;3.700 %;DUT 3TH
9506112900;3.700 %;DUT 3TH
9506112900;3.700 %;DUT 3TH
9506118000;3.700 %;DUT 3TH
9506190000;2.700 %;DUT 3TH
9506290000;2.700 %;DUT 3TH
9506310000;2.700 %;DUT 3TH
9506320000;2.700 %;DUT 3TH
9506320000;2.700 %;DUT 3TH
9506399000;2.700 %;DUT 3TH
9506400000;2.700 %;DUT 3TH
9506510000;4.700 %;DUT 3TH
9506590000;2.700 %;DUT 3TH
9506610000;2.700 %;DUT 3TH
9506620000;2.700 %;DUT 3TH
9506691000;0.000 %;DUT 3TH
9506699000;2.700 %;DUT 3TH
9506703000;2.700 %;DUT 3TH
9506709000;2.700 %;DUT 3TH
9506911000;2.700 %;DUT 3TH
9506919000;2.700 %;DUT 3TH
9506919000;2.700 %;DUT 3TH
9506991000;0.000 %;DUT 3TH
9506999000;2.700 %;DUT 3TH
9506999000;2.700 %;DUT 3TH
9507100000;3.700 %;DUT 3TH
9507201000;1.700 %;DUT 3TH
9507209000;3.700 %;DUT 3TH
9507300000;3.700 %;DUT 3TH
9507900000;3.700 %;DUT 3TH
9508100000;1.700 %;DUT 3TH
9508210000;1.700 %;DUT 3TH
9508220000;1.700 %;DUT 3TH
9508260000;1.700 %;DUT 3TH
9508290000;1.700 %;DUT 3TH
9508400000;1.700 %;DUT 3TH
9508900090;1.700 %;DUT 3TH
9601100090;2.700 %;DUT 3TH
9601900000;0.000 %;DUT 3TH
9602000010;2.200 %;DUT 3TH
9602000090;2.200 %;DUT 3TH
9603100000;3.700 %;DUT 3TH
9603210000;3.700 %;DUT 3TH
9603293000;3.700 %;DUT 3TH
9603298000;3.700 %;DUT 3TH
9603298000;3.700 %;DUT 3TH
9603301000;3.700 %;DUT 3TH
9603309000;3.700 %;DUT 3TH
9603401000;3.700 %;DUT 3TH
9603409000;3.700 %;DUT 3TH
9603500000;2.700 %;DUT 3TH
9603901000;2.700 %;DUT 3TH
9603909100;3.700 %;DUT 3TH
9603909900;3.700 %;DUT 3TH
9604000000;3.700 %;DUT 3TH
9605000000;3.700 %;DUT 3TH
9606100000;3.700 %;DUT 3TH
9606210000;3.700 %;DUT 3TH
9606220000;3.700 %;DUT 3TH
9606290000;3.700 %;DUT 3TH
9606300000;2.700 %;DUT 3TH
9606300000;2.700 %;DUT 3TH
9606300000;2.700 %;DUT 3TH
9607110000;6.700 %;DUT 3TH
9607190000;7.700 %;DUT 3TH
9607201000;6.700 %;DUT 3TH
9607201010;6.700 %;DUT 3TH
9607201090;6.700 %;DUT 3TH
9607209000;7.700 %;DUT 3TH
9607209010;7.700 %;DUT 3TH
9607209090;7.700 %;DUT 3TH
9608101000;3.700 %;DUT 3TH
9608109200;3.700 %;DUT 3TH
9608109900;3.700 %;DUT 3TH
9608200000;3.700 %;DUT 3TH
9608300000;3.700 %;DUT 3TH
9608400000;3.700 %;DUT 3TH
9608500000;3.700 %;DUT 3TH
9608600000;2.700 %;DUT 3TH
9608910090;2.700 %;DUT 3TH
9608990000;2.700 %;DUT 3TH
9609101000;2.700 %;DUT 3TH
9609109000;2.700 %;DUT 3TH
9609200000;2.700 %;DUT 3TH
9609901000;2.700 %;DUT 3TH
9609909000;1.700 %;DUT 3TH
9610000000;2.700 %;DUT 3TH
9611000000;2.700 %;DUT 3TH
9612101000;2.700 %;DUT 3TH
9612101090;2.700 %;DUT 3TH
9612102000;0.000 %;DUT 3TH
9612108000;2.700 %;DUT 3TH
9612200000;2.700 %;DUT 3TH
9613200000;2.700 %;DUT 3TH
9613800000;2.700 %;DUT 3TH
9613900000;2.700 %;DUT 3TH
9614001000;0.000 %;DUT 3TH
9614009000;2.700 %;DUT 3TH
9615110000;2.700 %;DUT 3TH
9615190000;2.700 %;DUT 3TH
9615900000;2.700 %;DUT 3TH
9616101000;2.700 %;DUT 3TH
9616109000;2.700 %;DUT 3TH
9616200000;2.700 %;DUT 3TH
9617000000;6.700 %;DUT 3TH
9618000000;1.700 %;DUT 3TH
9619003000;3.800 %;DUT 3TH
9619004000;6.300 %;DUT 3TH
9619005090;10.500 %;DUT 3TH
9619007100;0.000 %;DUT 3TH
9619007900;0.000 %;DUT 3TH
9619008100;0.000 %;DUT 3TH
9619008900;0.000 %;DUT 3TH
9619008900;0.000 %;DUT 3TH
9619008990;0.000 %;DUT 3TH
9620001000;3.700 %;DUT 3TH
9620009190;6.000 %;DUT 3TH
9620009900;0.000 %;DUT 3TH
9701100000;0.000 %;DUT 3TH
9701210000;0.000 %;DUT 3TH
9701290000;0.000 %;DUT 3TH
9701900000;0.000 %;DUT 3TH
9701910000;0.000 %;DUT 3TH
9701920000;0.000 %;DUT 3TH
9701990000;0.000 %;DUT 3TH
9702000010;0.000 %;DUT 3TH
9702000090;0.000 %;DUT 3TH
9702900000;0.000 %;DUT 3TH
9703000000;0.000 %;DUT 3TH
9703000000;0.000 %;DUT 3TH
9703100000;0.000 %;DUT 3TH
9703900000;0.000 %;DUT 3TH
9704000000;0.000 %;DUT 3TH
9705000010;0.000 %;DUT 3TH
9705000030;0.000 %;DUT 3TH
9705000090;0.000 %;DUT 3TH
9705100000;0.000 %;DUT 3TH
9705100030;0.000 %;DUT 3TH
9705100090;0.000 %;DUT 3TH
9705210000;0.000 %;DUT 3TH
9705210090;0.000 %;DUT 3TH
9705220010;0.000 %;DUT 3TH
9705290010;0.000 %;DUT 3TH
9705310000;0.000 %;DUT 3TH
9705390000;0.000 %;DUT 3TH
9706000000;0.000 %;DUT 3TH
9706100000;0.000 %;DUT 3TH
9706900000;0.000 %;DUT 3TH
9905000000;0.000 %;DUT 3TH
9919000000;0.000 %;DUT 3TH
